emp_name,entry_time,scheduled_time,gender,transport,weekday,month,is_holiday,location,lateness_min,lateness_label,lateness_noisy
신지후,09:56,09:00,M,버스,6,9,0,대전,50.0,1,33.87521885739555
이다온,10:08,09:00,M,지하철,3,11,0,인천,-17.0,0,-21.217730336197537
오하,08:48,09:00,F,버스,0,2,0,인천,34.0,1,24.386195154003065
황서윤,09:04,09:00,F,지하철,6,3,0,대구,19.0,1,17.786879137343263
송사,10:50,09:00,M,지하철,6,1,0,대전,-26.0,0,-16.210503710220753
최파,10:33,09:00,F,버스,1,6,0,서울,-18.0,0,-19.08587997332051
장민준,09:14,09:00,F,자차,2,6,0,부산,-15.0,0,-15.53751422665434
임하은,08:43,09:00,M,자차,0,1,1,대전,12.0,1,16.19615470394116
류현우,08:54,09:00,F,자차,5,8,0,대구,-15.0,0,-14.893467210947133
강예솔,09:36,09:00,M,자차,5,1,0,부산,24.0,1,22.925041149053303
권도윤,09:42,09:00,F,자차,0,10,0,대구,-16.0,0,-11.36677037927498
임지우,08:33,09:00,M,자차,4,9,0,부산,17.0,1,19.35943575255903
황서연,08:11,09:00,F,지하철,2,10,0,인천,46.0,1,47.44312880783227
한민수,09:29,09:00,F,자차,3,2,0,부산,-26.0,0,-26.693900762837327
황차,10:23,09:00,F,지하철,1,11,0,대구,31.0,1,29.269676476364683
윤채원,08:27,09:00,F,지하철,5,7,0,대전,-23.0,0,-18.414145573841687
홍바,09:13,09:00,F,지하철,2,11,0,서울,-2.0,0,-3.6823130993958646
안서연,08:29,09:00,F,자차,5,9,0,광주,-15.0,0,-8.843735603219935
권사,08:43,09:00,F,자차,1,8,0,서울,48.0,1,42.764268168553585
오차,09:50,09:00,M,도보,4,1,0,대구,-8.0,0,-0.8310802274711104
최민준,08:51,09:00,M,도보,2,9,0,광주,-4.0,0,-1.63979958455791
박주원,08:47,09:00,M,자차,6,6,0,대전,-25.0,0,-29.84267461526003
임민준,10:59,09:00,F,지하철,3,11,0,부산,-25.0,0,-22.455106827238467
류마,08:31,09:00,F,자차,5,9,1,서울,-28.0,0,-31.2515144915864
신지훈,08:34,09:00,M,자차,0,1,0,광주,-11.0,0,-10.832859728262623
안가,10:47,09:00,M,자차,4,11,0,대전,-12.0,0,-14.433135685726256
안다온,09:39,09:00,F,지하철,0,1,0,인천,-23.0,0,-23.664560820665393
강서윤,08:07,09:00,F,지하철,2,4,0,서울,28.0,1,32.70715396904934
한하린,09:16,09:00,F,도보,1,3,0,인천,-5.0,0,-2.4074417392665675
강나,09:41,09:00,M,지하철,0,12,0,대구,-1.0,0,-6.626826958845392
신유진,08:45,09:00,M,지하철,4,2,0,대구,-12.0,0,-17.340482208292194
이서윤,09:38,09:00,M,버스,1,11,0,서울,55.0,1,56.35387805132667
오하린,09:56,09:00,F,지하철,3,3,0,부산,-18.0,0,-16.284064365521118
안주원,08:45,09:00,F,지하철,5,8,0,대전,-13.0,0,-16.37222489693549
윤사,10:26,09:00,F,도보,1,2,1,서울,-6.0,0,1.9565774149101873
강바,09:21,09:00,M,자차,4,5,0,대전,45.0,1,49.06747468634798
김하은,10:53,09:00,M,도보,2,8,0,인천,-15.0,0,-18.12788182692397
송라,08:15,09:00,F,지하철,2,9,0,인천,-28.0,0,-31.611276579079963
임차,08:58,09:00,F,지하철,4,11,0,대전,-8.0,0,-9.139066068566235
한서윤,10:09,09:00,M,버스,4,10,0,부산,-12.0,0,-13.6592720553708
장지후,10:41,09:00,F,버스,4,7,0,대전,-9.0,0,-2.719212531341115
조서연,08:39,09:00,F,지하철,1,4,0,부산,2.0,1,6.922614864974434
박나,10:56,09:00,M,자차,4,4,0,대구,-8.0,0,-7.824652432493048
권유진,08:34,09:00,F,도보,1,12,0,대구,10.0,1,13.389527804446075
류아,09:14,09:00,F,버스,1,8,0,인천,-19.0,0,-14.885123868277255
한차,08:56,09:00,F,지하철,6,11,0,부산,-11.0,0,-10.708696358667328
최도윤,09:16,09:00,M,지하철,0,6,0,광주,55.0,1,57.01309339684545
권자,10:42,09:00,F,지하철,2,6,0,서울,-18.0,0,-15.02906222953859
전나,10:11,09:00,M,지하철,3,10,1,인천,0.0,0,2.43802861824442
윤하,10:23,09:00,F,버스,1,9,0,인천,6.0,1,2.105980857621044
한다온,08:45,09:00,M,버스,5,3,0,인천,-19.0,0,-22.38854878673031
안하,10:50,09:00,F,버스,3,7,0,인천,18.0,1,16.55702669156975
강시현,09:18,09:00,F,자차,5,3,0,광주,-3.0,0,-6.533321395234443
황예린,09:57,09:00,M,지하철,2,10,0,대전,-11.0,0,-18.365502863178264
임파,10:05,09:00,M,지하철,6,1,0,부산,-26.0,0,-22.620240195254794
권하은,09:59,09:00,M,지하철,5,10,0,대구,51.0,1,52.732040634345005
안자,09:48,09:00,F,지하철,2,12,0,인천,-10.0,0,-16.696832881462733
임타,09:26,09:00,F,버스,6,1,0,대구,-20.0,0,-21.204583558637683
한시현,09:56,09:00,F,자차,6,8,0,대전,-10.0,0,-10.921429086263137
조예솔,10:42,09:00,M,자차,4,1,1,인천,7.0,1,7.909722142549697
이예솔,09:10,09:00,M,자차,0,5,0,인천,-27.0,0,-32.40961224323829
황바,09:31,09:00,M,버스,4,5,0,부산,-28.0,0,-34.76997117997206
최사,08:32,09:00,F,지하철,4,7,0,대구,58.0,1,60.59862248016955
신다,09:03,09:00,F,버스,2,12,0,인천,-27.0,0,-34.669810061343114
최자,10:18,09:00,M,지하철,1,6,0,대구,-11.0,0,-12.163317465273316
조파,09:55,09:00,M,자차,3,5,0,광주,-9.0,0,-10.630385928791135
임주원,08:38,09:00,F,버스,5,2,0,서울,-18.0,0,-18.61642159113393
조민수,09:38,09:00,F,지하철,2,11,1,서울,-24.0,0,-22.73641189411074
장유진,10:26,09:00,M,지하철,3,4,0,대구,-15.0,0,-7.007146910942968
이현우,08:22,09:00,F,지하철,0,6,0,부산,-22.0,0,-29.997461002954502
권유진,08:11,09:00,M,도보,4,2,0,광주,-26.0,0,-21.617092086336253
최하린,09:10,09:00,M,지하철,6,4,0,대전,-22.0,0,-34.56078953065689
안예린,09:58,09:00,M,지하철,5,7,0,대구,-11.0,0,-4.031444255913408
오아,08:56,09:00,F,지하철,3,11,0,인천,-7.0,0,-17.214346702685784
강민수,10:27,09:00,F,자차,0,4,0,부산,-13.0,0,-0.8180268098260441
김지우,10:32,09:00,M,버스,3,7,0,인천,-17.0,0,-18.948839147385776
조아,09:35,09:00,F,자차,6,11,0,광주,-25.0,0,-18.548084696134826
신차,09:08,09:00,F,지하철,0,5,0,광주,20.0,1,25.42078011705432
강차,08:07,09:00,F,지하철,1,4,0,대전,-9.0,0,-11.182445456522043
홍서윤,10:27,09:00,F,자차,5,1,0,인천,-4.0,0,-5.798746090938006
서파,10:41,09:00,M,지하철,3,11,0,대구,-9.0,0,-13.18579481566138
정가,09:19,09:00,M,지하철,1,2,0,서울,-17.0,0,-13.063149167778555
오도윤,09:32,09:00,M,버스,0,3,0,광주,-6.0,0,-8.11734052109234
임민준,10:15,09:00,M,지하철,2,2,1,광주,47.0,1,42.90508235974633
정하,10:05,09:00,M,지하철,4,9,0,인천,-11.0,0,-8.313619940219239
신아,08:24,09:00,M,자차,5,5,0,대전,-7.0,0,-11.485882207028745
전하,10:01,09:00,F,버스,6,9,0,부산,-29.0,0,-30.644911458760014
오가,10:46,09:00,M,지하철,3,8,0,서울,16.0,1,16.53552932436097
전채원,10:15,09:00,M,지하철,2,1,0,인천,-15.0,0,-18.21214744630634
이시현,09:26,09:00,M,자차,6,4,0,서울,-21.0,0,-23.457743404599675
정지우,09:34,09:00,M,지하철,5,1,0,서울,59.0,1,66.67491600569728
임주원,08:46,09:00,F,지하철,1,1,0,광주,-15.0,0,-16.021176001425733
윤다온,09:58,09:00,F,자차,4,6,0,대구,0.0,0,-1.7981347989180618
류나,08:43,09:00,M,자차,5,4,0,인천,-7.0,0,-7.87562569034361
윤예린,09:01,09:00,F,도보,1,2,0,광주,-25.0,0,-22.727725057504664
홍하은,08:47,09:00,F,지하철,6,5,0,대구,-15.0,0,-20.169318413369318
이타,09:00,09:00,F,지하철,2,6,0,인천,31.0,1,33.136077002291934
황다,09:06,09:00,M,버스,3,12,1,인천,5.0,1,6.279100950296204
황지우,08:14,09:00,F,자차,3,8,0,인천,59.0,1,50.056723079629414
강마,10:09,09:00,F,지하철,4,5,0,광주,-21.0,0,-12.028721982956192
조채원,09:19,09:00,F,버스,6,6,1,대구,-22.0,0,-14.695932196183968
임지훈,10:50,09:00,M,지하철,2,2,0,인천,-16.0,0,-20.002814663724187
최라,08:32,09:00,F,자차,2,5,0,인천,-17.0,0,-22.612132688486415
김차,10:00,09:00,M,자차,5,7,0,서울,54.0,1,55.14025748512621
조아,08:32,09:00,M,버스,6,1,0,부산,41.0,1,33.87068356084356
안하린,09:38,09:00,F,도보,6,12,0,서울,-7.0,0,-0.17858523148872152
류타,09:28,09:00,F,도보,5,7,0,부산,12.0,1,9.657731321238035
이시현,09:20,09:00,M,지하철,4,10,0,대구,-7.0,0,1.109034641544083
임나,09:57,09:00,F,지하철,5,4,0,대전,-4.0,0,-8.122016851931335
이도윤,10:29,09:00,F,자차,6,11,0,대전,46.0,1,45.4389895721664
박사,08:57,09:00,F,지하철,0,5,0,광주,-8.0,0,-1.6639369671131705
조채원,10:32,09:00,M,지하철,4,12,0,인천,58.0,1,56.38380260180585
전파,08:33,09:00,M,지하철,0,7,0,부산,2.0,1,3.360458715878704
서아,08:52,09:00,F,도보,4,8,0,대구,-18.0,0,-12.536706221809935
송지훈,08:55,09:00,F,버스,2,3,0,광주,-27.0,0,-29.78023725417083
황바,10:51,09:00,F,자차,2,12,0,대전,-13.0,0,-19.308695452738455
최하린,08:21,09:00,F,지하철,6,3,0,대전,4.0,1,-3.293552981537891
황민준,09:11,09:00,F,지하철,4,1,0,대구,-18.0,0,-15.082836252810626
신서윤,09:16,09:00,F,자차,3,6,0,대구,10.0,1,11.943891934988093
신나,10:24,09:00,M,지하철,6,11,0,인천,-25.0,0,-19.691684134594546
강서윤,09:27,09:00,F,지하철,0,12,0,서울,-20.0,0,-21.37022359491295
윤아,10:54,09:00,M,지하철,4,11,0,서울,-7.0,0,-14.153686288002714
홍지우,10:13,09:00,F,자차,1,7,0,서울,-8.0,0,-19.76376153140788
조지후,10:06,09:00,M,지하철,1,12,0,광주,-19.0,0,-4.660187328241495
홍바,10:15,09:00,F,지하철,1,6,0,부산,-8.0,0,-5.365384907312485
전지우,08:29,09:00,M,지하철,3,6,0,광주,-7.0,0,-6.31604121958853
오하은,09:20,09:00,M,지하철,4,3,0,대구,-17.0,0,-15.606801198430919
전카,09:45,09:00,M,지하철,5,10,1,광주,-19.0,0,-26.156694741162184
전지훈,08:37,09:00,M,버스,3,4,0,서울,-7.0,0,-10.974359954815233
임자,08:21,09:00,F,지하철,6,3,0,부산,-1.0,0,7.71665063995621
정타,08:24,09:00,M,지하철,2,5,0,부산,-23.0,0,-19.708263570738907
홍다,10:22,09:00,F,자차,1,8,0,대구,-11.0,0,-14.81798828813968
서서연,09:58,09:00,F,자차,0,4,0,인천,-18.0,0,-24.134076640416197
서다,08:50,09:00,F,지하철,0,5,0,부산,-5.0,0,-7.578470544722832
오가,10:12,09:00,M,지하철,3,4,0,광주,-9.0,0,-10.577153236114391
정다,10:05,09:00,M,지하철,2,8,0,대전,-18.0,0,-7.754269820766483
임자,10:26,09:00,M,도보,5,9,0,서울,-3.0,0,-3.941336879829775
안도윤,10:43,09:00,M,지하철,0,9,0,서울,-9.0,0,-14.947758920665063
전아,10:38,09:00,M,지하철,1,2,0,대전,-21.0,0,-21.293011818050424
안지우,08:32,09:00,F,버스,6,5,0,인천,-23.0,0,-21.678307658109993
한다,10:18,09:00,M,지하철,0,8,0,대전,-10.0,0,-16.402732887936857
정라,09:10,09:00,M,지하철,2,3,0,광주,-3.0,0,-0.9891723277369282
홍지후,09:12,09:00,M,지하철,1,1,0,광주,0.0,0,6.04457976135785
김바,09:56,09:00,M,자차,3,4,0,서울,58.0,1,58.69335641625381
류지훈,09:48,09:00,M,자차,6,9,0,인천,-16.0,0,-19.985325759248397
박현우,09:15,09:00,M,자차,1,8,0,대구,53.0,1,50.35564781214925
권현우,10:59,09:00,F,자차,2,2,0,대전,-20.0,0,-28.29417988330931
안현서,08:31,09:00,F,지하철,3,9,0,서울,35.0,1,34.33082382948732
조민준,08:17,09:00,F,도보,5,3,0,서울,-17.0,0,-15.446100215850434
신예솔,08:05,09:00,F,자차,6,9,0,인천,-12.0,0,-16.48316292432739
황지훈,10:26,09:00,F,자차,0,7,0,대전,0.0,0,9.698500755138141
조지안,09:13,09:00,M,자차,3,2,0,대전,52.0,1,55.961397477255744
송유진,09:18,09:00,M,지하철,5,5,0,인천,-6.0,0,-14.963886694742211
권자,09:56,09:00,M,지하철,0,10,0,대구,-1.0,0,-9.861312792537788
이나,09:18,09:00,M,버스,5,6,0,부산,-13.0,0,-17.92011901351909
최지후,09:43,09:00,M,지하철,1,9,0,대전,-9.0,0,-1.1340729662036377
윤바,08:10,09:00,M,버스,3,9,0,부산,-2.0,0,2.4546085527618127
황마,08:28,09:00,M,지하철,6,1,0,서울,36.0,1,44.11856097779143
최차,10:47,09:00,F,지하철,4,12,0,인천,-18.0,0,-17.948953567186226
안하,09:21,09:00,F,도보,6,5,0,대구,-11.0,0,-12.04744663981139
송유진,08:30,09:00,F,자차,4,10,0,대구,-28.0,0,-34.23754743030312
임아,09:06,09:00,M,버스,1,6,0,대전,-12.0,0,-10.25158037541602
한다온,09:00,09:00,M,지하철,4,7,0,부산,-2.0,0,-2.9808408345851034
오지안,08:49,09:00,F,버스,4,5,0,대전,-21.0,0,-22.17336095240931
이예린,08:52,09:00,M,자차,2,11,0,부산,9.0,1,17.090254205264188
김하은,10:11,09:00,M,자차,0,2,1,부산,-21.0,0,-21.631728014322803
한지우,08:19,09:00,M,자차,4,11,0,서울,-27.0,0,-20.34509277976158
전자,08:55,09:00,M,버스,4,3,0,광주,48.0,1,40.05962669428693
신카,09:24,09:00,F,지하철,5,11,0,대전,22.0,1,35.44056116431461
한하,09:37,09:00,F,자차,0,1,0,대전,-20.0,0,-21.866352308776847
전하,10:38,09:00,M,도보,3,1,0,부산,-10.0,0,-6.46407988362987
장하린,10:46,09:00,M,버스,5,2,0,광주,30.0,1,34.33136455973256
전서윤,08:53,09:00,F,지하철,6,7,0,서울,-20.0,0,-22.48678365187718
이예린,09:37,09:00,F,버스,6,4,0,인천,-23.0,0,-18.904849549704732
이현우,08:04,09:00,F,버스,1,8,0,광주,18.0,1,22.355015882906194
최서연,09:51,09:00,M,도보,1,10,0,서울,-15.0,0,-18.56572250522884
김하린,08:27,09:00,F,자차,4,1,0,서울,-23.0,0,-26.506501120909466
권지안,08:13,09:00,F,지하철,3,7,0,서울,57.0,1,57.22653411742371
홍서윤,10:00,09:00,F,지하철,1,9,0,광주,-29.0,0,-29.57746973842668
정하린,08:32,09:00,M,버스,0,6,0,인천,-22.0,0,-15.034349520752325
송지훈,09:25,09:00,F,지하철,1,12,0,서울,18.0,1,21.513340924725394
황나,08:18,09:00,M,버스,2,8,0,인천,32.0,1,31.647882152684545
황지후,10:14,09:00,M,자차,5,1,0,광주,-15.0,0,-11.969610206461633
정다온,10:17,09:00,F,자차,0,7,0,부산,-14.0,0,-24.233265388983455
황파,09:43,09:00,F,지하철,0,5,0,인천,-25.0,0,-28.07655486815871
신예린,10:30,09:00,M,자차,1,2,0,부산,-26.0,0,-24.560894958405562
오마,09:18,09:00,M,자차,6,12,0,부산,19.0,1,24.576827509462255
전다,08:33,09:00,M,지하철,6,3,0,대구,-7.0,0,-6.001153326721032
오지후,08:27,09:00,M,자차,3,2,0,대구,0.0,0,7.2911949998882815
박카,08:39,09:00,F,자차,0,3,0,대구,-24.0,0,-19.66030070987368
홍현서,08:36,09:00,M,자차,0,10,0,부산,-7.0,0,-9.441647120356722
서유진,08:58,09:00,F,지하철,6,8,0,대구,-29.0,0,-29.700153229768848
신하,08:38,09:00,M,지하철,3,10,0,인천,-1.0,0,1.0421084311928572
송채원,09:46,09:00,F,버스,0,6,0,대구,-27.0,0,-29.243177764281818
강타,08:26,09:00,F,지하철,5,2,0,인천,40.0,1,47.65645088958297
박지훈,09:51,09:00,F,버스,3,5,0,서울,-20.0,0,-25.543630671461447
김다온,09:00,09:00,F,자차,2,3,0,서울,-9.0,0,-7.41946774787807
박사,10:03,09:00,F,지하철,3,7,0,대전,-1.0,0,2.6772340680252857
임예린,09:32,09:00,F,버스,1,4,0,대구,-25.0,0,-26.56723494730551
조지후,10:42,09:00,F,도보,6,12,0,인천,-3.0,0,-5.693996663246242
한파,09:19,09:00,M,버스,5,5,0,광주,-2.0,0,-2.3804064822499944
오지훈,08:53,09:00,F,버스,1,4,0,서울,41.0,1,45.059992563925874
김지우,09:46,09:00,F,버스,5,12,0,대전,17.0,1,14.50076001236073
안타,09:58,09:00,M,지하철,1,7,0,대구,7.0,1,1.6553940654535388
신하,09:19,09:00,F,지하철,3,3,0,대전,-23.0,0,-17.24707611503487
박다온,09:40,09:00,M,자차,5,6,0,대구,6.0,1,7.996482364677938
권파,09:24,09:00,F,지하철,0,4,0,대구,3.0,1,8.039287152447587
강라,08:55,09:00,F,지하철,5,9,0,인천,-20.0,0,-16.2033413436628
송카,08:56,09:00,F,지하철,1,7,0,부산,-3.0,0,7.899446541409825
김파,10:43,09:00,F,자차,4,9,0,인천,-10.0,0,-4.425139821967271
홍민수,10:01,09:00,M,지하철,3,12,0,대전,-19.0,0,-22.620397809374104
최가,08:17,09:00,M,자차,0,9,0,인천,-19.0,0,-16.648660163842088
전민준,10:53,09:00,F,지하철,5,5,0,서울,-10.0,0,-12.787443605217728
조타,10:08,09:00,M,버스,1,3,0,광주,-12.0,0,-14.270630819189169
권타,08:09,09:00,F,지하철,6,7,0,서울,-2.0,0,-9.062502003076494
박서윤,10:11,09:00,M,지하철,5,6,0,서울,11.0,1,9.569434090667306
송민준,09:46,09:00,F,버스,1,4,0,부산,0.0,0,2.725171442673499
임다,10:44,09:00,F,자차,4,10,0,부산,35.0,1,34.6698914743313
권아,09:28,09:00,F,지하철,2,11,0,서울,18.0,1,12.503157983756543
오예솔,09:33,09:00,F,버스,4,5,0,서울,55.0,1,47.38490333765843
임서연,08:56,09:00,M,버스,3,9,0,광주,-29.0,0,-18.440770322597167
이서연,08:57,09:00,M,지하철,2,12,0,대구,-6.0,0,-4.374196234792501
박차,09:51,09:00,M,버스,4,1,0,부산,-27.0,0,-31.12034584799943
황예솔,10:28,09:00,F,지하철,1,5,0,대구,-1.0,0,1.3089172985143818
이자,10:40,09:00,F,버스,6,9,0,광주,35.0,1,45.94593038903044
정파,10:18,09:00,F,지하철,6,6,0,광주,-29.0,0,-25.897688201770524
장서연,09:49,09:00,M,버스,1,10,0,부산,46.0,1,32.064660654857335
안다,09:30,09:00,F,지하철,5,6,0,부산,-12.0,0,1.2614584399347137
서유진,09:01,09:00,M,버스,6,1,0,대전,37.0,1,27.753767598548112
강예솔,10:18,09:00,M,버스,0,6,0,인천,-24.0,0,-25.03005972688416
임지훈,08:57,09:00,M,도보,5,5,0,대전,-25.0,0,-30.667021500164253
오주원,08:48,09:00,F,버스,6,11,0,부산,-10.0,0,-13.700010549866066
오다온,10:36,09:00,M,자차,1,2,0,서울,-22.0,0,-20.577951575086814
임현서,09:46,09:00,F,지하철,4,2,0,대구,31.0,1,20.644882456006954
임아,09:03,09:00,F,지하철,5,2,0,부산,-10.0,0,-10.451227927447945
홍유진,10:35,09:00,F,지하철,2,7,0,광주,-23.0,0,-17.263287886293195
전나,10:53,09:00,F,버스,1,12,0,광주,-28.0,0,-32.21620162293775
이마,08:57,09:00,M,자차,2,8,0,서울,37.0,1,30.048574700289223
안예솔,09:33,09:00,M,자차,2,10,0,인천,8.0,1,7.303474489221289
전지후,09:27,09:00,F,버스,5,11,0,대구,4.0,1,2.308292549743121
송하은,10:06,09:00,F,자차,2,8,0,인천,36.0,1,33.02386164832765
서주원,10:51,09:00,F,지하철,2,8,0,대구,-24.0,0,-29.94173038058807
조바,09:38,09:00,F,지하철,6,3,0,인천,-21.0,0,-18.40407709406939
최하은,10:23,09:00,M,자차,4,12,0,광주,31.0,1,33.97631755720865
윤하린,09:47,09:00,M,지하철,6,10,0,부산,-11.0,0,-16.328233672282437
오예솔,10:39,09:00,M,지하철,4,11,0,부산,-3.0,0,-7.636268223018799
서주원,09:12,09:00,M,도보,6,12,0,광주,-15.0,0,-14.317540029971372
윤지안,09:09,09:00,F,도보,1,5,0,대전,-3.0,0,-7.8248582904383355
오예솔,09:16,09:00,F,자차,6,2,0,대구,-15.0,0,-14.106690086516057
전아,10:59,09:00,F,지하철,6,11,0,대전,-26.0,0,-18.659767356919687
오지우,09:50,09:00,F,자차,0,6,0,부산,-3.0,0,-3.299113406141571
송지안,08:27,09:00,M,지하철,2,12,1,광주,42.0,1,35.93191816280379
강서윤,08:07,09:00,F,버스,2,9,0,대전,-27.0,0,-25.039482513391256
한타,09:33,09:00,M,지하철,2,4,0,부산,-17.0,0,-17.88827364759808
김지훈,10:25,09:00,M,도보,5,5,0,서울,-1.0,0,-1.7507851874565699
류타,09:26,09:00,M,도보,4,8,0,인천,-21.0,0,-18.623385635606056
이라,09:40,09:00,F,자차,1,5,0,대전,0.0,0,3.4551870138916296
한다,10:23,09:00,F,지하철,4,4,0,서울,-18.0,0,-17.822489172633478
이카,09:32,09:00,F,버스,6,3,0,인천,-15.0,0,-15.303401583546417
임타,10:43,09:00,F,지하철,3,8,0,대전,-22.0,0,-11.682292547633047
장도윤,09:54,09:00,M,자차,6,1,0,서울,6.0,1,12.00276999453649
강자,10:11,09:00,M,지하철,4,2,1,인천,-11.0,0,-6.832269409674159
한바,10:20,09:00,F,지하철,6,1,0,서울,21.0,1,21.65602972940098
이채원,09:52,09:00,M,자차,6,9,0,부산,-3.0,0,-8.02871617947487
장주원,08:09,09:00,F,버스,0,1,0,대구,-11.0,0,-5.363068070330031
최시현,09:16,09:00,M,자차,5,6,0,부산,-22.0,0,-21.278529266409894
홍자,08:25,09:00,M,지하철,1,2,0,서울,-28.0,0,-30.885845069115668
권다,09:31,09:00,M,자차,5,8,0,광주,-6.0,0,-7.2157022679384735
임서연,08:25,09:00,M,지하철,5,1,0,부산,-10.0,0,-14.83091283119074
장타,09:31,09:00,F,지하철,1,1,0,대전,-26.0,0,-20.713354785070692
전하린,09:01,09:00,F,버스,0,5,0,부산,4.0,1,7.41518541560893
안채원,08:03,09:00,F,지하철,2,9,0,인천,26.0,1,26.908162307641756
한사,08:22,09:00,F,버스,2,2,0,광주,-9.0,0,-9.21392786812635
조나,09:30,09:00,M,지하철,3,6,0,대구,-7.0,0,-10.403344386249215
김지후,08:14,09:00,M,지하철,0,10,0,대구,-24.0,0,-34.650363218792606
홍서연,10:34,09:00,M,자차,0,8,0,광주,-14.0,0,-21.064634483300335
강파,10:16,09:00,F,지하철,3,10,0,서울,-17.0,0,-20.713226697596447
신라,10:07,09:00,M,자차,5,4,0,광주,19.0,1,14.535168089930735
정사,08:30,09:00,M,자차,2,12,0,광주,-14.0,0,-12.553196876919674
황유진,10:23,09:00,F,지하철,2,2,1,광주,2.0,1,6.057468709866605
강라,09:54,09:00,F,자차,1,8,0,대구,53.0,1,52.357803905494826
송예솔,09:10,09:00,F,지하철,1,6,0,대구,-18.0,0,-10.955415324392826
장다온,08:00,09:00,M,지하철,2,1,0,인천,-8.0,0,-11.914488597933152
서현우,09:35,09:00,F,지하철,1,12,1,인천,-21.0,0,-21.67768563374139
황아,10:23,09:00,F,자차,2,9,0,대전,51.0,1,50.74506410361202
홍타,08:06,09:00,M,버스,1,3,0,대전,16.0,1,21.460931644172092
오서윤,08:09,09:00,F,버스,4,1,0,서울,-10.0,0,-9.470564589589108
윤지안,09:08,09:00,F,도보,2,9,0,서울,-15.0,0,-14.332155427209358
조하린,09:32,09:00,M,지하철,5,7,0,대전,-5.0,0,-13.274215575039607
장주원,09:25,09:00,M,자차,4,1,0,대구,0.0,0,-4.499533546053774
송지안,09:16,09:00,M,자차,4,12,0,인천,-17.0,0,-11.520238631512086
김바,08:45,09:00,F,도보,4,9,0,서울,-4.0,0,-14.376711317985919
신예솔,08:10,09:00,M,도보,6,6,0,서울,49.0,1,55.71496326215314
김마,08:05,09:00,F,도보,1,3,0,대구,-27.0,0,-24.50167755522885
강가,08:17,09:00,F,지하철,6,4,0,광주,-28.0,0,-31.737606641818775
권지후,10:04,09:00,M,자차,1,6,0,광주,-9.0,0,-13.160244882036437
박자,10:21,09:00,F,자차,0,1,0,대전,3.0,1,12.479776499241536
장라,09:18,09:00,F,자차,5,5,0,부산,29.0,1,36.057029032397104
오예솔,08:13,09:00,F,지하철,6,3,0,부산,-8.0,0,-8.597203857717489
안예솔,09:14,09:00,M,도보,0,2,1,인천,-15.0,0,-14.327041352738105
전서윤,10:57,09:00,M,지하철,4,2,0,인천,-6.0,0,-9.230906804551362
한시현,08:44,09:00,F,버스,3,5,0,서울,36.0,1,36.673919889130524
신서윤,09:28,09:00,M,버스,1,5,0,대구,-25.0,0,-28.369518442846477
이지훈,09:36,09:00,M,지하철,3,5,0,대전,-3.0,0,-3.3927151208708994
안지후,08:59,09:00,F,자차,4,9,0,서울,-13.0,0,-3.9483531011762913
전다온,09:18,09:00,M,지하철,4,7,0,광주,-5.0,0,-5.47807023275213
박채원,09:24,09:00,F,자차,3,3,0,대구,3.0,1,-2.240109406368134
송카,09:25,09:00,M,자차,6,12,0,인천,-24.0,0,-30.831860239924872
신주원,10:09,09:00,M,지하철,1,9,0,인천,14.0,1,14.6355887868224
조가,09:44,09:00,M,자차,4,6,0,광주,-4.0,0,-7.8044757724639515
전유진,08:09,09:00,M,지하철,2,1,0,인천,-13.0,0,-11.766984290087318
류유진,08:01,09:00,M,자차,6,11,0,서울,-25.0,0,-33.09751546564273
강지후,09:13,09:00,M,도보,1,9,0,부산,37.0,1,40.45125067287941
신현우,10:43,09:00,M,지하철,6,6,1,대전,16.0,1,10.699175641034973
오민준,08:06,09:00,F,자차,4,2,0,서울,9.0,1,9.231486296386695
임민준,08:12,09:00,F,버스,1,2,0,광주,-13.0,0,-14.691516087199858
이바,10:02,09:00,M,버스,5,4,0,인천,-5.0,0,3.591944811394349
윤나,09:21,09:00,M,자차,1,3,0,서울,-4.0,0,-3.1425541328523625
안시현,08:41,09:00,M,버스,1,3,1,서울,-18.0,0,-8.27264025942703
김지우,08:37,09:00,M,자차,2,5,0,대전,-3.0,0,-0.19628799968790123
장민준,09:59,09:00,F,지하철,4,1,0,서울,52.0,1,59.12702961156239
홍라,09:34,09:00,F,지하철,2,4,0,서울,1.0,1,-0.04399103211460398
정지우,09:54,09:00,M,자차,3,11,0,서울,-10.0,0,-8.272484752548388
홍아,08:50,09:00,F,지하철,3,11,0,인천,-18.0,0,-11.90678205490522
오민수,09:34,09:00,F,버스,1,1,0,대전,16.0,1,20.524799742920244
권지우,10:34,09:00,M,지하철,1,9,0,부산,2.0,1,4.654966390922845
강하은,08:56,09:00,F,자차,2,12,0,광주,-11.0,0,-12.63967416393864
오주원,09:11,09:00,M,버스,1,7,0,광주,12.0,1,11.206117530966397
류예린,08:29,09:00,F,버스,6,5,0,부산,-24.0,0,-18.311690241983218
임도윤,09:54,09:00,F,지하철,2,6,0,서울,-20.0,0,-13.2704437563393
오파,08:05,09:00,M,버스,2,3,0,대구,-4.0,0,-6.964313646398366
권나,08:44,09:00,F,도보,4,5,0,서울,-24.0,0,-27.71879487177485
임카,10:08,09:00,F,버스,5,12,0,서울,-27.0,0,-31.520668941351083
오채원,08:03,09:00,M,버스,4,8,0,대구,-6.0,0,-1.8514969213492218
안바,10:58,09:00,M,자차,3,6,0,광주,-10.0,0,-14.647375110312595
박자,09:12,09:00,F,지하철,6,2,0,대전,-11.0,0,-6.9119829698912625
송시현,09:11,09:00,M,버스,6,11,0,인천,-12.0,0,-9.271548284394935
이도윤,09:36,09:00,M,지하철,1,2,0,부산,42.0,1,39.2745407781711
정유진,09:55,09:00,F,지하철,1,9,0,부산,4.0,1,11.819296569256332
박바,09:22,09:00,M,자차,2,4,0,인천,-13.0,0,-20.311294540506132
윤다,10:39,09:00,F,자차,5,4,0,부산,-26.0,0,-17.702337001207198
조사,10:53,09:00,F,도보,6,3,1,인천,20.0,1,21.594429321227484
류주원,08:36,09:00,F,자차,4,5,0,광주,55.0,1,44.63266821670654
류채원,10:07,09:00,F,버스,4,9,1,대전,-19.0,0,-11.040601820891933
한지안,08:54,09:00,F,지하철,1,5,0,서울,-26.0,0,-21.138937478900054
윤파,10:59,09:00,F,자차,4,1,0,부산,58.0,1,55.85894158293481
오마,08:45,09:00,F,도보,1,4,0,부산,7.0,1,2.176397173793018
조지안,08:53,09:00,M,자차,3,2,0,인천,8.0,1,0.15466628080807432
정하린,10:08,09:00,F,버스,1,5,0,부산,-10.0,0,2.0772308090519545
김예린,10:22,09:00,M,자차,0,11,0,대전,-15.0,0,-19.616909370809218
조마,08:23,09:00,F,자차,6,12,0,대전,-3.0,0,-9.317942810004629
윤파,09:40,09:00,M,도보,6,12,0,부산,27.0,1,28.33959562175075
이아,09:02,09:00,M,자차,4,2,0,대구,13.0,1,4.810532666194424
서서윤,09:50,09:00,M,버스,4,6,0,대구,-8.0,0,-12.90774199222278
류유진,09:40,09:00,F,지하철,1,1,0,서울,38.0,1,42.97484597080234
서다온,10:57,09:00,M,버스,4,6,0,대전,-17.0,0,-14.678947025903101
권현서,10:48,09:00,M,지하철,5,7,0,광주,-5.0,0,-6.931849798696911
임서연,09:57,09:00,F,도보,3,10,0,부산,-28.0,0,-27.908466635343103
조지훈,10:02,09:00,F,버스,1,5,0,인천,-8.0,0,-10.212352651000018
조채원,10:41,09:00,F,버스,2,1,0,대구,-4.0,0,-4.309989046845198
홍지후,08:33,09:00,M,지하철,5,6,0,부산,-23.0,0,-26.809056912798262
홍하,10:10,09:00,F,자차,1,6,0,부산,-2.0,0,-4.901196597637137
조가,10:18,09:00,F,버스,6,8,0,서울,38.0,1,34.946609312272834
서가,08:22,09:00,M,지하철,5,2,0,광주,-9.0,0,-12.629304259278774
강지안,10:38,09:00,F,자차,6,8,0,인천,-5.0,0,0.21955498208240876
김가,10:05,09:00,M,지하철,3,5,0,대전,55.0,1,58.850586960065264
신바,09:02,09:00,M,버스,1,9,0,서울,-20.0,0,-24.661816341954747
류차,09:27,09:00,F,지하철,0,12,0,인천,-25.0,0,-30.971968962712854
전마,09:28,09:00,M,버스,3,3,0,인천,-5.0,0,-5.786383215653079
정바,10:45,09:00,M,자차,2,10,1,인천,-12.0,0,-1.2235620085522676
조나,10:54,09:00,M,자차,0,2,0,대전,24.0,1,18.86147398151726
최민수,10:25,09:00,F,지하철,6,12,0,대구,-14.0,0,-14.806121948520202
강유진,09:57,09:00,M,도보,6,6,0,서울,-20.0,0,-19.556397931411688
장사,08:18,09:00,M,자차,2,9,0,서울,-10.0,0,-10.54321087022575
임민준,10:44,09:00,F,지하철,4,10,0,대구,24.0,1,21.708950628902556
정마,08:24,09:00,F,지하철,2,8,0,부산,5.0,1,10.77539986099277
홍사,08:30,09:00,M,지하철,3,5,0,서울,-15.0,0,-12.727706885282728
윤하은,08:12,09:00,F,자차,4,10,0,서울,-15.0,0,-10.770973381274622
강하,10:50,09:00,M,지하철,2,6,0,부산,0.0,0,2.9468997483316532
한사,09:28,09:00,F,버스,5,8,0,서울,-17.0,0,-12.530258390970067
정서연,08:42,09:00,F,자차,1,8,0,대구,-17.0,0,-9.077970835129685
조나,08:14,09:00,F,자차,4,6,0,인천,1.0,1,7.655219833941672
이민수,09:14,09:00,M,자차,6,2,0,부산,-29.0,0,-17.37598020202043
송가,10:10,09:00,F,자차,5,4,0,서울,-15.0,0,-8.913293592964042
권자,10:59,09:00,F,지하철,0,12,0,인천,-26.0,0,-29.347233882637532
이아,09:39,09:00,M,자차,0,7,0,서울,-10.0,0,-5.763439790970856
권민준,09:49,09:00,M,지하철,4,8,0,광주,-20.0,0,-16.447824105077025
강타,10:30,09:00,F,지하철,6,4,0,대구,-27.0,0,-17.398525473839058
임서연,10:42,09:00,M,도보,5,9,0,대구,-4.0,0,-8.835792583381446
전지우,08:50,09:00,F,지하철,6,6,0,부산,-17.0,0,-14.210244593035318
강파,10:58,09:00,M,지하철,1,3,0,부산,-27.0,0,-30.405351723834787
전예솔,09:33,09:00,F,자차,3,2,0,서울,-16.0,0,-13.437274479499326
이도윤,10:47,09:00,F,지하철,5,5,0,인천,3.0,1,1.9262666770014034
최주원,08:21,09:00,M,지하철,4,7,0,서울,-26.0,0,-23.602655979045558
박예솔,08:17,09:00,M,자차,5,4,0,광주,-12.0,0,-19.05169093040712
한바,10:39,09:00,M,자차,1,3,0,부산,-26.0,0,-22.03386759222051
송나,10:01,09:00,F,자차,3,4,0,인천,-18.0,0,-16.9697024240695
황마,08:31,09:00,F,지하철,3,4,0,인천,-14.0,0,-13.239035591140476
권다,10:41,09:00,M,버스,6,9,0,인천,49.0,1,58.75114149923665
송시현,08:18,09:00,F,자차,1,6,0,광주,-6.0,0,-7.912416991339117
송주원,10:02,09:00,F,지하철,2,6,0,인천,38.0,1,39.71132712385991
최하린,08:36,09:00,M,지하철,0,2,0,대전,-5.0,0,-4.498646504803725
안다,08:12,09:00,F,지하철,1,7,0,부산,-8.0,0,-7.009804198796337
이서연,10:25,09:00,M,버스,6,12,0,광주,-22.0,0,-10.890980476786105
박채원,10:32,09:00,F,지하철,5,9,0,대구,-14.0,0,-13.680964537931256
홍가,08:19,09:00,M,자차,1,6,0,인천,-11.0,0,-13.836398997441314
서하린,08:16,09:00,M,도보,4,4,0,대구,-14.0,0,-4.645486022763894
서파,09:50,09:00,M,지하철,4,5,0,대전,13.0,1,11.461556172805189
장지안,08:05,09:00,M,자차,6,1,0,부산,-10.0,0,-18.025890736045277
최예린,10:14,09:00,M,지하철,2,1,0,인천,-24.0,0,-27.704218532144257
임자,10:44,09:00,F,지하철,6,10,0,서울,-11.0,0,-17.23293747021428
윤차,10:15,09:00,M,자차,2,11,0,인천,-14.0,0,-22.999827331572256
최민수,08:41,09:00,F,버스,5,12,0,서울,-16.0,0,-17.815075021840673
최하은,08:34,09:00,M,도보,2,8,0,대구,-19.0,0,-19.35107982636716
송예린,10:02,09:00,M,버스,4,12,0,서울,-10.0,0,-4.097360424355467
최하린,08:11,09:00,F,지하철,2,5,1,부산,47.0,1,50.14700806031033
황차,09:36,09:00,M,버스,5,4,0,대구,-2.0,0,0.9191715406433332
안하린,09:20,09:00,M,지하철,4,3,0,부산,49.0,1,44.5339499740114
황채원,10:14,09:00,F,자차,2,3,0,대구,-20.0,0,-15.575333690179425
홍지안,08:36,09:00,M,자차,6,9,0,서울,14.0,1,20.956164181993675
김타,10:17,09:00,F,지하철,4,1,0,광주,42.0,1,43.972854457730804
장지후,10:05,09:00,M,버스,3,12,0,광주,-16.0,0,-13.887412318510375
안파,08:42,09:00,F,자차,0,10,0,대구,-19.0,0,-25.323461498499896
최차,09:04,09:00,M,자차,6,5,0,서울,-16.0,0,-10.727820961973363
윤하,08:11,09:00,M,지하철,5,9,0,서울,-15.0,0,-6.095847256192904
권다,09:20,09:00,F,지하철,4,2,0,광주,-28.0,0,-26.385238004765814
전현서,08:46,09:00,F,지하철,5,6,0,대전,-1.0,0,-3.9717863918374245
윤사,08:20,09:00,F,지하철,4,2,0,대전,-2.0,0,-2.8099742799392136
신지우,09:40,09:00,M,버스,1,2,0,대구,-28.0,0,-30.102103575062937
장아,09:42,09:00,M,지하철,1,1,0,대구,-26.0,0,-27.802248265801474
신시현,08:15,09:00,F,버스,0,10,0,서울,-12.0,0,-8.760084681529705
홍하린,08:33,09:00,M,버스,0,9,0,서울,-16.0,0,-14.60267944164829
안파,08:14,09:00,M,지하철,5,11,0,광주,-13.0,0,-7.980316970143156
류서윤,10:02,09:00,M,도보,5,12,0,대구,-29.0,0,-27.145487276108895
김다,09:00,09:00,F,버스,1,12,0,대구,-13.0,0,-17.320439869890915
임민수,08:12,09:00,M,지하철,4,12,1,대구,3.0,1,0.4965398807530481
전도윤,08:34,09:00,M,버스,0,1,0,부산,-22.0,0,-24.814205363939283
홍지우,10:55,09:00,M,지하철,2,10,0,대전,-10.0,0,-10.93235038309226
신마,08:46,09:00,M,자차,5,9,0,광주,19.0,1,27.973568457072943
오하린,10:03,09:00,M,버스,5,2,0,광주,-11.0,0,-1.2255020417618585
김예솔,09:24,09:00,M,버스,6,2,0,대구,-20.0,0,-15.81699399776707
한유진,08:32,09:00,M,도보,2,12,0,광주,-11.0,0,-10.40618101583191
윤바,08:55,09:00,M,자차,6,11,1,대구,0.0,0,-6.808261097521974
안나,08:02,09:00,F,자차,5,4,0,인천,-5.0,0,-3.899958471349583
조차,10:14,09:00,F,지하철,2,1,0,서울,47.0,1,43.04996351781473
김하,09:00,09:00,M,지하철,2,5,0,광주,-26.0,0,-17.8473905171704
정나,09:29,09:00,M,자차,0,1,0,서울,22.0,1,13.969471551047553
서지우,08:27,09:00,M,버스,6,9,0,광주,-11.0,0,-9.077578333349413
한다,10:28,09:00,M,자차,1,5,0,인천,36.0,1,31.628803111748155
한아,08:39,09:00,M,자차,1,1,0,서울,-3.0,0,-3.047575927417361
임예린,09:41,09:00,F,지하철,2,12,0,인천,-28.0,0,-24.669659048444718
김사,10:37,09:00,M,지하철,0,10,0,부산,-29.0,0,-23.890156556089515
강다온,10:08,09:00,F,버스,5,11,0,대구,-14.0,0,-14.303451004657907
류지훈,09:48,09:00,M,지하철,4,12,0,서울,43.0,1,46.80608275090764
박마,10:39,09:00,M,자차,1,1,0,광주,-18.0,0,-21.312350493060514
조지우,08:31,09:00,M,자차,1,10,0,인천,-22.0,0,-20.7723080761339
박채원,10:53,09:00,M,버스,0,10,0,대구,6.0,1,11.011037072189325
윤채원,09:40,09:00,M,자차,6,10,0,대전,-1.0,0,0.660497390699939
장나,09:13,09:00,M,버스,3,4,0,인천,-8.0,0,-10.64671848186653
정아,08:46,09:00,M,자차,4,5,0,인천,-16.0,0,-17.39521183781716
송타,10:14,09:00,F,지하철,1,12,1,서울,-16.0,0,-10.921719687260303
장지안,10:55,09:00,F,자차,1,1,0,인천,14.0,1,8.540776915359213
이라,10:04,09:00,M,자차,3,8,0,광주,-9.0,0,-13.721575670037264
박타,08:05,09:00,F,지하철,1,10,0,대전,0.0,0,3.0079437990586784
오시현,09:24,09:00,M,버스,4,10,0,인천,-28.0,0,-30.195717972708987
송바,10:11,09:00,M,자차,6,8,0,부산,-18.0,0,-25.265290981748446
박서윤,09:11,09:00,M,지하철,2,10,0,광주,27.0,1,33.754093335209554
김하은,10:19,09:00,M,자차,4,11,0,서울,-22.0,0,-27.498001439399538
장지훈,10:07,09:00,F,도보,6,10,0,부산,-13.0,0,-13.997150066598193
황지훈,08:12,09:00,F,자차,6,2,0,대전,1.0,1,-2.09760321843549
최타,09:40,09:00,F,버스,0,3,0,광주,-15.0,0,-16.488417427701105
신바,08:30,09:00,F,자차,0,4,0,대전,-13.0,0,-17.4230972882567
최하은,09:27,09:00,F,도보,6,5,0,대구,-12.0,0,-8.428603811532687
박지우,09:09,09:00,M,버스,6,5,0,광주,-20.0,0,-19.44588237846544
황주원,10:25,09:00,M,지하철,2,3,0,광주,-29.0,0,-24.08173202394554
황하은,10:36,09:00,M,지하철,3,9,0,부산,34.0,1,30.95415894229139
조다,09:23,09:00,F,자차,4,2,0,대전,4.0,1,14.665108849746055
이지우,09:36,09:00,M,버스,4,10,0,대전,-23.0,0,-32.52324392751972
조지안,09:52,09:00,F,지하철,5,8,0,서울,-20.0,0,-27.92567453961147
임지안,09:57,09:00,F,지하철,2,12,0,광주,0.0,0,8.765424238582144
송지후,09:54,09:00,M,자차,6,1,1,대구,45.0,1,47.37020833723192
윤나,10:20,09:00,M,버스,0,4,0,광주,-15.0,0,-13.293069584719625
이유진,10:56,09:00,F,자차,0,11,0,인천,-28.0,0,-25.843623463409944
최서연,10:29,09:00,M,자차,6,6,0,부산,-11.0,0,-8.143963649247755
전하은,08:24,09:00,M,도보,1,7,0,서울,-16.0,0,-14.501161397830247
류가,09:25,09:00,M,자차,6,1,0,인천,-9.0,0,-13.829522458125528
최파,09:23,09:00,F,지하철,2,10,0,대전,-5.0,0,-0.9090454746360441
홍자,09:31,09:00,M,자차,2,4,0,광주,-21.0,0,-17.69660894230884
전지후,09:35,09:00,F,지하철,0,12,1,부산,43.0,1,50.142155733699155
신서연,10:09,09:00,M,도보,6,5,0,대전,-9.0,0,-0.17879461549417286
박민준,09:15,09:00,F,지하철,2,3,0,대구,-17.0,0,-15.34761960178369
윤유진,08:47,09:00,F,자차,1,8,0,인천,-17.0,0,-23.137745088160916
송파,09:22,09:00,M,자차,3,6,1,부산,-25.0,0,-16.137385343989315
오가,10:33,09:00,F,지하철,1,6,0,인천,52.0,1,46.909250324985294
이타,08:56,09:00,M,자차,5,12,0,인천,-28.0,0,-26.310179031638096
이서윤,08:03,09:00,M,지하철,0,5,0,광주,36.0,1,34.71633036789572
송하은,10:55,09:00,F,버스,3,5,0,대구,-16.0,0,-18.153126750923963
오지후,08:35,09:00,M,버스,2,8,0,인천,-1.0,0,2.8215006076575886
황민수,09:48,09:00,F,지하철,0,3,0,인천,-17.0,0,-15.777702003660172
강예린,10:24,09:00,F,버스,0,10,0,대구,37.0,1,39.566207456340656
장사,08:49,09:00,M,도보,3,3,0,인천,-26.0,0,-30.07843145081685
임다,09:01,09:00,M,지하철,2,3,0,서울,-14.0,0,-14.870374826873302
한도윤,08:50,09:00,F,버스,0,1,0,대전,-16.0,0,-19.8476748992035
신주원,08:26,09:00,M,자차,0,5,0,서울,-22.0,0,-22.995357939887324
황유진,08:27,09:00,M,자차,5,7,0,대전,-13.0,0,-13.593811124337046
신하린,08:33,09:00,M,지하철,5,9,0,광주,58.0,1,67.22152086602398
서채원,09:22,09:00,M,도보,4,11,0,대전,-12.0,0,-13.296942572343703
오다,09:35,09:00,F,지하철,5,10,0,서울,-14.0,0,-24.62799162265323
전민준,08:02,09:00,M,버스,0,4,0,부산,-25.0,0,-18.02454231339607
전사,10:32,09:00,F,버스,4,10,0,서울,-14.0,0,-11.753703129869884
황시현,10:01,09:00,F,자차,5,3,0,대구,-9.0,0,-9.655052172766947
임지안,08:12,09:00,F,지하철,1,3,0,대전,-17.0,0,-19.186076834305474
최주원,10:31,09:00,F,지하철,3,5,0,광주,-20.0,0,-24.73462828028443
황도윤,08:05,09:00,F,자차,5,7,0,광주,-27.0,0,-17.30975951456754
장지후,09:40,09:00,M,지하철,4,3,0,대전,23.0,1,23.259224443300184
최시현,09:23,09:00,M,버스,1,11,0,서울,-26.0,0,-34.688755717407375
황현서,09:30,09:00,F,자차,4,4,0,광주,-23.0,0,-21.361299833573792
최예솔,10:52,09:00,M,자차,5,5,0,부산,-23.0,0,-16.969141489825795
권바,10:46,09:00,F,지하철,0,8,0,광주,-13.0,0,-12.217826658232514
강지훈,08:50,09:00,M,지하철,3,6,1,광주,-10.0,0,-14.507967360976568
조차,09:44,09:00,F,도보,3,5,0,광주,-16.0,0,-20.955371430123286
황다온,10:52,09:00,F,버스,2,12,0,대구,-21.0,0,-25.586594638596175
류마,10:11,09:00,M,지하철,0,6,0,인천,57.0,1,64.60828998523476
최카,10:39,09:00,F,지하철,0,2,0,대구,-15.0,0,-15.358320276184124
황하은,09:18,09:00,M,지하철,5,9,0,인천,-6.0,0,-14.393622073393152
최지훈,08:50,09:00,M,도보,5,9,0,대구,0.0,0,1.9206696292223204
안나,09:31,09:00,F,지하철,2,3,1,대구,-1.0,0,-0.2948160721322388
강차,10:27,09:00,F,지하철,6,11,0,부산,-12.0,0,-14.244477334416656
황하은,10:47,09:00,F,버스,6,5,0,대구,-23.0,0,-28.102033780444053
오시현,10:03,09:00,M,지하철,4,2,0,광주,-23.0,0,-28.319474498864377
서예솔,10:07,09:00,M,지하철,4,3,0,대전,33.0,1,38.43316907733169
조자,09:32,09:00,M,도보,6,9,0,서울,10.0,1,11.237564279025488
황하,08:57,09:00,F,자차,4,3,0,부산,-24.0,0,-21.606781676691078
임차,09:16,09:00,M,지하철,6,6,0,인천,9.0,1,10.2237940479006
오바,09:29,09:00,F,버스,6,9,0,광주,-21.0,0,-19.361556475440892
전예솔,10:26,09:00,F,지하철,1,11,0,부산,0.0,0,-2.341973317141205
최현서,09:39,09:00,M,지하철,4,6,0,부산,-26.0,0,-27.029146772403884
조주원,10:22,09:00,F,버스,5,11,0,서울,-28.0,0,-22.175440972874785
권유진,08:04,09:00,M,버스,5,4,0,서울,-25.0,0,-17.92704916090444
송주원,10:16,09:00,M,자차,2,11,1,서울,-13.0,0,-19.11045993879875
장파,09:31,09:00,M,자차,6,4,0,광주,-6.0,0,-7.041294165538913
조민준,10:59,09:00,F,지하철,3,1,0,대전,-27.0,0,-22.803573205031675
김시현,09:24,09:00,F,도보,2,9,0,대구,-5.0,0,4.410398661078652
정서윤,09:26,09:00,F,버스,1,10,0,부산,-23.0,0,-14.090202093346251
신유진,08:22,09:00,F,지하철,2,12,0,대전,-28.0,0,-31.978789074732497
서차,10:25,09:00,F,자차,6,12,0,부산,9.0,1,15.375230591029128
조라,10:06,09:00,F,지하철,5,2,0,서울,-27.0,0,-26.70681848946492
윤지후,10:35,09:00,F,버스,5,8,0,서울,-15.0,0,-9.77791680562131
신타,08:16,09:00,M,자차,6,9,0,대구,51.0,1,54.941393404106435
오서연,08:38,09:00,M,지하철,1,8,0,광주,45.0,1,38.680179787176186
김마,10:37,09:00,F,자차,4,1,0,대구,-25.0,0,-22.25013021686412
박민준,08:07,09:00,F,지하철,2,1,0,대구,-24.0,0,-18.971517044153554
권카,09:31,09:00,F,자차,5,9,0,대구,-29.0,0,-29.10077627513916
박바,09:12,09:00,F,지하철,2,11,0,대전,46.0,1,44.768417863466894
조서연,10:49,09:00,F,지하철,5,3,0,광주,-10.0,0,-17.858319558865443
김바,10:34,09:00,F,지하철,5,1,0,인천,-18.0,0,-14.581912417245329
류현서,10:41,09:00,F,자차,5,5,0,대구,47.0,1,48.043741839069554
신현우,08:52,09:00,M,지하철,6,4,0,인천,-24.0,0,-28.61091957355043
서타,09:45,09:00,F,자차,5,12,0,대전,-6.0,0,-7.629199984382
임파,10:06,09:00,F,지하철,2,12,0,인천,-6.0,0,-5.2274837543611365
임지훈,10:54,09:00,F,버스,3,7,0,광주,-11.0,0,-13.793178945263353
서서연,08:01,09:00,F,지하철,3,12,0,서울,-10.0,0,-9.986614362450544
한하린,10:55,09:00,M,지하철,0,3,0,대전,-22.0,0,-30.749663236017245
조다온,09:03,09:00,M,도보,4,12,0,대전,-28.0,0,-21.252891515740224
김채원,08:23,09:00,F,버스,3,6,0,광주,-4.0,0,-3.9204535751685765
김지안,09:50,09:00,F,자차,2,6,0,대전,-9.0,0,-14.496767532451553
권카,10:20,09:00,M,버스,0,1,0,인천,-27.0,0,-39.298544241938416
조주원,08:23,09:00,M,버스,3,3,0,부산,-17.0,0,-11.854325294833039
최지후,08:07,09:00,F,자차,4,3,0,인천,-6.0,0,-3.20954223638179
윤차,10:41,09:00,M,자차,0,6,0,인천,-18.0,0,-16.946571432654743
조타,10:48,09:00,F,자차,4,3,0,서울,51.0,1,55.31824000632302
홍민준,08:28,09:00,M,버스,1,2,0,부산,-26.0,0,-21.695508018516442
장주원,10:42,09:00,M,자차,1,8,0,부산,-11.0,0,-10.027809649732337
황민준,10:43,09:00,F,자차,2,11,0,인천,-14.0,0,-15.271071086289085
정지우,10:59,09:00,F,버스,2,1,0,서울,-18.0,0,-20.08570799307629
오파,08:38,09:00,F,자차,6,7,0,광주,-25.0,0,-22.895289880474003
조다,09:44,09:00,F,버스,0,12,0,서울,-16.0,0,-9.014843125603253
강현우,10:58,09:00,M,자차,2,5,0,대전,-28.0,0,-28.514515856579855
정가,10:42,09:00,F,도보,5,3,0,광주,53.0,1,60.38238702958361
송서윤,09:48,09:00,F,도보,1,1,0,대구,15.0,1,16.86576236726206
윤차,08:35,09:00,F,자차,6,12,0,대구,-22.0,0,-20.096545157416692
윤서연,08:15,09:00,M,자차,5,5,0,광주,-12.0,0,0.02554733661986397
이파,08:46,09:00,F,자차,6,2,0,서울,-14.0,0,-5.736608918907837
오지안,08:11,09:00,M,지하철,6,11,0,광주,-20.0,0,-11.606953778058925
김현우,08:35,09:00,F,버스,0,10,0,인천,32.0,1,28.01193170816571
오카,08:13,09:00,F,지하철,3,9,0,부산,47.0,1,57.960912510781455
조카,10:17,09:00,M,지하철,5,2,0,대전,-2.0,0,-2.4110839705997833
오서윤,09:46,09:00,F,도보,0,1,1,인천,-6.0,0,-7.137455898767532
조도윤,09:33,09:00,F,자차,3,3,0,서울,-7.0,0,-17.796242067066196
신다,10:25,09:00,F,버스,4,2,0,인천,-24.0,0,-22.368545877230886
전지훈,09:13,09:00,F,지하철,5,7,0,대구,33.0,1,27.5832302094868
윤다,09:12,09:00,F,자차,2,5,0,광주,-24.0,0,-21.958730857265046
김타,08:37,09:00,M,버스,6,10,0,대구,-24.0,0,-29.807825666188457
권하,09:20,09:00,F,자차,4,2,0,대전,-3.0,0,5.98849918897402
전차,08:31,09:00,F,도보,0,9,0,대전,28.0,1,30.757869814383643
홍도윤,09:46,09:00,M,지하철,1,12,0,서울,-8.0,0,3.3993578787478818
전채원,10:59,09:00,M,지하철,6,2,0,대구,2.0,1,-3.115120157462564
임서연,09:35,09:00,M,지하철,0,8,0,부산,5.0,1,12.745896223539877
임차,08:53,09:00,F,지하철,0,7,0,대구,-9.0,0,-18.013562085164132
강카,10:03,09:00,M,지하철,2,2,0,서울,0.0,0,1.0403773823714704
황하린,10:27,09:00,F,지하철,6,4,0,인천,-7.0,0,-10.158115599709754
윤시현,09:24,09:00,F,지하철,4,10,0,서울,59.0,1,56.760217323748215
오가,08:45,09:00,M,지하철,1,11,0,인천,-12.0,0,-14.582482089544145
윤유진,10:08,09:00,F,지하철,2,5,0,대구,-26.0,0,-30.573580926756645
조바,08:33,09:00,F,자차,6,2,0,대전,-5.0,0,-11.298441533253463
박민준,10:59,09:00,F,지하철,1,3,0,대전,-25.0,0,-27.212134034657346
최도윤,08:57,09:00,F,자차,4,11,0,인천,-24.0,0,-23.419858013565644
박아,09:03,09:00,M,지하철,3,7,0,대구,57.0,1,62.81847178313009
임아,10:10,09:00,M,지하철,5,6,0,광주,-4.0,0,-2.52324801689473
송현우,08:02,09:00,M,지하철,5,1,0,광주,20.0,1,25.83270100647193
김다,08:36,09:00,M,자차,5,10,0,서울,-7.0,0,-14.3908843597855
안예솔,08:22,09:00,F,지하철,0,6,0,대구,-13.0,0,-15.16484702854371
송파,09:10,09:00,M,버스,3,7,0,대전,54.0,1,57.55502459568213
송유진,09:39,09:00,F,지하철,4,11,0,부산,-28.0,0,-26.28404622104321
임현우,08:32,09:00,F,도보,2,7,0,서울,-23.0,0,-27.30587557329589
임자,09:01,09:00,M,지하철,4,12,0,대전,-29.0,0,-24.32965553917049
조차,10:18,09:00,F,버스,4,7,0,대전,31.0,1,28.343634090237593
류나,10:49,09:00,M,자차,2,5,0,인천,-9.0,0,-12.886817806968605
박바,08:02,09:00,F,지하철,0,12,1,인천,-27.0,0,-24.56526119751596
이나,09:52,09:00,M,지하철,6,8,0,대구,-28.0,0,-27.96915317332882
최주원,08:04,09:00,M,자차,5,10,0,대구,21.0,1,18.38543832485695
강가,09:33,09:00,M,지하철,6,3,0,대전,20.0,1,17.215657373764476
윤라,10:38,09:00,F,지하철,2,9,0,대전,-17.0,0,-22.348983999033493
장하은,10:23,09:00,M,버스,2,7,0,대구,-4.0,0,-5.9787412302943235
김현서,08:41,09:00,F,지하철,2,2,0,부산,-8.0,0,-2.499952822562822
황나,08:46,09:00,M,도보,0,4,0,부산,-3.0,0,-1.7772476850591787
임자,10:21,09:00,M,자차,1,11,0,서울,-24.0,0,-19.207029596113273
정타,10:27,09:00,F,버스,2,7,0,대구,47.0,1,49.580342688373506
박민준,08:50,09:00,F,지하철,6,10,0,인천,-9.0,0,-12.061231034859098
최채원,08:00,09:00,M,자차,1,3,0,광주,-21.0,0,-29.245706373921216
정바,09:20,09:00,M,자차,3,3,0,광주,58.0,1,53.36572817648102
임하,09:51,09:00,M,지하철,3,12,0,대구,-8.0,0,-11.356179055487598
홍민준,09:19,09:00,F,자차,2,6,1,부산,-29.0,0,-32.742914351458296
안하,10:48,09:00,M,버스,6,11,0,대전,-23.0,0,-18.0949003657014
오유진,10:26,09:00,M,자차,0,10,0,광주,-11.0,0,-6.14705766575149
전도윤,10:21,09:00,F,지하철,6,5,0,인천,37.0,1,48.059398201383225
안자,08:03,09:00,M,지하철,5,12,1,서울,-14.0,0,-17.818605855961927
신마,10:33,09:00,M,자차,2,10,0,대구,-1.0,0,6.987241530322074
전나,10:15,09:00,F,자차,5,2,0,인천,-4.0,0,3.956336028320651
김하린,09:11,09:00,M,지하철,3,2,0,대전,31.0,1,29.83868120980568
권바,09:46,09:00,M,지하철,6,2,0,인천,-29.0,0,-26.632223015298827
안예솔,10:28,09:00,M,자차,0,9,0,대구,-24.0,0,-17.796333754293947
안현서,10:43,09:00,F,지하철,0,2,0,대구,43.0,1,42.7053768866887
안마,09:39,09:00,F,지하철,3,4,1,대구,-25.0,0,-25.681958886073215
전하린,08:07,09:00,F,자차,6,6,0,서울,-19.0,0,-22.13668710558726
조다온,09:51,09:00,F,지하철,0,2,0,서울,11.0,1,-0.800192593315149
윤주원,10:02,09:00,M,지하철,5,4,0,광주,-6.0,0,-5.647641917557605
이바,08:10,09:00,M,지하철,6,9,0,대구,-3.0,0,-6.549346637267131
조다,10:27,09:00,M,도보,3,12,0,대전,26.0,1,20.62325688191586
전도윤,08:36,09:00,M,지하철,6,6,0,대구,9.0,1,11.110958250721573
안아,10:40,09:00,F,자차,5,9,0,대전,-21.0,0,-28.25656120410549
오예린,09:39,09:00,M,도보,1,7,0,부산,-9.0,0,-4.969600543596912
전현서,08:57,09:00,F,자차,5,6,0,부산,41.0,1,43.417996576302606
박다온,08:10,09:00,F,버스,4,7,0,인천,0.0,0,-2.0009660584862594
신하,08:03,09:00,M,버스,0,12,0,광주,0.0,0,-0.3165512642222959
박파,10:13,09:00,F,지하철,3,1,0,서울,-16.0,0,-21.95110547077121
전민수,09:07,09:00,F,버스,4,7,0,인천,9.0,1,12.75169301682688
홍차,10:31,09:00,M,도보,5,1,0,부산,-25.0,0,-24.063178794743674
이민수,08:41,09:00,M,자차,5,11,0,광주,-10.0,0,-8.690750227052279
최지우,10:45,09:00,M,버스,3,8,0,인천,24.0,1,26.50945189836565
정유진,10:49,09:00,F,지하철,2,1,0,인천,52.0,1,48.78792293054138
오타,08:18,09:00,F,자차,1,8,0,부산,-29.0,0,-36.59529137460467
류파,09:56,09:00,M,지하철,0,6,1,부산,-11.0,0,-6.213408125436846
송아,10:49,09:00,F,자차,4,1,0,인천,-21.0,0,-17.55640793193796
권다,08:58,09:00,M,지하철,6,12,0,대구,-7.0,0,-9.676794016354673
최유진,08:12,09:00,M,자차,0,5,0,광주,-18.0,0,-15.954449004349799
강채원,10:37,09:00,M,자차,4,1,0,서울,46.0,1,52.28986719358975
안지우,09:25,09:00,M,버스,4,8,0,부산,-8.0,0,-2.306495984580301
홍자,08:04,09:00,M,지하철,1,5,0,서울,-23.0,0,-25.822794182159978
서도윤,10:31,09:00,M,자차,1,8,0,서울,24.0,1,16.556194772828743
장타,10:02,09:00,M,지하철,1,2,0,부산,-13.0,0,-19.586075697983766
강하린,08:12,09:00,F,지하철,4,10,0,대구,-1.0,0,-2.5586300647755555
황예솔,08:46,09:00,M,버스,2,6,0,서울,57.0,1,64.31158566643579
홍도윤,08:03,09:00,F,버스,5,6,0,서울,-7.0,0,-10.64222706070684
박지훈,10:51,09:00,F,자차,2,10,0,대전,-10.0,0,-12.981639265046777
정민준,08:04,09:00,F,지하철,0,7,0,인천,37.0,1,33.91544450940841
권마,10:23,09:00,M,버스,0,1,0,광주,57.0,1,54.34134601855666
이민수,09:32,09:00,F,자차,2,7,0,광주,-13.0,0,-13.056134220433137
한유진,09:44,09:00,M,지하철,2,8,0,서울,-8.0,0,-14.400250872758779
서서연,10:26,09:00,M,버스,5,4,0,인천,-17.0,0,-11.578200218365243
박도윤,10:41,09:00,F,자차,3,3,0,대전,-28.0,0,-28.724105390048233
박민수,08:22,09:00,M,자차,1,1,0,대구,-21.0,0,-8.604327126373324
전지안,08:03,09:00,F,버스,1,11,0,대전,-9.0,0,-14.867854992750075
임나,08:22,09:00,M,자차,3,1,0,대전,-20.0,0,-12.050669140875458
한마,10:02,09:00,F,지하철,2,8,0,인천,11.0,1,17.956726989932434
한하,09:42,09:00,F,지하철,4,11,0,서울,-29.0,0,-31.058420044228246
정민준,08:15,09:00,F,도보,6,5,0,인천,-7.0,0,-8.975303067559338
강현우,08:42,09:00,F,자차,2,3,0,대전,-6.0,0,-10.606489080649483
전지우,09:36,09:00,F,버스,3,9,0,인천,-1.0,0,-5.549107126197775
윤지후,10:11,09:00,M,버스,5,8,1,광주,47.0,1,46.99697025112571
윤민수,09:01,09:00,M,버스,1,1,0,인천,-25.0,0,-24.896520078768194
윤채원,10:50,09:00,M,지하철,3,7,0,대구,-24.0,0,-32.01177633470582
신민수,10:58,09:00,F,자차,2,1,0,대전,58.0,1,69.46752661662931
오주원,10:17,09:00,F,자차,4,5,0,서울,-12.0,0,-13.297584285815311
장민수,09:21,09:00,F,버스,5,4,0,대구,-26.0,0,-25.671938613914058
황민준,10:37,09:00,F,지하철,0,11,0,서울,-19.0,0,-22.13118716706721
강가,10:11,09:00,M,지하철,1,12,0,인천,-29.0,0,-30.33504769545917
홍서연,09:33,09:00,F,지하철,0,9,0,대전,-27.0,0,-28.789390556221043
이현서,09:19,09:00,F,자차,0,9,0,대전,34.0,1,33.985347870873696
권도윤,10:29,09:00,M,버스,0,1,0,부산,-28.0,0,-28.07294955214057
전현우,09:40,09:00,M,지하철,4,1,0,광주,-11.0,0,-6.9756682572946485
조주원,08:32,09:00,F,자차,6,10,0,대전,-19.0,0,-17.863900314506118
한마,10:59,09:00,M,도보,2,6,0,대전,12.0,1,15.521415101997516
정현우,08:12,09:00,F,지하철,6,7,0,인천,59.0,1,58.950945890972825
박시현,10:05,09:00,F,버스,5,9,0,부산,-5.0,0,-3.8437372244705457
박채원,09:58,09:00,F,버스,5,5,0,대구,-26.0,0,-27.206528413416358
윤현서,09:45,09:00,F,지하철,5,9,1,광주,-9.0,0,-3.984441328311756
홍타,08:09,09:00,F,버스,1,9,0,인천,-13.0,0,-11.386887852420378
장지안,09:28,09:00,F,자차,3,3,0,대구,6.0,1,5.209625727435497
정채원,10:40,09:00,F,지하철,3,9,0,부산,-17.0,0,-17.939550672756603
안유진,08:43,09:00,M,지하철,4,3,0,인천,-23.0,0,-23.546196706234984
류도윤,10:04,09:00,F,자차,5,4,0,대구,10.0,1,10.152219618385159
정바,10:34,09:00,F,지하철,0,10,0,대구,-21.0,0,-21.281805506094603
황나,10:51,09:00,F,자차,4,12,0,대전,-28.0,0,-30.7942082760568
황지후,09:32,09:00,M,자차,5,1,0,서울,-21.0,0,-17.175497223658695
송예솔,08:56,09:00,M,자차,0,8,0,부산,36.0,1,40.14037996274085
조다,10:05,09:00,F,자차,2,7,0,대전,-23.0,0,-14.080715810496267
강하,09:27,09:00,M,자차,6,8,0,대전,50.0,1,46.98185144677619
장아,09:52,09:00,M,자차,0,10,0,부산,-17.0,0,-13.667806374239472
류채원,10:13,09:00,F,버스,1,1,0,대전,-12.0,0,-21.545686581413413
오가,10:07,09:00,M,지하철,5,9,0,부산,19.0,1,23.14521532510944
홍가,08:43,09:00,F,지하철,1,4,0,서울,-27.0,0,-34.28291057503593
최아,10:16,09:00,M,버스,4,2,0,부산,5.0,1,0.07834448213857304
강지안,09:37,09:00,M,지하철,6,6,0,인천,-11.0,0,-9.338873354920906
안하은,10:47,09:00,F,버스,3,1,1,서울,-18.0,0,-21.10749517711156
류예솔,09:58,09:00,M,지하철,3,8,1,부산,-8.0,0,-11.791767550014551
신현서,10:40,09:00,F,지하철,3,7,0,광주,-14.0,0,-16.42408011249173
박나,10:56,09:00,F,지하철,2,7,0,인천,43.0,1,46.64812995959263
장사,10:59,09:00,M,자차,2,1,0,인천,-11.0,0,-15.664451982088718
송도윤,10:14,09:00,F,버스,3,10,0,대전,-7.0,0,-7.270774321112679
박지안,09:47,09:00,M,자차,6,1,0,부산,-24.0,0,-25.89328142269668
서마,08:21,09:00,F,버스,6,4,0,대전,-23.0,0,-18.90054614335493
최다온,09:09,09:00,M,자차,6,5,0,대구,-21.0,0,-16.760391229585785
안하은,09:25,09:00,M,자차,0,9,1,대전,-2.0,0,-11.176408987180563
류서연,10:20,09:00,M,지하철,2,5,0,광주,-7.0,0,-1.7744529061784258
안서연,09:45,09:00,F,도보,5,10,0,부산,55.0,1,51.94622046770594
서사,09:19,09:00,M,지하철,3,12,0,부산,-6.0,0,-4.81853900701663
김지안,08:26,09:00,F,버스,2,10,0,인천,-21.0,0,-25.694543701916484
강채원,10:08,09:00,M,자차,2,1,0,인천,-26.0,0,-24.144326986451084
한유진,09:17,09:00,M,지하철,0,10,0,부산,7.0,1,19.75674476810551
전현우,08:06,09:00,F,버스,2,3,0,부산,-11.0,0,-10.364172193574834
강하은,08:51,09:00,M,지하철,2,11,0,대전,38.0,1,35.70076141176821
서현우,10:38,09:00,M,지하철,2,12,0,광주,-9.0,0,-10.160806173377706
김유진,08:21,09:00,F,지하철,3,2,0,부산,-16.0,0,-23.3451497861901
강유진,09:13,09:00,F,지하철,1,2,0,광주,-29.0,0,-21.75518356917771
안타,09:32,09:00,M,지하철,1,9,0,서울,56.0,1,57.56441553798305
황서윤,08:15,09:00,F,자차,6,2,0,대구,-11.0,0,-16.244489531489233
임예솔,08:29,09:00,F,버스,2,12,0,서울,-8.0,0,-13.081591450643765
안예솔,10:49,09:00,M,버스,1,7,0,인천,25.0,1,25.07641189574413
임차,09:46,09:00,F,자차,4,7,0,부산,55.0,1,59.65997696669243
홍채원,08:37,09:00,F,지하철,3,11,0,부산,-15.0,0,-20.754949543684855
서바,08:30,09:00,F,지하철,4,3,0,부산,51.0,1,56.567046709335855
윤지안,09:16,09:00,M,자차,1,7,0,부산,45.0,1,44.541832240215484
한유진,10:10,09:00,M,도보,5,12,0,서울,-27.0,0,-31.651216925035484
서카,10:11,09:00,F,버스,1,1,0,인천,2.0,1,-0.33845213286488907
장다,08:35,09:00,F,지하철,5,3,0,대전,-21.0,0,-12.257230614351451
박시현,10:10,09:00,M,자차,2,2,0,부산,-15.0,0,-21.941066682726685
황예린,10:41,09:00,M,자차,2,5,0,광주,-21.0,0,-24.659464779730733
박하,08:40,09:00,F,버스,2,2,0,인천,0.0,0,4.762917923174602
강다,08:04,09:00,F,지하철,2,3,0,부산,58.0,1,59.08228521726817
조아,10:52,09:00,M,지하철,4,11,0,서울,-22.0,0,-25.95620409129026
황서윤,09:33,09:00,M,버스,3,6,0,광주,-2.0,0,2.8239661818241153
송서연,10:19,09:00,F,도보,0,5,0,서울,-11.0,0,-5.938521334154096
안사,08:57,09:00,F,자차,3,6,0,대구,-10.0,0,-8.343046657409595
장라,08:53,09:00,F,지하철,1,12,0,서울,-20.0,0,-23.06198293791757
장나,08:40,09:00,F,자차,0,6,0,광주,-7.0,0,-9.29152309917179
송시현,08:39,09:00,F,자차,5,6,0,대전,-7.0,0,-5.576619673508008
장사,09:24,09:00,M,버스,2,12,0,부산,-26.0,0,-32.5596453060669
서시현,08:19,09:00,M,자차,4,1,0,부산,-14.0,0,-7.361075594334438
정지후,10:31,09:00,M,지하철,1,6,0,인천,-22.0,0,-13.49895455662081
강하은,09:32,09:00,M,지하철,2,9,0,인천,-17.0,0,-18.179774249201355
최다,10:44,09:00,F,버스,2,7,0,대구,-18.0,0,-16.219477537845965
윤도윤,09:30,09:00,F,버스,0,11,0,대구,-20.0,0,-14.07098978575337
홍카,08:54,09:00,M,도보,6,11,0,부산,-20.0,0,-10.222195807161556
최라,09:32,09:00,M,버스,2,5,0,부산,-27.0,0,-19.215093322546508
김사,08:27,09:00,M,지하철,4,10,0,인천,-23.0,0,-31.677687566793963
류바,10:28,09:00,M,지하철,3,3,0,광주,-9.0,0,-10.577768441637595
오카,10:09,09:00,M,버스,3,3,0,광주,29.0,1,31.503441257416096
윤유진,08:26,09:00,M,지하철,4,12,0,인천,-5.0,0,-7.471086484509658
김지우,09:44,09:00,F,자차,3,1,0,광주,-25.0,0,-16.086166274798178
임예솔,09:36,09:00,M,지하철,0,5,0,인천,-11.0,0,-2.853124135986837
송현서,08:36,09:00,F,지하철,4,8,0,대구,-9.0,0,-13.079650706293648
윤유진,08:21,09:00,M,자차,0,5,0,대구,-3.0,0,-3.812000099528618
권가,10:16,09:00,M,지하철,3,11,0,인천,-16.0,0,-19.747770680948186
임유진,08:47,09:00,F,자차,2,4,1,부산,-15.0,0,-15.975642220530847
임하린,09:33,09:00,F,버스,3,7,0,광주,-24.0,0,-25.127161746666918
신민준,08:44,09:00,M,버스,0,2,0,부산,-22.0,0,-17.228710426265707
권라,09:57,09:00,M,자차,4,3,0,서울,-21.0,0,-25.442323318669175
이민준,08:08,09:00,M,자차,2,3,0,대구,23.0,1,9.916251975221181
권지우,09:04,09:00,M,자차,0,9,0,서울,-16.0,0,-24.022715411174097
최주원,09:38,09:00,F,지하철,0,3,0,부산,-25.0,0,-30.14150806353365
황예린,09:19,09:00,M,지하철,3,9,0,대구,-29.0,0,-32.278457944985355
신현서,09:50,09:00,M,자차,4,5,0,서울,-24.0,0,-23.064127996923933
전아,08:32,09:00,M,버스,3,7,1,부산,-10.0,0,-15.398969527644297
정다,09:19,09:00,M,자차,5,11,0,인천,-8.0,0,-14.055502951299658
황가,10:16,09:00,M,버스,5,11,0,대구,0.0,0,-4.6472370882605505
안지후,09:00,09:00,M,자차,6,1,0,대전,-29.0,0,-34.578270005798906
김다온,08:28,09:00,F,지하철,6,10,0,서울,-21.0,0,-23.772468721478226
황다,10:32,09:00,M,버스,6,12,0,광주,4.0,1,1.0135630205246722
전예린,10:20,09:00,M,지하철,5,9,0,인천,51.0,1,54.44528408486905
안지훈,10:02,09:00,F,버스,3,3,0,인천,21.0,1,16.052353074651887
전민준,10:23,09:00,F,자차,3,8,0,광주,12.0,1,10.212016858351143
전라,10:20,09:00,M,버스,4,8,0,서울,1.0,1,-1.7251133995838446
오예린,10:14,09:00,M,지하철,1,8,0,광주,36.0,1,40.04442488018784
전지후,09:31,09:00,F,자차,4,6,0,부산,-28.0,0,-28.77139638008852
안카,08:03,09:00,M,자차,4,7,0,인천,-23.0,0,-17.74651638300403
서도윤,09:47,09:00,F,버스,3,8,0,부산,-12.0,0,-17.761850880024042
송하은,08:49,09:00,M,도보,5,6,0,대구,-4.0,0,-4.246833042174099
서아,10:19,09:00,M,버스,4,10,0,광주,-1.0,0,-3.879455085149662
류민수,09:24,09:00,F,자차,6,9,0,대전,-23.0,0,-29.13023048942802
류아,10:42,09:00,M,지하철,6,4,0,대전,-9.0,0,-9.337555204925287
안현우,09:47,09:00,F,지하철,5,8,0,광주,31.0,1,39.66463879117612
윤카,09:39,09:00,F,지하철,2,10,0,인천,-11.0,0,-15.264544014630665
정다,10:45,09:00,M,지하철,1,6,0,인천,25.0,1,24.362725090811168
오바,09:25,09:00,M,버스,2,9,0,대전,-25.0,0,-31.561158097962757
황지우,09:07,09:00,M,지하철,4,2,0,부산,-14.0,0,-21.296138859520045
황다온,09:06,09:00,F,자차,6,5,0,대전,-28.0,0,-31.936261646714506
최지후,10:37,09:00,M,지하철,6,9,0,인천,-16.0,0,-18.249915058145902
강현서,10:16,09:00,F,지하철,4,11,0,인천,34.0,1,31.97208479534425
전카,08:29,09:00,F,도보,4,8,0,인천,-24.0,0,-25.13012507539613
전현우,09:28,09:00,F,자차,6,8,1,광주,-3.0,0,-11.241663203516849
박하은,09:06,09:00,M,도보,4,5,0,광주,-11.0,0,-14.129731057534862
장사,09:56,09:00,M,버스,0,9,0,서울,24.0,1,26.508792367018376
정타,08:09,09:00,F,지하철,3,5,0,광주,-5.0,0,-11.791225364472687
오민준,10:08,09:00,F,버스,2,1,0,광주,-1.0,0,-2.7757284742253554
서라,10:13,09:00,M,버스,4,3,0,대전,-29.0,0,-27.53578120030966
강나,08:40,09:00,F,지하철,4,8,0,대전,12.0,1,8.088665389881651
한지후,08:27,09:00,M,자차,2,12,0,대전,-15.0,0,-13.292378019195763
장타,09:52,09:00,F,자차,2,6,0,서울,-10.0,0,-17.605631396925155
강가,08:46,09:00,F,자차,0,11,0,인천,-11.0,0,-6.557752135338973
안자,10:49,09:00,M,버스,2,10,0,대전,58.0,1,59.82900366546848
최하은,10:19,09:00,M,자차,5,7,0,대전,-7.0,0,-6.721672982452664
서지우,10:51,09:00,M,지하철,4,10,0,인천,-3.0,0,2.6240901315292033
이하은,09:36,09:00,M,도보,6,5,0,대전,20.0,1,18.353254703816926
류파,10:48,09:00,M,버스,6,6,0,대전,-27.0,0,-30.08928056230956
박자,08:02,09:00,F,지하철,5,9,0,서울,-3.0,0,3.8627214204862312
서지훈,08:52,09:00,M,지하철,1,8,0,대전,-11.0,0,-1.7961709888260255
최현서,08:00,09:00,M,자차,2,7,0,인천,-4.0,0,-7.467188530588814
전지후,10:01,09:00,M,도보,0,6,0,인천,-27.0,0,-27.568716185539078
최지안,09:31,09:00,M,자차,0,12,0,부산,-6.0,0,-0.7747872836927288
김민준,08:51,09:00,F,자차,1,1,0,대전,-11.0,0,-11.390725009053861
신예린,08:54,09:00,M,도보,1,1,0,부산,-22.0,0,-19.027057456310082
전라,09:55,09:00,F,자차,0,6,0,대구,-17.0,0,-13.097982012558088
권지안,08:32,09:00,M,지하철,5,1,0,부산,-11.0,0,-13.81152287778272
류도윤,09:32,09:00,F,자차,3,5,0,대전,-16.0,0,-13.903626682998704
전현서,09:50,09:00,F,지하철,4,7,0,대구,-13.0,0,-13.030963472549685
안카,08:43,09:00,M,지하철,4,5,0,서울,-8.0,0,-14.084342966968812
강지안,08:41,09:00,M,버스,6,3,0,서울,-17.0,0,-21.948263232142
윤타,09:03,09:00,F,지하철,1,4,0,대전,-10.0,0,-13.262084621981844
김시현,09:46,09:00,F,도보,2,8,0,부산,-28.0,0,-23.35740074598698
최채원,08:45,09:00,M,도보,2,12,0,광주,40.0,1,44.806790811566636
윤자,09:08,09:00,F,지하철,3,10,0,서울,-13.0,0,-9.250435408391912
이채원,09:37,09:00,F,자차,3,7,0,대전,15.0,1,17.20055351632809
서바,08:33,09:00,F,버스,5,2,0,인천,34.0,1,36.064131535782195
박예린,09:42,09:00,M,지하철,3,3,0,부산,-22.0,0,-20.61219775222585
서도윤,08:24,09:00,F,지하철,1,6,0,대전,-7.0,0,-4.962014722891829
한지우,08:25,09:00,F,지하철,3,3,0,부산,-19.0,0,-16.62318708167899
강카,08:42,09:00,F,지하철,6,9,0,대전,-16.0,0,-23.022110828636905
정자,08:51,09:00,M,지하철,4,5,0,인천,36.0,1,32.04876427027881
홍민준,08:05,09:00,F,지하철,4,11,0,대구,51.0,1,45.85539187758979
임라,10:53,09:00,M,지하철,1,4,0,서울,-22.0,0,-16.464274961729956
조하린,08:55,09:00,M,도보,0,6,0,부산,-13.0,0,-4.729499482081936
임현우,10:24,09:00,M,지하철,1,9,0,서울,56.0,1,45.15476039793913
송파,10:42,09:00,M,지하철,0,3,0,대전,-21.0,0,-13.175926940641695
송바,10:24,09:00,F,버스,3,10,0,서울,-1.0,0,-0.5663931323423522
류현우,10:29,09:00,F,지하철,6,8,0,서울,-20.0,0,-14.93640090420649
오예린,08:18,09:00,M,버스,3,8,0,서울,-22.0,0,-19.467664227075517
정시현,09:06,09:00,M,지하철,4,6,0,대전,-14.0,0,-6.798024732000397
조하은,10:14,09:00,M,자차,5,12,0,대전,59.0,1,60.04871216678748
장서윤,09:43,09:00,F,버스,5,10,1,광주,-1.0,0,-7.817272294064583
안라,08:01,09:00,M,자차,4,3,0,서울,10.0,1,9.47162558113395
윤하,09:42,09:00,M,버스,5,7,0,인천,-17.0,0,-14.421719769465971
박예솔,10:24,09:00,F,버스,1,11,0,대전,-23.0,0,-24.079805507671793
홍지안,10:29,09:00,F,지하철,2,4,0,서울,10.0,1,13.288658610763353
박지후,09:09,09:00,M,지하철,2,7,1,광주,-13.0,0,-13.32848694320222
조하은,08:42,09:00,M,버스,5,10,0,서울,-2.0,0,-4.97754659557435
송민준,08:55,09:00,M,지하철,2,4,0,광주,-11.0,0,-16.429891916557704
전자,08:53,09:00,F,지하철,6,7,0,인천,-29.0,0,-30.959076912666724
강하,09:02,09:00,F,자차,1,7,0,대전,-8.0,0,-6.977141751498364
권현서,08:54,09:00,M,지하철,1,3,0,대구,59.0,1,49.203040978720246
송다,09:22,09:00,M,지하철,5,3,0,광주,-15.0,0,-18.900382053575115
박나,08:07,09:00,M,자차,5,7,0,대전,-10.0,0,-19.983460223871994
윤가,08:49,09:00,M,지하철,4,3,0,부산,-21.0,0,-24.0853742698902
이현우,08:56,09:00,F,자차,2,12,0,인천,-12.0,0,-6.013426328563883
오타,08:27,09:00,M,도보,0,7,0,대구,-11.0,0,-16.93058190864418
이서윤,10:38,09:00,F,도보,2,9,0,대구,8.0,1,11.515798729306647
장지우,10:01,09:00,M,버스,3,5,0,광주,20.0,1,34.2441256365616
임지안,10:44,09:00,F,지하철,2,4,0,부산,-17.0,0,-9.73230934371325
장지후,09:41,09:00,M,자차,6,6,0,서울,49.0,1,49.66756690195606
최사,08:19,09:00,F,자차,6,9,0,대구,-17.0,0,-12.707827721017587
장타,10:42,09:00,M,자차,5,5,0,광주,-14.0,0,-20.84841401218396
장다,09:22,09:00,M,지하철,0,4,0,서울,-7.0,0,-14.86707326705277
안타,10:03,09:00,M,지하철,0,2,0,대구,37.0,1,37.14349054539697
전차,09:08,09:00,F,지하철,3,7,0,광주,11.0,1,12.993052817342058
류현우,09:28,09:00,M,지하철,4,9,0,대구,-3.0,0,2.472021421246202
정주원,09:28,09:00,M,지하철,4,7,1,인천,-20.0,0,-22.843810707006575
임차,08:51,09:00,F,도보,2,4,0,인천,49.0,1,49.96697742180823
박예린,09:39,09:00,F,지하철,0,3,0,광주,-10.0,0,-9.204442217235128
강예린,10:12,09:00,F,자차,2,5,0,대전,-18.0,0,-18.656970527882336
강예솔,08:03,09:00,M,도보,5,5,0,대구,-11.0,0,-11.362374380670007
최예솔,08:23,09:00,M,지하철,6,3,0,대구,-25.0,0,-29.273522513197804
조차,10:31,09:00,M,버스,6,12,0,부산,-21.0,0,-19.601462958075185
오다온,09:42,09:00,M,자차,4,4,0,대구,55.0,1,55.97524990097539
황사,10:55,09:00,F,지하철,0,4,0,대전,-12.0,0,-14.200058829780176
임현우,09:48,09:00,F,버스,6,8,0,인천,-9.0,0,-5.6711286698821635
조사,09:57,09:00,F,자차,1,10,0,광주,-22.0,0,-16.86084205783852
안하은,10:41,09:00,F,자차,1,6,0,대구,14.0,1,17.386881479877314
임지안,09:58,09:00,M,자차,6,9,0,광주,0.0,0,-5.212216600303622
전유진,08:59,09:00,F,도보,3,2,0,광주,-1.0,0,-0.5017711656900417
이예솔,09:35,09:00,F,지하철,1,7,0,인천,18.0,1,13.44284218568274
홍유진,08:42,09:00,F,자차,3,1,0,대전,-2.0,0,-1.5172262685008338
신예솔,09:00,09:00,F,자차,0,2,0,대전,-10.0,0,-14.53768348509957
박현우,10:02,09:00,M,자차,2,8,0,서울,-14.0,0,-7.6141833132260714
권유진,08:26,09:00,M,자차,6,3,0,부산,-8.0,0,-4.08334265490079
윤유진,10:00,09:00,M,자차,2,1,0,대전,-5.0,0,0.7649465267119462
전채원,09:45,09:00,F,자차,6,3,1,대구,22.0,1,27.258610450977482
서서연,08:55,09:00,M,지하철,3,10,0,부산,-9.0,0,-10.352998557868325
최나,08:08,09:00,M,자차,4,8,0,광주,23.0,1,20.871951282362872
신사,10:06,09:00,M,지하철,4,5,0,인천,-14.0,0,-5.291380856499234
오시현,10:28,09:00,M,버스,3,12,0,서울,-8.0,0,-8.825598250862075
정아,10:11,09:00,F,자차,0,5,0,서울,-17.0,0,-23.772903212359996
박하,09:15,09:00,F,자차,6,11,0,광주,-11.0,0,-5.962666331670875
장자,09:57,09:00,F,버스,3,5,0,광주,59.0,1,59.7188783413186
장자,09:14,09:00,M,버스,4,1,0,대구,-28.0,0,-20.47027938010509
조서윤,09:04,09:00,M,지하철,3,2,0,대전,-29.0,0,-27.785151610095756
강파,08:58,09:00,M,지하철,4,4,0,서울,-19.0,0,-19.100007436733566
최서윤,08:37,09:00,F,지하철,2,3,0,대전,23.0,1,30.630604043873447
윤채원,10:54,09:00,F,도보,5,2,0,서울,4.0,1,-3.6923317251849364
황마,09:59,09:00,M,지하철,1,5,0,인천,-16.0,0,-18.926811523015036
권라,08:31,09:00,M,도보,4,12,0,대전,0.0,0,-4.436814859276041
황채원,10:35,09:00,M,지하철,4,3,0,인천,11.0,1,0.024601107133578992
박지안,08:27,09:00,F,자차,3,3,0,광주,-18.0,0,-13.634117859916984
황지우,09:46,09:00,M,버스,0,12,0,대구,-11.0,0,-13.787092069914696
조하은,08:29,09:00,F,자차,2,3,0,부산,-8.0,0,-3.4731597917671255
권민준,09:05,09:00,M,자차,0,10,0,부산,-23.0,0,-21.05456754382698
홍사,09:58,09:00,M,자차,3,8,0,서울,18.0,1,21.03571233313842
임채원,10:59,09:00,F,도보,4,12,0,부산,-1.0,0,-3.2769974042032377
서서윤,10:58,09:00,F,버스,3,7,0,부산,-7.0,0,-10.821240719925243
김마,10:41,09:00,F,지하철,5,8,0,광주,-23.0,0,-22.551195623901396
이하린,08:42,09:00,M,지하철,2,3,0,부산,32.0,1,36.595840916540844
서예솔,08:16,09:00,M,자차,2,7,0,서울,-27.0,0,-27.25191002741871
권시현,10:43,09:00,F,버스,3,9,0,광주,-15.0,0,-18.50968161316146
장마,10:46,09:00,F,버스,1,12,0,인천,3.0,1,-2.995090456991793
임다,08:50,09:00,M,버스,5,2,0,부산,-15.0,0,-13.979184923380865
전지후,08:03,09:00,F,지하철,5,2,0,광주,-29.0,0,-31.77033767464269
박카,09:56,09:00,F,자차,2,1,1,부산,-2.0,0,-2.3587029369486996
최민수,08:13,09:00,F,자차,5,10,1,광주,36.0,1,34.8061060887567
박다,08:07,09:00,M,자차,0,1,0,서울,-14.0,0,-16.222154873422728
류예린,10:48,09:00,F,자차,1,11,0,인천,-7.0,0,-5.530982196202439
김가,09:29,09:00,F,자차,1,5,0,인천,-14.0,0,-11.227479579279464
안민수,08:20,09:00,M,버스,2,4,0,대구,45.0,1,54.82639472325392
박서연,09:57,09:00,M,도보,1,12,0,광주,-27.0,0,-23.21016142657744
정지후,09:06,09:00,F,지하철,3,9,0,대구,-17.0,0,-9.031588352629297
장현우,09:36,09:00,M,자차,5,7,0,인천,-29.0,0,-33.09300185700869
신지우,10:41,09:00,M,자차,3,11,0,부산,-15.0,0,-23.00472385363512
오다,08:42,09:00,M,버스,3,10,1,인천,-25.0,0,-25.072151278600792
윤지안,09:56,09:00,F,지하철,0,8,0,광주,-5.0,0,-0.709863779254504
류다,10:29,09:00,F,버스,1,4,0,대전,-9.0,0,-5.494191409202852
박시현,09:16,09:00,F,지하철,5,12,0,대구,-8.0,0,-1.9430921383671258
전채원,10:54,09:00,F,도보,5,9,1,대구,-23.0,0,-35.68272679492603
오주원,09:20,09:00,F,지하철,0,12,0,대구,-15.0,0,-8.735115525578962
안도윤,09:22,09:00,M,지하철,0,12,0,대전,25.0,1,26.677313132148203
황가,10:39,09:00,M,버스,5,7,1,대전,52.0,1,44.27993327437493
한차,09:54,09:00,M,지하철,1,5,0,인천,-6.0,0,-2.382355766355971
조사,10:36,09:00,M,지하철,4,12,0,광주,-5.0,0,-4.152587115835184
강예솔,10:22,09:00,M,버스,5,12,0,서울,-11.0,0,-9.093853507109745
한민준,10:08,09:00,F,버스,5,2,0,광주,-4.0,0,0.9955457515768078
김지훈,08:43,09:00,M,지하철,3,8,0,광주,-20.0,0,-17.848623157846422
신예솔,09:11,09:00,M,버스,2,8,0,광주,-25.0,0,-32.36412549234843
최가,10:35,09:00,F,버스,5,9,0,인천,-29.0,0,-29.715131348914547
서사,09:50,09:00,M,자차,4,12,0,대전,-7.0,0,-15.088225854254459
이서연,08:50,09:00,F,지하철,5,4,0,인천,40.0,1,43.24530940279446
오현서,08:58,09:00,F,지하철,3,12,0,대전,-13.0,0,-6.010148792079802
서하,10:19,09:00,F,도보,6,8,0,부산,-15.0,0,-21.207259812761627
조파,08:32,09:00,F,버스,5,1,0,인천,57.0,1,53.64268119733795
한민수,08:20,09:00,M,지하철,0,7,0,대구,-14.0,0,-18.41184660561084
황채원,10:17,09:00,F,자차,2,2,0,대전,-13.0,0,-15.269526359691685
정채원,08:51,09:00,M,지하철,5,12,0,대전,-6.0,0,-3.9378842090056603
안현우,10:17,09:00,F,자차,0,10,0,대전,-3.0,0,-5.2153456105057945
이예솔,09:36,09:00,F,자차,4,11,0,부산,10.0,1,13.262650863495125
한지후,10:59,09:00,F,도보,2,8,0,대구,-12.0,0,-6.673101149620125
한서연,09:34,09:00,M,도보,1,5,0,서울,-2.0,0,3.508796306646385
권현우,10:36,09:00,F,지하철,3,6,0,대전,-1.0,0,-6.5909054768482385
최민준,10:33,09:00,F,자차,6,12,0,부산,-15.0,0,-8.070355277636384
황지안,08:38,09:00,F,지하철,6,2,0,인천,-25.0,0,-17.669638575618805
홍하,10:59,09:00,M,자차,2,11,0,대구,-16.0,0,-8.236600343814157
김도윤,10:14,09:00,F,버스,0,6,0,대전,0.0,0,-0.7890740985884788
윤라,08:19,09:00,M,지하철,6,8,1,광주,-25.0,0,-28.759212366551388
서현서,08:01,09:00,M,지하철,6,9,0,광주,7.0,1,2.0787940425995775
박하은,08:48,09:00,F,지하철,4,1,0,인천,-20.0,0,-25.508899432874095
신도윤,08:02,09:00,M,지하철,4,2,0,서울,-9.0,0,-8.941547966675657
안하은,09:04,09:00,M,지하철,3,2,0,대전,-8.0,0,-3.7607407175478738
한현서,10:59,09:00,F,도보,0,10,0,서울,-26.0,0,-19.467207795063278
이차,09:26,09:00,F,버스,1,1,0,대구,29.0,1,26.572214418188246
오서연,08:04,09:00,M,자차,1,8,0,대구,50.0,1,49.806558664598555
권차,09:28,09:00,M,자차,6,2,0,대구,-14.0,0,-14.52093776700723
조가,08:39,09:00,M,자차,0,10,0,대전,-4.0,0,-7.176401249325695
황서윤,10:34,09:00,M,지하철,3,12,0,부산,-8.0,0,-4.321252351196904
한마,08:16,09:00,F,자차,2,5,0,인천,-7.0,0,-5.185758766883872
황지안,10:18,09:00,M,자차,0,3,0,부산,-12.0,0,-11.29088412440197
김지후,09:20,09:00,F,자차,6,6,0,대전,-10.0,0,-8.208472804020376
강다온,08:03,09:00,M,도보,0,9,0,광주,-16.0,0,-12.922743760212581
윤파,10:01,09:00,F,버스,5,9,0,대구,32.0,1,35.027185095651944
강지훈,09:21,09:00,F,버스,5,8,1,서울,-9.0,0,-13.192449780609287
최차,10:18,09:00,F,자차,5,7,0,서울,-19.0,0,-14.51835725628527
오마,09:51,09:00,M,버스,1,8,0,부산,-14.0,0,-12.723169411597203
정사,10:21,09:00,M,자차,6,3,0,대구,-28.0,0,-30.173080974901325
오지안,09:22,09:00,F,지하철,4,3,0,대전,38.0,1,39.17114845723085
장가,08:01,09:00,M,지하철,2,12,0,서울,-24.0,0,-22.277612616374732
조도윤,08:23,09:00,F,버스,4,7,0,인천,-9.0,0,-3.591081664179381
황지훈,09:22,09:00,F,지하철,2,11,0,대구,-1.0,0,-6.230778142425901
임라,09:11,09:00,M,도보,1,8,0,서울,-17.0,0,-10.375078231729034
조도윤,10:22,09:00,M,지하철,2,6,0,인천,-10.0,0,-9.884168218450863
김도윤,09:14,09:00,M,자차,3,7,0,광주,16.0,1,13.469233746257007
정하린,10:34,09:00,M,지하철,4,9,1,대전,-27.0,0,-29.683790499285674
신아,08:33,09:00,M,도보,1,3,0,인천,-12.0,0,-17.006838791712898
송바,09:09,09:00,F,지하철,1,6,0,부산,-8.0,0,-16.704574418783714
박카,10:16,09:00,F,지하철,6,9,0,대전,9.0,1,12.386999401796018
조민수,08:22,09:00,M,지하철,3,2,0,부산,22.0,1,31.90443200210982
강서윤,08:57,09:00,F,버스,6,1,0,광주,-10.0,0,-18.088076744179077
안타,10:15,09:00,M,도보,2,2,0,대전,-25.0,0,-29.752139579651793
강현서,09:46,09:00,M,도보,2,8,0,서울,-3.0,0,0.7579159457266664
황민수,10:20,09:00,F,지하철,1,3,1,대전,54.0,1,53.771815456642884
전지안,09:32,09:00,F,버스,3,6,0,부산,-28.0,0,-23.827903788624255
안마,10:34,09:00,M,지하철,5,2,0,대구,32.0,1,31.491397384255816
최민수,10:37,09:00,M,버스,3,4,0,부산,33.0,1,30.09686250366811
박민준,10:55,09:00,F,버스,2,1,0,서울,-7.0,0,-8.129210553365656
김사,08:21,09:00,M,지하철,6,10,0,광주,-25.0,0,-36.910447111279815
조유진,09:46,09:00,M,자차,4,6,0,대구,38.0,1,32.28257827175767
정가,08:20,09:00,M,자차,2,3,0,인천,-16.0,0,-11.258603128906492
전예린,08:41,09:00,M,지하철,0,7,0,대구,-17.0,0,-11.040500779105777
김현우,08:54,09:00,F,지하철,3,12,0,광주,-6.0,0,1.0308302754615806
김현서,09:56,09:00,F,지하철,4,10,1,대전,-21.0,0,-18.795653267759835
전채원,09:17,09:00,M,지하철,6,11,0,인천,-19.0,0,-30.28034437143135
류아,10:35,09:00,M,지하철,1,5,0,서울,-14.0,0,-17.17503264593571
최지후,08:53,09:00,M,자차,1,5,0,부산,-13.0,0,-6.37672161725684
장타,09:51,09:00,M,지하철,6,4,0,대구,-17.0,0,-8.884728806582233
조아,10:17,09:00,M,자차,3,4,0,서울,-14.0,0,-7.186761284963784
정서연,10:56,09:00,F,자차,0,12,0,부산,-29.0,0,-30.181262323848998
정가,08:44,09:00,F,도보,0,2,0,부산,-1.0,0,-7.5328793328728265
오다,10:12,09:00,F,자차,3,11,1,대전,-7.0,0,-7.203157949792408
임서연,08:15,09:00,M,지하철,4,11,0,대구,-25.0,0,-24.925964908848687
윤예린,09:37,09:00,M,지하철,1,11,0,대전,2.0,1,9.827824100457264
장마,09:14,09:00,M,지하철,2,8,0,인천,-23.0,0,-21.861043499388945
임유진,10:52,09:00,M,도보,5,11,0,인천,-10.0,0,-9.916594105596143
박타,10:19,09:00,M,도보,6,1,0,대전,-15.0,0,-14.632524259282706
강하은,10:46,09:00,M,지하철,3,10,0,광주,0.0,0,1.999294148813432
임주원,10:33,09:00,F,지하철,2,7,0,부산,-5.0,0,-1.8677995696921585
오사,09:13,09:00,M,버스,2,12,0,부산,-28.0,0,-31.62268717008998
전라,10:12,09:00,M,지하철,0,2,0,인천,-19.0,0,-24.288101973127844
윤지훈,08:05,09:00,F,도보,0,12,0,서울,14.0,1,20.852792607023492
홍현서,09:40,09:00,F,지하철,5,7,0,서울,-1.0,0,-9.205206472178418
최시현,08:08,09:00,F,지하철,0,2,0,서울,-23.0,0,-14.811262703976137
권채원,10:10,09:00,M,버스,5,7,0,광주,-12.0,0,-21.553393486268497
오다,10:54,09:00,M,지하철,1,1,0,대구,-17.0,0,-19.922705664155107
송지안,10:02,09:00,M,지하철,4,1,0,서울,-25.0,0,-20.140730147082763
임자,10:31,09:00,M,자차,6,7,0,광주,-25.0,0,-24.998290554608634
이파,08:42,09:00,F,지하철,5,10,0,인천,22.0,1,15.417615981190796
강가,10:58,09:00,F,버스,5,2,0,광주,33.0,1,35.13214077062998
황라,09:39,09:00,F,버스,1,4,0,서울,-4.0,0,-3.6649782909975945
송가,10:01,09:00,F,지하철,4,5,0,대전,47.0,1,45.91975855779011
강다,10:18,09:00,M,지하철,4,7,0,부산,-10.0,0,-13.119611453914539
장바,09:55,09:00,M,지하철,2,1,0,인천,-8.0,0,-8.173029997653002
윤마,08:57,09:00,F,지하철,0,8,0,인천,-27.0,0,-29.909608059761776
서가,09:50,09:00,F,지하철,6,6,0,부산,-23.0,0,-10.827336655754207
조카,09:57,09:00,F,자차,1,12,0,대구,-19.0,0,-20.200085759083866
윤현서,10:34,09:00,F,자차,6,4,0,서울,-1.0,0,-2.8687847690955524
안지안,09:26,09:00,M,도보,6,6,0,대구,-24.0,0,-26.708180727438943
김카,09:30,09:00,M,버스,0,1,0,광주,-16.0,0,-7.115245785809034
황민준,09:30,09:00,F,자차,5,12,0,부산,-8.0,0,-16.195334389477832
최지후,08:20,09:00,M,자차,4,11,1,인천,-13.0,0,-11.202837890502911
권민준,08:16,09:00,F,지하철,1,5,0,대전,14.0,1,12.803550140617977
이하,08:03,09:00,M,지하철,5,6,0,부산,-13.0,0,-20.11700052321006
홍하,09:59,09:00,M,버스,0,11,0,부산,31.0,1,26.90461836068442
김현우,09:15,09:00,M,자차,1,4,1,서울,-8.0,0,-6.415230030470836
박민수,10:35,09:00,F,버스,6,3,0,인천,-27.0,0,-31.321966098280438
황서윤,10:06,09:00,M,지하철,5,3,0,부산,39.0,1,40.29781964110021
한지우,08:25,09:00,M,도보,0,9,0,대전,-27.0,0,-18.354233856568243
황라,08:18,09:00,F,지하철,1,3,0,부산,-1.0,0,-0.14699661391332275
송민수,09:05,09:00,M,도보,1,2,0,인천,-28.0,0,-35.26756239262248
임예린,10:45,09:00,M,자차,0,2,0,부산,-12.0,0,-16.23398130923445
송바,08:08,09:00,F,자차,1,12,0,부산,-23.0,0,-24.42702869372631
최예린,08:33,09:00,F,자차,4,11,0,부산,-23.0,0,-24.761175594973295
홍지후,08:05,09:00,F,지하철,0,12,0,인천,17.0,1,17.760069225579592
황아,09:14,09:00,M,자차,2,4,0,서울,29.0,1,30.562214710390336
임예린,10:58,09:00,F,자차,2,6,1,서울,39.0,1,47.652639775594295
이서연,10:03,09:00,M,자차,6,6,0,인천,-17.0,0,-17.01859832543947
서아,09:28,09:00,F,지하철,6,7,0,인천,13.0,1,7.23902776562045
한민준,08:25,09:00,M,지하철,5,1,0,부산,-22.0,0,-16.230969348757164
권하,09:03,09:00,F,지하철,2,8,0,대구,-20.0,0,-13.684877116094881
한채원,09:34,09:00,F,버스,3,1,0,대구,-25.0,0,-23.837784529970154
최지훈,08:49,09:00,M,버스,3,4,0,광주,-12.0,0,-13.23197197604481
오서연,10:06,09:00,M,자차,6,4,0,대구,-22.0,0,-18.887267987254692
조하린,10:56,09:00,F,자차,5,9,0,대전,45.0,1,43.94460093160235
최하,08:37,09:00,F,자차,6,11,0,부산,47.0,1,36.72145535611258
윤아,08:45,09:00,F,지하철,3,9,0,부산,-29.0,0,-26.182628585137664
강현우,08:22,09:00,F,버스,6,6,0,대구,-28.0,0,-23.538742615127113
최민준,10:10,09:00,F,지하철,5,7,0,서울,-4.0,0,3.205436151896647
한아,09:23,09:00,M,지하철,5,7,0,광주,-14.0,0,-17.653792214762824
이차,08:51,09:00,M,지하철,4,2,0,대구,-15.0,0,-13.869173420693635
장하,08:39,09:00,F,지하철,2,12,0,대구,-18.0,0,-16.761002210735086
강서연,08:12,09:00,M,지하철,4,12,0,인천,-19.0,0,-18.573087201480927
박자,09:25,09:00,F,버스,2,3,0,서울,-25.0,0,-24.425719808568925
한지후,10:02,09:00,M,지하철,4,2,0,대구,-15.0,0,-14.81431992311517
권나,08:42,09:00,M,지하철,1,2,0,대전,-21.0,0,-19.941252992085918
안유진,08:00,09:00,M,지하철,5,8,0,인천,-26.0,0,-22.296594830023235
강유진,09:25,09:00,F,자차,3,1,0,인천,-3.0,0,3.10143762292158
홍현우,10:01,09:00,M,버스,4,2,0,인천,59.0,1,55.21833789653181
서하,09:02,09:00,M,지하철,1,8,0,대구,-19.0,0,-19.861506773940913
윤주원,08:45,09:00,F,지하철,5,2,0,대전,-11.0,0,-13.113040599438285
권사,08:27,09:00,M,도보,5,1,0,대전,-27.0,0,-29.828361786000293
조서연,10:14,09:00,F,버스,1,1,0,대구,-16.0,0,-24.08015707653013
류예린,10:35,09:00,F,자차,2,9,0,대전,-18.0,0,-17.87888772073519
서현우,10:18,09:00,M,버스,4,5,0,서울,-22.0,0,-19.60339815227356
박차,09:33,09:00,F,자차,6,4,0,부산,15.0,1,14.224501240505639
서차,10:10,09:00,M,자차,5,8,0,부산,-7.0,0,-7.044789481985426
안하,09:11,09:00,M,지하철,3,3,0,광주,-16.0,0,-13.907815360454343
장지우,08:04,09:00,F,자차,2,7,0,인천,-23.0,0,-15.944401524181842
송마,09:06,09:00,M,지하철,6,6,0,대구,-23.0,0,-25.09882264761518
류아,10:06,09:00,M,자차,6,9,0,부산,-6.0,0,-11.858060571669448
송가,09:56,09:00,M,지하철,6,8,0,인천,7.0,1,6.54779926503193
오라,10:58,09:00,F,지하철,2,9,0,부산,-25.0,0,-15.582193683150273
최다,10:59,09:00,M,도보,3,3,0,대구,-4.0,0,-9.804502792141939
조자,08:43,09:00,M,자차,1,2,0,대구,10.0,1,13.25067847790142
강마,08:01,09:00,F,지하철,6,7,1,대전,-7.0,0,-1.21043385357443
전서윤,08:49,09:00,M,도보,6,1,0,광주,20.0,1,8.1723289030287
조자,10:37,09:00,M,지하철,1,6,0,부산,4.0,1,6.051112618042426
조지안,10:26,09:00,M,버스,1,8,0,대전,-25.0,0,-21.982946814634523
홍서윤,08:17,09:00,F,자차,3,10,0,인천,-18.0,0,-19.33667600689927
권사,08:28,09:00,F,지하철,2,8,0,대구,-16.0,0,-19.232192805448587
오채원,09:41,09:00,F,버스,3,12,0,인천,-16.0,0,-18.9533117626199
김현우,09:58,09:00,M,자차,2,7,0,부산,-29.0,0,-30.642842479378107
김지훈,10:56,09:00,F,지하철,4,6,0,서울,-6.0,0,-7.5104801584388845
김지안,10:15,09:00,F,버스,6,3,1,대구,-8.0,0,-10.453885213783837
송지우,08:38,09:00,F,지하철,6,9,0,광주,-14.0,0,-15.72237626341223
홍예솔,08:06,09:00,M,자차,3,10,0,대구,20.0,1,25.95395911923314
서민준,09:54,09:00,F,지하철,5,4,0,대구,-25.0,0,-31.072143894575674
김민수,09:39,09:00,M,지하철,4,1,0,대전,-16.0,0,-24.745292116357952
권하은,10:45,09:00,F,자차,1,1,0,대전,-21.0,0,-14.966074463828424
황예솔,09:43,09:00,F,지하철,5,8,0,대구,-24.0,0,-24.960088796702912
김서연,09:30,09:00,M,버스,2,8,0,서울,-26.0,0,-27.94116146241268
권차,08:54,09:00,M,자차,4,2,0,광주,-13.0,0,-13.556085618663346
권나,08:15,09:00,F,자차,5,1,0,광주,28.0,1,29.046383503895633
권서윤,10:37,09:00,M,지하철,6,8,0,대전,57.0,1,54.37974386440817
강마,10:28,09:00,F,자차,6,5,0,대전,55.0,1,57.52965563823651
최시현,08:29,09:00,F,자차,5,6,0,인천,-13.0,0,-17.81131286904448
정주원,10:06,09:00,M,지하철,3,4,0,서울,-2.0,0,-3.5091308892459305
권가,09:05,09:00,F,자차,2,9,0,부산,-2.0,0,-13.073481276423763
서민수,09:18,09:00,F,자차,3,9,0,광주,-14.0,0,-8.138814325681125
전카,10:32,09:00,M,자차,6,1,0,인천,-22.0,0,-22.880438482798148
조서윤,10:31,09:00,M,버스,1,2,0,대구,16.0,1,19.350520458685793
강유진,08:34,09:00,M,자차,3,7,0,대구,29.0,1,31.38287292133125
이주원,08:55,09:00,M,도보,4,8,0,광주,15.0,1,17.74906890185661
오지후,10:27,09:00,F,버스,0,2,0,대구,-25.0,0,-25.038877642871732
신지우,10:45,09:00,F,자차,4,2,0,서울,-12.0,0,-10.058863036304126
송현우,08:14,09:00,F,자차,1,9,0,대전,-17.0,0,-21.80642206305972
김다,10:30,09:00,M,자차,1,6,0,대구,37.0,1,31.14410721885134
최마,09:28,09:00,F,도보,4,2,0,부산,-24.0,0,-24.505529667526275
박카,09:46,09:00,F,지하철,0,8,0,서울,-9.0,0,-12.398881901978829
서현서,08:13,09:00,F,지하철,1,1,0,대구,-4.0,0,3.127320866247132
전가,10:02,09:00,M,버스,3,3,0,대전,-27.0,0,-25.12427785346445
황현우,10:02,09:00,F,버스,4,9,0,서울,-16.0,0,-19.582406950602696
장하,09:59,09:00,F,버스,0,3,0,부산,17.0,1,15.642297807472099
박다,10:22,09:00,M,자차,2,1,0,부산,-4.0,0,-3.3349670900595023
장유진,10:50,09:00,F,도보,2,12,0,서울,40.0,1,39.65998521925542
최도윤,10:32,09:00,M,버스,3,3,0,인천,-7.0,0,-5.641269835328675
조지훈,10:14,09:00,F,자차,2,7,0,부산,-9.0,0,-8.65672727768846
박다온,10:56,09:00,F,지하철,0,10,0,광주,-6.0,0,-12.9532837423504
송도윤,10:01,09:00,F,버스,3,12,0,대구,-13.0,0,-23.754522837519552
신현우,10:00,09:00,F,지하철,5,10,0,인천,-24.0,0,-25.868045224459955
권가,09:37,09:00,M,버스,4,5,0,서울,-22.0,0,-19.19753647450821
홍예린,10:18,09:00,F,버스,2,11,0,부산,-27.0,0,-28.811845172817893
김현우,08:12,09:00,M,자차,3,1,0,대구,-25.0,0,-18.817179432973873
권민준,09:31,09:00,F,자차,0,4,1,서울,-9.0,0,-9.234433496494493
조가,09:16,09:00,M,지하철,1,3,0,대구,-1.0,0,5.785980321259894
오타,10:44,09:00,M,지하철,3,7,0,대구,-4.0,0,1.7595171963215277
임아,08:13,09:00,F,지하철,4,11,0,대구,-23.0,0,-17.743565674127666
강서윤,09:55,09:00,M,도보,3,10,0,인천,-10.0,0,-16.017558171035002
김지안,08:33,09:00,F,도보,6,12,0,광주,-21.0,0,-20.914296660133992
장서연,10:39,09:00,F,지하철,4,2,0,광주,15.0,1,21.11386743741157
홍현우,10:33,09:00,M,지하철,0,10,0,서울,-13.0,0,-11.638276376209808
박지우,08:42,09:00,M,버스,3,9,0,인천,10.0,1,12.77179952499484
홍다온,10:36,09:00,F,자차,4,6,0,대전,-26.0,0,-32.93943652557811
송바,09:29,09:00,F,지하철,0,2,0,대전,-15.0,0,-5.406050346959665
윤아,10:54,09:00,M,지하철,2,2,0,부산,8.0,1,4.043127987172918
장주원,10:11,09:00,F,버스,6,11,0,광주,2.0,1,-7.972125708750983
안라,08:06,09:00,F,지하철,2,4,0,광주,-27.0,0,-28.755628689125334
김다,08:36,09:00,M,지하철,3,8,0,대구,-7.0,0,-19.237419257605332
정예솔,09:12,09:00,F,지하철,1,12,0,대전,-23.0,0,-28.425625723955832
임차,08:38,09:00,F,자차,0,6,0,인천,-15.0,0,-2.2074408344777723
박하은,08:23,09:00,M,버스,2,3,0,광주,52.0,1,50.0997961124839
오가,10:56,09:00,F,지하철,5,6,0,광주,-5.0,0,-12.138935839898954
조카,10:36,09:00,F,버스,6,3,0,광주,-7.0,0,-6.873510567169412
강민수,09:18,09:00,F,버스,4,3,0,대전,-9.0,0,-13.489018725159877
박현우,08:38,09:00,M,자차,5,10,0,대전,-4.0,0,0.3225959983696507
윤서윤,08:32,09:00,M,도보,4,5,0,대구,-28.0,0,-32.4477238969302
오가,10:44,09:00,M,지하철,4,9,0,인천,-6.0,0,-4.646331449324205
정채원,08:59,09:00,F,자차,2,9,0,인천,-17.0,0,-22.735295184362297
장다,08:02,09:00,F,자차,0,7,0,대전,36.0,1,48.995140723952765
장아,09:11,09:00,M,자차,2,7,0,대구,-17.0,0,-14.481881399863429
정서윤,09:21,09:00,F,지하철,6,3,0,부산,-16.0,0,-16.727528987412338
임지우,09:52,09:00,F,지하철,3,7,0,광주,-18.0,0,-19.464791253156427
정하은,09:00,09:00,M,지하철,5,10,0,대전,-27.0,0,-29.767999916246822
황예린,10:46,09:00,M,도보,0,3,0,대전,38.0,1,34.19543260096241
오하,09:55,09:00,M,자차,1,3,0,서울,-29.0,0,-32.94198363090593
홍채원,10:57,09:00,F,버스,2,9,0,대전,-26.0,0,-17.60835574769024
정지안,09:06,09:00,M,버스,2,12,0,광주,54.0,1,51.236930211393805
윤지훈,09:57,09:00,F,지하철,6,5,0,서울,-13.0,0,-23.647094533192103
전아,09:05,09:00,F,지하철,3,10,0,서울,-21.0,0,-26.829838604399473
송하,10:05,09:00,F,자차,4,3,0,부산,5.0,1,9.638623099995687
박다,10:14,09:00,M,버스,4,7,0,대전,-5.0,0,-6.2616202829566845
송현우,08:57,09:00,F,자차,2,12,0,광주,-26.0,0,-26.670408000681856
홍시현,10:48,09:00,M,자차,6,6,0,인천,-5.0,0,0.8490722570954636
이차,10:34,09:00,M,자차,1,7,0,인천,-3.0,0,-6.885832945861516
강서윤,10:41,09:00,M,자차,0,2,0,대구,-24.0,0,-20.83791138934548
류시현,08:39,09:00,F,지하철,5,7,0,대전,8.0,1,4.660584251062038
임주원,10:09,09:00,F,자차,4,8,0,서울,-22.0,0,-19.120616816238332
정채원,08:19,09:00,M,자차,1,12,0,부산,-4.0,0,-5.955676253848293
정다온,08:18,09:00,M,지하철,6,3,0,부산,37.0,1,35.79225412572155
권서윤,10:55,09:00,F,지하철,1,5,0,대전,-28.0,0,-23.89933171244361
한서연,08:27,09:00,F,지하철,1,8,0,인천,-3.0,0,0.7401240384124979
권아,10:35,09:00,M,지하철,1,12,0,광주,-1.0,0,-1.827139927022924
송하린,09:17,09:00,M,버스,1,3,0,대전,-28.0,0,-30.358118349973928
한바,08:54,09:00,F,지하철,5,9,0,부산,-6.0,0,1.9957379224082707
황하린,08:13,09:00,F,자차,4,11,0,대전,51.0,1,53.946654057489845
신시현,10:01,09:00,M,지하철,4,8,0,서울,-7.0,0,-8.955709043289426
강서윤,10:09,09:00,F,지하철,6,6,0,광주,52.0,1,48.73457818355122
홍지안,09:24,09:00,F,지하철,0,3,0,광주,-23.0,0,-17.875512465289304
안지훈,10:25,09:00,M,지하철,4,4,0,광주,-18.0,0,-17.422999569734202
송아,08:58,09:00,F,도보,0,1,0,서울,-15.0,0,-15.817764975630432
오다온,09:39,09:00,F,지하철,6,2,0,대전,-29.0,0,-28.425124122187032
장자,08:51,09:00,M,지하철,4,6,1,광주,-2.0,0,-0.3110156268150426
김카,09:44,09:00,M,지하철,5,2,0,서울,-27.0,0,-27.28344573715386
윤하린,08:24,09:00,M,지하철,3,1,0,인천,-8.0,0,-1.9815656657850287
조주원,09:25,09:00,M,자차,2,9,0,광주,-18.0,0,-11.703307618940066
송지우,09:38,09:00,F,자차,4,1,0,대구,-9.0,0,-6.340559403991003
윤지안,09:40,09:00,F,지하철,5,2,0,대구,-8.0,0,-1.126405047521863
조가,09:20,09:00,F,자차,1,8,0,부산,-9.0,0,-8.95751615930889
윤다,09:55,09:00,F,버스,6,12,0,인천,-16.0,0,-12.548344974976924
홍하,09:32,09:00,M,자차,5,9,0,대전,2.0,1,7.022281594359708
전하은,08:50,09:00,F,버스,0,1,0,인천,-26.0,0,-20.90480859991695
정마,08:38,09:00,M,지하철,6,3,0,광주,-3.0,0,1.5799957386917196
송도윤,09:56,09:00,M,자차,1,9,0,광주,-19.0,0,-15.844054029591577
안민준,10:48,09:00,M,자차,4,9,0,광주,-25.0,0,-15.21435942180957
홍자,10:15,09:00,F,버스,0,5,0,대구,59.0,1,56.301521073672546
최지후,09:54,09:00,F,도보,1,12,0,광주,-22.0,0,-22.776103937801054
전파,10:45,09:00,M,자차,4,11,0,부산,-29.0,0,-30.07255238325067
신지안,10:41,09:00,F,지하철,4,9,0,인천,0.0,0,-1.8403357238190474
신하은,09:31,09:00,F,자차,4,9,0,부산,33.0,1,23.05613978292532
권유진,08:19,09:00,M,자차,2,10,0,대전,-10.0,0,-3.1256759714587625
신차,09:54,09:00,F,버스,5,2,0,광주,-12.0,0,-17.13020229523139
한민준,09:52,09:00,F,버스,0,9,0,인천,19.0,1,19.849074543730485
송가,08:49,09:00,M,자차,5,12,0,대구,-16.0,0,-23.109305888374433
신현서,10:32,09:00,F,자차,2,3,0,인천,-9.0,0,-5.896421346401308
안예솔,10:36,09:00,F,버스,4,1,0,광주,1.0,1,-2.9269801797009896
권지후,08:59,09:00,F,지하철,6,5,0,부산,-7.0,0,-12.679809620545289
강나,09:25,09:00,M,버스,1,4,0,광주,59.0,1,59.97171732240853
조타,08:35,09:00,M,도보,2,12,0,부산,-25.0,0,-28.503672902413143
김라,08:32,09:00,F,자차,5,6,0,서울,58.0,1,55.129204519568134
전하은,08:47,09:00,M,지하철,6,8,0,광주,28.0,1,28.858948075998104
장아,09:05,09:00,M,자차,1,12,0,광주,-6.0,0,-2.0000527318279135
안자,08:49,09:00,M,자차,3,10,0,대구,-28.0,0,-32.09200243935856
임서연,08:27,09:00,F,버스,2,9,0,인천,-1.0,0,-5.955962369957499
이현서,09:20,09:00,M,지하철,3,12,0,광주,-12.0,0,-11.882581666588626
강예솔,09:52,09:00,F,버스,2,9,0,광주,-18.0,0,-15.303737098709588
서예솔,08:58,09:00,M,지하철,0,3,0,대전,-29.0,0,-21.686224040696874
오민수,09:36,09:00,M,지하철,6,9,0,대전,-22.0,0,-27.356647991468506
홍하린,08:48,09:00,M,자차,4,4,0,대구,13.0,1,11.410164493648097
최도윤,10:06,09:00,F,도보,3,4,0,부산,7.0,1,12.878930125376272
안아,09:56,09:00,M,지하철,0,8,0,서울,0.0,0,9.865472680693593
김지후,10:52,09:00,M,자차,0,4,0,인천,-22.0,0,-26.96545499654377
송라,08:09,09:00,F,도보,3,1,0,인천,14.0,1,10.305940400966751
류도윤,10:33,09:00,F,지하철,4,12,1,광주,-9.0,0,-7.094499526950702
임서연,09:01,09:00,M,지하철,1,7,0,서울,-25.0,0,-27.888715710965435
홍마,08:11,09:00,M,자차,5,9,0,광주,42.0,1,38.20384122745024
강유진,10:04,09:00,F,자차,2,10,0,광주,11.0,1,12.222353031844536
황채원,08:30,09:00,M,지하철,0,8,0,광주,23.0,1,30.747099768698888
오차,08:31,09:00,M,자차,3,8,0,인천,25.0,1,18.45258852450307
강라,10:56,09:00,M,자차,1,10,0,서울,26.0,1,33.491670538897566
류민수,08:39,09:00,F,자차,0,4,0,대구,12.0,1,9.126153907085559
서다온,09:38,09:00,M,자차,0,10,0,인천,-23.0,0,-21.271040393709008
강지안,08:36,09:00,M,지하철,1,9,0,인천,36.0,1,43.9542536055093
조도윤,08:22,09:00,M,지하철,3,3,0,인천,20.0,1,21.62661796151056
황나,08:00,09:00,F,지하철,6,2,0,인천,-5.0,0,-6.487455240995941
이채원,08:02,09:00,F,도보,1,11,0,인천,47.0,1,50.59087811347369
신아,09:25,09:00,F,도보,0,11,0,부산,19.0,1,18.134168988337798
임민준,09:18,09:00,M,자차,1,12,1,인천,49.0,1,51.60675524797307
최예솔,08:07,09:00,M,지하철,2,2,0,부산,32.0,1,30.976595008110902
안지우,09:02,09:00,M,버스,1,11,0,대구,-10.0,0,-5.694235515054808
박파,08:49,09:00,F,지하철,2,11,0,대구,-24.0,0,-30.97115846275108
조타,09:42,09:00,F,지하철,6,10,0,광주,39.0,1,33.93239187953162
황다,10:59,09:00,M,지하철,2,6,0,대전,30.0,1,22.95535787566027
서사,10:04,09:00,F,자차,4,7,0,인천,-27.0,0,-27.282147145981696
정다,10:45,09:00,F,지하철,4,6,0,서울,-18.0,0,-25.647691094048852
이지후,08:34,09:00,F,자차,0,1,0,광주,13.0,1,9.540842124665904
신지우,08:38,09:00,M,도보,1,7,0,부산,-6.0,0,-11.537543022844039
류지훈,10:15,09:00,F,자차,2,3,0,서울,-11.0,0,-3.6016188523058803
황파,08:55,09:00,M,지하철,3,3,0,부산,59.0,1,54.046598239120804
윤바,10:32,09:00,M,도보,0,1,0,대전,-23.0,0,-29.432728514616713
오채원,09:23,09:00,M,자차,4,6,0,대구,-17.0,0,-15.758307331171153
송다온,08:36,09:00,F,버스,2,1,0,부산,-6.0,0,2.4341057728083015
권서윤,10:31,09:00,F,자차,2,11,1,서울,-8.0,0,-8.580335396228424
박다,09:39,09:00,M,자차,4,11,1,인천,-5.0,0,-5.193596532385321
안하은,10:24,09:00,M,버스,6,10,0,광주,-14.0,0,-7.54621269460762
이도윤,09:21,09:00,F,버스,6,4,0,대구,-13.0,0,-8.60885330891777
홍민준,08:22,09:00,F,버스,6,2,0,서울,-16.0,0,-13.872925076940538
조서윤,10:02,09:00,M,지하철,2,7,0,대구,-28.0,0,-30.911703642000965
박사,08:22,09:00,M,자차,0,9,0,인천,-19.0,0,-16.720210468566936
윤파,09:59,09:00,M,지하철,1,1,0,서울,-17.0,0,-23.803920476763437
홍현서,09:15,09:00,M,지하철,2,11,0,부산,-10.0,0,-13.11837774696299
홍채원,10:22,09:00,F,지하철,2,6,0,서울,-19.0,0,-11.842686745223752
서하,10:36,09:00,M,지하철,1,10,0,대구,-28.0,0,-21.490036576294393
최지후,09:13,09:00,F,버스,1,1,0,부산,0.0,0,2.1874234966768795
윤주원,10:38,09:00,F,자차,1,6,0,부산,42.0,1,32.35323139311671
권라,08:19,09:00,F,지하철,4,6,0,서울,-10.0,0,-16.04110763991575
서사,08:19,09:00,F,지하철,3,1,0,광주,-1.0,0,-4.397362143070344
오예솔,10:58,09:00,M,자차,0,9,0,대구,47.0,1,46.141504843306414
최지후,09:43,09:00,M,도보,3,12,0,대전,26.0,1,19.747944247470187
서하은,09:21,09:00,F,버스,5,7,0,대구,-6.0,0,-7.23156861791116
윤서연,08:28,09:00,F,지하철,2,5,0,부산,-2.0,0,6.836476190776779
송서윤,08:52,09:00,F,지하철,2,8,0,부산,-17.0,0,-14.995820615706636
조지우,10:03,09:00,M,지하철,1,5,0,대전,-24.0,0,-22.905866855194816
송파,10:27,09:00,F,지하철,2,5,0,인천,11.0,1,5.912222904907559
홍서윤,10:44,09:00,M,도보,1,10,0,부산,-28.0,0,-36.194923933562535
최민준,09:13,09:00,M,자차,6,8,0,인천,-7.0,0,-13.14098212771519
최지후,09:21,09:00,F,지하철,6,4,0,인천,-20.0,0,-28.39694574020505
장시현,08:29,09:00,M,도보,2,5,0,서울,-9.0,0,-8.624823688792455
홍현서,08:14,09:00,M,버스,6,11,0,광주,37.0,1,38.919429022036795
장아,09:18,09:00,M,지하철,5,7,0,서울,7.0,1,2.1735502359032672
안라,09:44,09:00,M,버스,0,1,1,부산,-9.0,0,-8.260403300454263
권도윤,08:18,09:00,F,지하철,3,11,0,광주,-18.0,0,-10.655030918838582
오라,09:13,09:00,F,자차,4,9,1,대구,-20.0,0,-10.211513288263815
오민준,09:55,09:00,F,지하철,2,4,0,부산,9.0,1,12.852051753746093
서현우,10:25,09:00,M,자차,3,12,0,서울,38.0,1,37.125797480208284
장유진,10:48,09:00,F,지하철,3,12,0,인천,-17.0,0,-13.309478780618722
오지후,09:01,09:00,F,도보,4,12,0,광주,-2.0,0,4.759049918389807
한사,09:10,09:00,M,자차,2,5,0,부산,-12.0,0,-22.036140688952795
정지안,10:37,09:00,F,버스,4,12,0,대구,22.0,1,29.41034518898208
안민준,10:04,09:00,F,지하철,1,10,0,대구,-8.0,0,-10.722934102965313
이주원,08:49,09:00,F,도보,6,11,0,대전,0.0,0,-2.674814774687451
서지우,10:03,09:00,F,버스,0,7,0,광주,-1.0,0,-2.774639862929589
이자,08:28,09:00,F,지하철,0,4,0,부산,33.0,1,34.600420693878775
안카,09:20,09:00,F,자차,0,3,0,인천,-13.0,0,-18.55627126849383
황차,08:55,09:00,F,지하철,2,12,0,대전,-3.0,0,-4.424070173454758
한아,10:58,09:00,F,지하철,4,7,0,대구,-22.0,0,-19.373613967510547
장도윤,08:06,09:00,M,버스,6,12,0,서울,-1.0,0,0.09285624636996381
정채원,10:34,09:00,F,지하철,3,7,0,부산,-7.0,0,-5.095927428192654
최서연,08:50,09:00,F,버스,1,7,0,인천,-29.0,0,-30.619843561906148
오민수,08:06,09:00,M,지하철,2,1,0,대전,-21.0,0,-17.531450237686713
홍파,09:58,09:00,F,지하철,0,5,1,부산,-16.0,0,-10.717919389985722
권지안,10:02,09:00,F,지하철,3,7,0,서울,44.0,1,48.982196560813556
황타,08:25,09:00,F,지하철,5,2,0,부산,0.0,0,2.1380511642156788
김유진,08:06,09:00,F,도보,0,2,0,대구,-1.0,0,3.694463043618395
조하은,08:20,09:00,M,버스,5,8,0,서울,7.0,1,11.355302920573653
오자,09:13,09:00,F,버스,1,3,0,서울,-27.0,0,-13.617460466579267
이하은,08:23,09:00,F,지하철,4,9,0,인천,-23.0,0,-16.909664649756458
송나,10:06,09:00,M,자차,5,6,0,광주,-28.0,0,-28.44372068317641
전하은,08:13,09:00,F,지하철,5,5,0,부산,-24.0,0,-28.55839643673435
오채원,10:22,09:00,M,지하철,4,2,0,인천,0.0,0,-1.3057012737955533
장아,10:37,09:00,M,자차,4,5,0,인천,6.0,1,4.341075722000102
홍민준,10:09,09:00,F,버스,1,7,0,광주,-24.0,0,-21.44288716137066
권바,10:49,09:00,F,자차,0,7,0,대전,-13.0,0,-16.501281225946496
강카,10:49,09:00,F,자차,2,4,0,대전,12.0,1,17.96088585760202
조지훈,08:08,09:00,M,자차,4,1,0,부산,-20.0,0,-26.94781502947648
한파,09:01,09:00,F,지하철,4,12,0,대전,-12.0,0,-20.16262568158208
권마,10:16,09:00,M,지하철,5,12,0,서울,-21.0,0,-21.675580039626745
김주원,09:01,09:00,F,지하철,2,11,0,대전,-25.0,0,-29.21279524597756
서사,10:12,09:00,F,자차,6,4,0,서울,-29.0,0,-35.29116926992148
이아,10:19,09:00,F,도보,3,8,0,서울,-16.0,0,-19.185349775024214
이하린,10:59,09:00,M,도보,1,2,0,서울,-8.0,0,-11.807429145394615
조타,08:59,09:00,F,지하철,5,11,0,서울,-18.0,0,-17.949328343828906
정카,09:02,09:00,M,자차,0,1,0,대구,-14.0,0,-17.102353941571305
임카,08:04,09:00,F,버스,2,6,0,인천,-6.0,0,-8.695671791250362
안다,08:51,09:00,M,자차,5,11,1,광주,-21.0,0,-21.024328591106464
전민수,08:50,09:00,F,버스,5,9,0,서울,58.0,1,63.07120785367712
김카,09:21,09:00,M,지하철,1,11,0,부산,24.0,1,31.353727327443952
박현우,09:15,09:00,F,지하철,1,6,0,서울,-2.0,0,-1.2611621875796768
장서윤,10:34,09:00,F,도보,0,2,0,서울,-12.0,0,-10.872284406147399
한다온,10:19,09:00,M,버스,0,1,0,광주,-20.0,0,-20.915935086479205
오지안,10:11,09:00,F,지하철,5,2,0,인천,-27.0,0,-24.59375689970461
황현서,08:00,09:00,M,지하철,5,1,0,부산,-18.0,0,-16.048903197079305
서마,09:24,09:00,F,지하철,3,6,0,부산,-29.0,0,-22.37076158455794
서하,10:11,09:00,M,도보,3,1,0,대전,8.0,1,-1.4435231457771458
이다온,08:44,09:00,M,지하철,2,3,0,인천,-24.0,0,-25.172488718561038
송채원,09:16,09:00,M,지하철,1,6,0,부산,-7.0,0,-5.304050654361781
조타,10:10,09:00,F,자차,0,9,0,대전,-25.0,0,-25.131419787710556
최민수,10:23,09:00,F,버스,4,9,0,부산,-10.0,0,-14.69586516048056
서도윤,10:33,09:00,F,지하철,0,1,0,부산,59.0,1,52.50316660379761
오지안,09:17,09:00,M,지하철,0,11,0,광주,-18.0,0,-13.96838786985569
오나,09:11,09:00,F,지하철,5,7,0,인천,-6.0,0,-9.784629251982075
안나,09:08,09:00,M,지하철,4,5,0,서울,35.0,1,26.22549754247199
정도윤,10:00,09:00,M,지하철,3,5,0,광주,18.0,1,22.28286430004949
황차,09:15,09:00,M,지하철,1,11,0,부산,-16.0,0,-13.705085497769673
권지안,09:12,09:00,M,자차,1,6,0,광주,-20.0,0,-20.579370487291175
임도윤,08:30,09:00,F,자차,3,3,0,대구,-27.0,0,-31.572757963805145
권현우,09:26,09:00,F,자차,2,6,0,광주,-28.0,0,-28.56720721685247
정채원,08:42,09:00,F,지하철,3,1,0,대전,8.0,1,14.077938002596026
이하린,09:34,09:00,F,지하철,1,2,0,광주,-24.0,0,-32.073496430144
송도윤,10:39,09:00,F,도보,1,4,0,대전,-16.0,0,-23.81988808369797
황서윤,10:19,09:00,M,자차,0,3,1,인천,-26.0,0,-29.138826614562053
김유진,09:26,09:00,M,버스,2,5,0,서울,-3.0,0,-3.133218433966025
임자,10:55,09:00,F,지하철,1,1,0,인천,22.0,1,19.518540510581097
강라,10:56,09:00,M,지하철,1,8,0,대구,28.0,1,31.214082875835096
서카,09:19,09:00,M,버스,3,2,0,광주,-29.0,0,-23.555830277758265
류다,10:17,09:00,F,버스,3,3,0,부산,-6.0,0,-4.606156126962661
정파,09:01,09:00,M,지하철,1,12,0,광주,-12.0,0,-9.197838281219479
장민수,10:38,09:00,F,도보,4,1,0,대구,-27.0,0,-25.639502239881637
임아,09:07,09:00,F,버스,2,4,0,광주,-21.0,0,-20.95245954542341
안자,08:46,09:00,F,버스,2,7,0,대구,-25.0,0,-31.467793499073476
박현서,08:24,09:00,F,지하철,3,4,0,대구,4.0,1,-1.1399585380131407
권차,10:31,09:00,M,자차,0,4,0,부산,-20.0,0,-26.754592384859635
류하,08:53,09:00,M,자차,2,2,0,광주,-18.0,0,-18.74252397480542
홍시현,10:26,09:00,F,지하철,4,6,0,서울,-5.0,0,-3.8386098437281384
강하은,08:15,09:00,F,버스,0,10,0,부산,-29.0,0,-36.24631192390688
한시현,09:30,09:00,M,자차,3,8,0,대구,-19.0,0,-18.63702476448996
류사,09:17,09:00,F,자차,0,12,0,서울,4.0,1,-0.3760816413010435
정민준,09:18,09:00,F,지하철,4,9,0,대전,-20.0,0,-25.345996717684294
윤예솔,08:30,09:00,M,자차,0,10,0,대구,-12.0,0,-15.126747082803544
한예린,08:13,09:00,F,버스,1,6,0,부산,-28.0,0,-33.60238249172523
서가,09:02,09:00,F,지하철,2,8,0,부산,-13.0,0,-9.966704410203569
윤지후,09:24,09:00,F,지하철,4,7,0,부산,-5.0,0,-5.840022090244638
황하은,10:22,09:00,F,지하철,5,10,0,인천,-5.0,0,-0.9239297150620605
윤자,09:23,09:00,F,지하철,3,7,0,대구,8.0,1,5.782518239468652
서가,08:44,09:00,F,버스,0,5,0,부산,11.0,1,8.971569690581571
황도윤,08:47,09:00,M,자차,2,1,0,대전,-20.0,0,-10.633086795932723
강사,09:50,09:00,F,지하철,5,11,0,인천,-22.0,0,-30.115302358401696
장주원,09:18,09:00,F,도보,0,6,0,대구,-6.0,0,0.42240621709849613
강현서,10:42,09:00,F,지하철,5,10,0,인천,-20.0,0,-11.727379811770865
전지후,09:19,09:00,F,버스,2,9,0,인천,-29.0,0,-25.170912518692504
김유진,09:42,09:00,M,도보,0,1,0,서울,-15.0,0,-16.65235234685512
권지안,08:11,09:00,M,자차,4,8,0,광주,-29.0,0,-21.86548964130129
한나,08:34,09:00,M,자차,0,6,0,부산,-4.0,0,-5.608806799449995
송지훈,10:33,09:00,F,자차,2,3,0,서울,58.0,1,54.47107207144639
신하린,09:02,09:00,F,지하철,1,4,0,인천,-12.0,0,-13.941341720958318
정민수,09:15,09:00,M,지하철,4,8,0,대전,-16.0,0,-18.85096869559269
류유진,09:46,09:00,F,버스,0,2,0,광주,-10.0,0,-14.733115624597911
임라,08:10,09:00,M,지하철,0,8,0,부산,5.0,1,10.550039170544824
류라,09:31,09:00,M,지하철,3,11,0,대구,-3.0,0,-6.867241763108918
최바,09:02,09:00,F,지하철,6,2,0,인천,-13.0,0,-13.148234944606864
오민수,08:26,09:00,M,도보,0,1,0,부산,-10.0,0,-17.21885944699402
정나,09:15,09:00,F,자차,3,1,0,광주,41.0,1,41.15405340874596
조주원,09:20,09:00,F,자차,5,9,0,부산,-6.0,0,-11.779630221113695
조하은,08:33,09:00,M,자차,2,11,0,부산,-11.0,0,-16.902429114626166
한하,09:37,09:00,M,지하철,3,12,0,서울,-12.0,0,-12.546439550480414
권나,10:14,09:00,M,지하철,5,1,0,광주,-26.0,0,-20.715138674095325
류하,08:48,09:00,M,자차,5,6,0,서울,34.0,1,36.20206843869898
신예솔,10:53,09:00,F,자차,2,1,0,광주,-14.0,0,-11.454398069336204
황현우,09:50,09:00,F,지하철,5,5,0,대전,6.0,1,5.350414100104962
장하은,10:19,09:00,F,버스,4,4,0,서울,-12.0,0,-13.678201325752587
오지후,08:12,09:00,F,버스,3,8,0,서울,-11.0,0,-7.044296807528822
임하,10:18,09:00,F,지하철,3,11,0,대전,24.0,1,21.184114188395988
장하,09:00,09:00,F,지하철,6,10,1,서울,33.0,1,37.17217077223848
권차,10:07,09:00,F,버스,6,1,0,대구,57.0,1,63.1797346946703
서현우,10:24,09:00,F,자차,6,3,0,대전,23.0,1,18.793066085121115
장하린,08:45,09:00,F,도보,4,4,0,서울,-17.0,0,-20.47222747816604
류지훈,08:46,09:00,M,버스,2,4,0,인천,-8.0,0,-10.728477532073022
최다온,08:10,09:00,M,자차,0,5,0,대구,20.0,1,12.665186871232933
조서연,09:48,09:00,F,자차,0,8,0,대구,59.0,1,56.65298634183071
강타,10:19,09:00,M,지하철,6,9,0,대전,-26.0,0,-19.492751313902474
강차,09:13,09:00,M,자차,2,12,0,인천,-12.0,0,-17.22787771167674
오민수,08:28,09:00,M,버스,0,9,0,부산,29.0,1,35.62598054326974
박차,08:56,09:00,M,버스,1,4,0,대전,-12.0,0,-14.167222289765386
최자,09:12,09:00,F,지하철,0,3,0,인천,-1.0,0,9.570178185513765
장하린,10:44,09:00,F,도보,3,5,0,서울,-26.0,0,-29.40906532657714
윤차,08:22,09:00,M,도보,4,10,0,대구,-14.0,0,-14.719909749110798
서하은,09:01,09:00,F,지하철,2,12,0,부산,41.0,1,36.449084674038
황지우,09:54,09:00,F,지하철,5,5,0,인천,-4.0,0,-7.438503867929131
안유진,08:42,09:00,F,지하철,3,3,0,대전,21.0,1,27.690895834291958
권나,10:39,09:00,F,자차,6,1,0,서울,-5.0,0,-2.6273165743051003
신가,10:43,09:00,M,버스,5,1,0,광주,46.0,1,51.14408889588725
송하은,09:08,09:00,M,지하철,0,8,0,대전,10.0,1,3.4220534950498376
전서연,10:14,09:00,F,자차,1,8,0,대전,-10.0,0,-6.725857734210425
황바,10:16,09:00,F,지하철,5,8,0,인천,-23.0,0,-27.857216583602355
오타,10:02,09:00,F,버스,3,1,0,부산,-2.0,0,-8.686592565164263
신지우,08:33,09:00,F,지하철,5,6,0,서울,-3.0,0,-1.8061693057322206
이카,08:08,09:00,F,버스,2,3,0,대전,34.0,1,35.142691667057065
임파,09:02,09:00,M,버스,0,5,0,대구,45.0,1,45.26672893149575
정주원,08:23,09:00,F,지하철,5,8,0,대구,-16.0,0,-12.412207936861673
오가,08:52,09:00,M,버스,5,4,0,광주,-14.0,0,-9.632168411831614
권파,09:54,09:00,M,도보,4,8,0,광주,-28.0,0,-20.651353304031495
신채원,09:45,09:00,M,버스,2,4,0,광주,-22.0,0,-27.951714991529176
황자,08:37,09:00,F,도보,0,7,0,대전,-19.0,0,-11.489918772748876
홍아,08:03,09:00,M,버스,5,6,0,대전,-10.0,0,-0.5884425515221174
송라,08:40,09:00,F,자차,4,5,0,부산,46.0,1,44.16884991773983
전서연,09:21,09:00,F,지하철,4,2,0,부산,-18.0,0,-26.342458415365883
정다온,10:20,09:00,F,자차,1,7,0,부산,-17.0,0,-23.917494565345592
강하,09:05,09:00,M,지하철,5,12,1,인천,-8.0,0,-10.309256904668558
장민준,08:51,09:00,F,지하철,5,8,0,인천,-11.0,0,-0.9292920484628908
권시현,09:39,09:00,M,지하철,6,9,0,대전,-27.0,0,-26.914599998984105
서지우,08:12,09:00,F,지하철,3,10,0,대전,-16.0,0,-19.085920583759066
송예린,08:40,09:00,F,도보,5,1,0,광주,-14.0,0,-17.427011291786485
황자,08:06,09:00,M,도보,2,10,0,서울,-23.0,0,-29.61361162502896
황라,09:34,09:00,M,자차,4,3,0,광주,-8.0,0,-3.6271198515980494
전아,09:19,09:00,M,지하철,4,8,0,대전,-6.0,0,-6.460343723595423
정자,09:44,09:00,F,자차,5,12,0,대전,-29.0,0,-18.50085245118784
홍민준,09:51,09:00,F,자차,5,11,0,대구,10.0,1,13.141046982132252
홍아,09:11,09:00,M,지하철,0,5,0,광주,7.0,1,11.149681580286352
이유진,10:36,09:00,F,버스,5,11,1,대구,-24.0,0,-25.21052415371339
박하은,10:45,09:00,M,자차,5,8,0,서울,-12.0,0,-17.45515169086744
황현우,08:19,09:00,F,지하철,3,2,0,대구,40.0,1,35.6320950983541
신하린,10:45,09:00,M,버스,3,3,0,부산,-28.0,0,-34.846234719445405
강카,08:35,09:00,M,자차,5,12,0,대전,-11.0,0,-6.448026400909545
장카,08:44,09:00,F,지하철,3,11,0,부산,-20.0,0,-21.92457593622943
오지훈,09:35,09:00,M,버스,2,11,0,서울,-1.0,0,3.762502697960331
황카,08:05,09:00,M,버스,5,5,0,인천,-20.0,0,-19.320427988462182
조파,09:05,09:00,F,자차,5,4,0,인천,37.0,1,35.53590822114777
임다온,08:35,09:00,M,도보,1,10,0,인천,-5.0,0,-10.84801417484275
류차,09:26,09:00,F,자차,5,1,0,서울,10.0,1,11.508163664813388
강현우,10:26,09:00,M,자차,2,11,0,대구,-7.0,0,-8.093165082233975
임라,10:46,09:00,M,버스,0,8,0,대전,-24.0,0,-19.489080360222893
윤카,08:38,09:00,M,자차,6,8,0,서울,-6.0,0,-9.577053379377993
박하린,09:38,09:00,F,버스,1,6,1,광주,13.0,1,16.08053886748518
장나,09:25,09:00,M,지하철,1,12,0,서울,36.0,1,44.20424208111268
송파,09:14,09:00,M,자차,1,9,0,부산,-14.0,0,-12.637220426701402
신도윤,09:53,09:00,F,자차,3,1,0,대전,-27.0,0,-23.073542736290594
윤현우,10:58,09:00,M,버스,1,7,0,부산,-28.0,0,-25.1405487691121
장라,09:12,09:00,M,자차,1,11,1,인천,-13.0,0,-3.5095425774123914
박시현,08:11,09:00,M,자차,2,1,0,대구,-2.0,0,-0.14219789153085594
홍민수,10:44,09:00,M,지하철,1,9,0,인천,-8.0,0,-4.50020574132245
서자,10:47,09:00,M,지하철,1,3,0,대구,-18.0,0,-18.181380142579783
정파,08:58,09:00,F,지하철,6,7,0,대구,-10.0,0,-13.871942678413795
임지후,09:30,09:00,M,지하철,4,11,0,광주,-21.0,0,-27.040878428405847
정채원,10:35,09:00,M,버스,0,6,0,인천,40.0,1,46.33462032818338
조예솔,09:30,09:00,F,지하철,0,1,0,인천,-29.0,0,-34.0417968567127
안하은,09:26,09:00,M,지하철,5,1,0,광주,-18.0,0,-14.27067750108284
한현우,10:45,09:00,F,지하철,1,9,0,대구,-18.0,0,-15.919916848081192
김서윤,10:29,09:00,M,자차,1,12,0,광주,-15.0,0,-10.411073275521343
류유진,09:31,09:00,F,자차,4,4,0,광주,18.0,1,15.426439887083907
정서연,08:29,09:00,F,지하철,5,12,0,대전,25.0,1,21.046350427583945
한라,09:18,09:00,M,지하철,2,6,0,대구,-5.0,0,-3.1081408095012124
안지후,10:01,09:00,F,지하철,5,1,0,인천,-17.0,0,-18.461708366037566
최파,08:49,09:00,M,지하철,2,7,0,서울,17.0,1,10.844858316968608
이사,09:36,09:00,F,지하철,0,12,0,서울,-27.0,0,-17.307372288298268
신서연,09:58,09:00,M,지하철,5,4,0,서울,-20.0,0,-23.957040829812726
이지후,08:15,09:00,F,지하철,6,12,0,인천,-22.0,0,-26.968163559925074
오하,09:42,09:00,F,도보,6,8,0,부산,20.0,1,18.78932115910311
오시현,10:12,09:00,F,버스,0,5,0,부산,-25.0,0,-18.73570715421043
김현서,08:38,09:00,M,자차,3,9,0,인천,-11.0,0,-21.83367521561808
김자,09:38,09:00,F,지하철,4,5,0,대구,-10.0,0,-4.150581927122754
안예린,10:07,09:00,F,지하철,0,2,0,서울,-29.0,0,-33.55736750728151
정나,08:07,09:00,F,도보,6,11,0,인천,48.0,1,49.32262620054127
조서윤,09:55,09:00,F,지하철,0,5,0,인천,7.0,1,3.619965191380998
오주원,08:46,09:00,M,자차,1,7,0,서울,-13.0,0,-3.04041572998997
임사,09:11,09:00,F,도보,6,9,0,부산,31.0,1,31.623100433211757
안현서,09:56,09:00,F,버스,3,1,0,부산,49.0,1,45.45954224829382
최현서,08:00,09:00,M,지하철,4,9,0,광주,-22.0,0,-23.505456609188453
장채원,08:03,09:00,F,버스,3,5,0,부산,-19.0,0,-18.551814625491563
류민수,09:20,09:00,F,지하철,5,7,0,서울,-3.0,0,-2.1116169611889966
조바,10:50,09:00,M,지하철,0,6,0,부산,-9.0,0,-6.806187582393396
최다,08:01,09:00,M,지하철,4,10,0,대구,-9.0,0,-9.007023038411575
정서연,10:21,09:00,M,자차,0,3,0,광주,7.0,1,0.11418791695642039
권서윤,08:13,09:00,M,자차,1,2,0,서울,-5.0,0,-6.701338354508304
이다온,09:28,09:00,F,지하철,3,5,0,대전,-23.0,0,-19.96670812579571
권차,09:17,09:00,F,지하철,3,2,0,부산,-28.0,0,-31.349414031895005
김하,09:24,09:00,F,자차,1,3,0,대구,-28.0,0,-24.63609360150811
권라,08:14,09:00,F,도보,5,8,0,서울,18.0,1,18.158590664789052
서다온,10:15,09:00,M,지하철,2,10,0,부산,-5.0,0,-6.088700783832449
임예솔,08:49,09:00,F,지하철,6,9,1,대구,-13.0,0,-7.0292805373020375
안차,10:18,09:00,F,자차,0,4,0,인천,-6.0,0,-14.690657221921407
전라,09:57,09:00,M,자차,1,10,0,광주,-1.0,0,-4.376604491323247
홍마,09:39,09:00,M,도보,2,5,0,인천,-18.0,0,-11.837856451606122
안사,08:55,09:00,F,지하철,4,3,0,서울,16.0,1,25.150245815767672
권다,09:57,09:00,F,지하철,2,10,0,대구,27.0,1,38.4299624233585
강지훈,10:59,09:00,F,버스,1,7,0,광주,51.0,1,51.25177765169152
황현서,10:46,09:00,M,지하철,3,5,0,인천,6.0,1,8.289486898077715
정현서,10:44,09:00,M,자차,6,8,0,인천,-25.0,0,-20.912860863821663
권가,08:39,09:00,M,지하철,0,9,0,인천,-2.0,0,4.375376360791421
한서윤,09:45,09:00,F,자차,1,3,0,인천,-19.0,0,-17.434540326626195
오현우,09:11,09:00,F,도보,3,2,0,대전,33.0,1,37.630744617230334
김도윤,10:54,09:00,M,도보,5,7,0,인천,-1.0,0,1.29886900222261
서다,10:51,09:00,M,자차,0,1,0,인천,-25.0,0,-22.38888029045812
이현우,10:36,09:00,F,도보,1,8,1,대구,-1.0,0,-5.591846184500399
장예솔,08:29,09:00,F,지하철,1,6,0,대구,-13.0,0,-14.64606859688112
이시현,08:57,09:00,F,지하철,4,3,0,광주,-3.0,0,-5.613845990389097
조서연,10:08,09:00,F,지하철,0,8,0,대전,59.0,1,53.05552273210739
최자,10:14,09:00,F,도보,4,5,0,광주,8.0,1,-0.2580261210545771
안나,09:03,09:00,F,도보,2,5,0,인천,-12.0,0,-14.118137492960741
한마,08:24,09:00,F,지하철,2,3,0,광주,-12.0,0,-13.319411632181298
송가,08:24,09:00,F,지하철,6,9,0,서울,-16.0,0,-15.47481461986079
임주원,10:03,09:00,M,지하철,5,11,0,부산,-24.0,0,-21.221310795799297
박채원,09:21,09:00,F,지하철,5,8,0,부산,-29.0,0,-28.05938878197089
이카,09:28,09:00,F,자차,6,3,0,인천,-10.0,0,-11.284555887652882
이다온,10:26,09:00,M,지하철,1,11,0,광주,19.0,1,14.424368421115625
이다,08:03,09:00,F,자차,5,2,0,서울,-27.0,0,-22.61465451249391
안자,10:15,09:00,M,버스,1,4,0,부산,-12.0,0,-12.509111086447007
신다온,08:49,09:00,M,지하철,2,1,1,대구,-3.0,0,-5.168948975034548
오채원,10:47,09:00,M,지하철,3,11,0,대전,-18.0,0,-18.932271412066346
윤민수,10:51,09:00,M,도보,5,1,0,서울,-21.0,0,-24.66372173677354
황도윤,09:30,09:00,F,자차,4,7,0,대전,-9.0,0,-11.653369617055532
김아,08:56,09:00,F,버스,3,3,0,부산,-17.0,0,-19.81229156645094
황예린,08:41,09:00,M,지하철,2,3,0,부산,-12.0,0,-13.436687090002343
송서연,08:32,09:00,F,도보,4,8,0,인천,-4.0,0,-0.7212252159095502
전나,10:59,09:00,F,자차,3,10,0,광주,-11.0,0,-8.96443965729696
최지우,08:33,09:00,F,자차,3,1,0,대전,-12.0,0,-4.26631296359608
서마,09:20,09:00,F,자차,4,2,0,서울,-10.0,0,-3.9413545394399563
서가,09:26,09:00,F,자차,4,4,0,서울,-27.0,0,-17.217891133827123
한다온,10:02,09:00,F,지하철,2,12,0,대구,-11.0,0,-8.204207601645853
황도윤,10:31,09:00,F,자차,0,1,0,인천,-18.0,0,-15.284473888132347
서현우,09:40,09:00,F,버스,2,3,0,부산,0.0,0,-2.4370788881856784
오하,10:16,09:00,M,버스,2,5,0,인천,8.0,1,12.130074487477494
조현서,09:42,09:00,F,도보,1,4,0,부산,-9.0,0,-12.280584650215447
황예솔,09:18,09:00,M,도보,1,1,0,대전,-26.0,0,-33.352277621907895
송지후,08:28,09:00,F,버스,6,7,0,부산,-26.0,0,-18.368383038761227
정가,08:37,09:00,F,버스,1,8,1,인천,-29.0,0,-35.245907973163355
전나,09:17,09:00,F,자차,5,3,0,인천,-1.0,0,1.1942589479779926
최차,08:08,09:00,F,도보,0,9,0,서울,-25.0,0,-29.40165686416681
전하린,08:56,09:00,F,자차,6,1,0,인천,-8.0,0,-2.3666618860408315
송카,09:23,09:00,F,지하철,1,9,0,서울,0.0,0,6.314749928853479
서가,09:25,09:00,F,지하철,2,4,0,인천,-2.0,0,0.6458890371159298
이마,10:26,09:00,F,자차,5,3,0,인천,-22.0,0,-15.768176452619004
오타,10:54,09:00,M,자차,1,3,0,서울,22.0,1,22.036685379155614
조다온,10:11,09:00,F,자차,3,11,0,부산,17.0,1,28.17087340413025
안타,08:14,09:00,F,자차,5,7,0,부산,36.0,1,39.730826167464535
임서연,09:13,09:00,F,버스,0,9,0,대전,-17.0,0,-21.502757798118466
윤유진,10:11,09:00,F,버스,0,3,0,부산,-17.0,0,-16.651966456279304
정지훈,09:47,09:00,F,자차,5,1,0,대전,-26.0,0,-26.76251013107534
윤현우,09:22,09:00,M,지하철,1,1,0,인천,-2.0,0,-3.2521202921883043
김나,09:18,09:00,M,자차,6,6,0,대전,-2.0,0,-10.285696139496036
강예린,09:13,09:00,M,자차,6,4,0,광주,-27.0,0,-25.0656772777827
황마,09:44,09:00,F,자차,6,10,0,부산,-18.0,0,-24.928764894702763
홍하린,08:32,09:00,F,지하철,6,10,0,인천,-23.0,0,-35.62703640261192
안예린,09:33,09:00,F,자차,5,4,0,광주,-15.0,0,-16.72006820561652
류아,08:37,09:00,F,지하철,2,6,0,서울,-4.0,0,-7.779468266961189
강타,10:02,09:00,M,지하철,6,5,0,인천,37.0,1,32.692314936822235
조유진,10:35,09:00,F,버스,2,9,0,대구,-15.0,0,-30.515479751827606
한하린,09:31,09:00,F,지하철,4,8,0,서울,-28.0,0,-32.254214379765244
홍사,09:09,09:00,F,도보,0,8,0,대전,-3.0,0,-3.8682093258635115
강타,10:49,09:00,F,도보,6,1,1,부산,-3.0,0,-6.170769700480468
송마,09:58,09:00,M,지하철,4,5,0,대전,26.0,1,27.936718381266658
정민수,09:17,09:00,F,자차,6,12,0,부산,9.0,1,15.963303242377812
최차,08:05,09:00,F,버스,2,5,0,인천,28.0,1,30.581837201275874
김사,08:02,09:00,F,자차,2,3,0,대구,-10.0,0,-4.868028529490074
이라,08:39,09:00,M,자차,3,3,0,대전,40.0,1,45.54563344824224
전카,08:42,09:00,M,버스,6,1,0,대전,-13.0,0,-18.094303835333562
조지훈,10:09,09:00,M,지하철,3,10,0,광주,54.0,1,56.195573463430975
조하린,09:30,09:00,M,지하철,5,1,0,대전,-18.0,0,-13.02421323317267
권시현,10:59,09:00,M,버스,1,8,0,광주,-4.0,0,-6.179802390242396
오민준,09:37,09:00,M,도보,5,5,0,부산,-28.0,0,-31.953133250151456
장지안,10:42,09:00,M,버스,5,2,0,대전,-4.0,0,-1.347967703917785
전나,09:39,09:00,M,지하철,6,11,1,인천,-6.0,0,-13.408144358938396
임민수,09:04,09:00,F,지하철,0,9,0,대구,-29.0,0,-34.44002291533147
박나,10:08,09:00,F,도보,2,10,0,부산,-11.0,0,-14.333781737917167
송자,09:20,09:00,M,지하철,0,12,0,광주,-17.0,0,-14.747428934346459
박지후,08:49,09:00,F,자차,2,11,0,부산,34.0,1,35.09456260777832
박사,09:25,09:00,M,자차,5,9,0,인천,20.0,1,25.16185439776066
신카,09:59,09:00,F,지하철,4,7,0,서울,52.0,1,47.39064972818291
오유진,09:07,09:00,M,지하철,5,9,0,인천,-13.0,0,-17.877364856337543
김채원,10:06,09:00,M,지하철,5,6,0,인천,-7.0,0,-4.380440156251678
전유진,10:56,09:00,M,지하철,6,3,0,인천,31.0,1,27.00666547946482
박민수,09:14,09:00,M,자차,6,5,0,인천,26.0,1,22.982480422527896
임주원,08:53,09:00,M,자차,4,6,0,대전,-15.0,0,-24.283824196258742
류하,09:12,09:00,M,지하철,6,1,0,대전,-23.0,0,-21.545769992932062
윤민수,10:30,09:00,M,버스,0,11,0,대구,0.0,0,7.706452359080841
정가,08:32,09:00,F,지하철,5,11,0,대전,-26.0,0,-31.1464445815019
조현우,10:55,09:00,F,지하철,3,6,0,대전,-5.0,0,0.10851805860056718
안현서,09:14,09:00,M,자차,6,6,0,서울,-27.0,0,-27.296992904949757
안예솔,10:31,09:00,M,자차,3,11,0,대구,59.0,1,50.17292680794984
한가,10:21,09:00,F,자차,1,6,0,광주,55.0,1,50.52636572185936
류지훈,10:21,09:00,F,지하철,5,9,0,인천,-28.0,0,-32.78233666401886
안마,10:43,09:00,F,버스,6,7,1,서울,-27.0,0,-28.582638925703133
전사,08:33,09:00,M,버스,0,4,0,대구,-19.0,0,-16.902428557766477
박민준,09:46,09:00,F,도보,0,10,0,대구,8.0,1,17.24461418620716
정민준,08:17,09:00,F,자차,4,3,0,광주,-27.0,0,-34.155728974592435
이민준,08:53,09:00,M,도보,3,3,0,인천,-25.0,0,-27.42388698459994
서하은,08:07,09:00,F,지하철,3,9,0,서울,47.0,1,42.520095735446446
한예린,10:02,09:00,M,버스,0,9,0,서울,27.0,1,20.660102692553515
이라,09:49,09:00,M,자차,4,12,0,부산,-19.0,0,-18.522761566952173
최마,10:13,09:00,F,지하철,3,9,0,서울,-26.0,0,-25.992600044065764
오지우,08:31,09:00,F,자차,5,1,0,대전,-10.0,0,-19.069011735414342
류아,08:59,09:00,F,버스,2,11,0,부산,-25.0,0,-24.909247360272673
황타,10:01,09:00,M,도보,2,5,0,인천,-27.0,0,-33.02697996455569
정나,10:28,09:00,M,지하철,0,1,0,서울,-19.0,0,-18.940861404325123
임다온,10:39,09:00,F,도보,3,7,0,대구,-3.0,0,3.347482466030451
박하린,08:13,09:00,F,버스,4,3,0,대전,56.0,1,58.31533980537969
조도윤,09:12,09:00,F,버스,1,5,0,인천,-6.0,0,-5.1124145279645505
오나,08:01,09:00,F,버스,5,6,0,부산,-5.0,0,-7.643828787016934
김마,10:27,09:00,F,지하철,6,1,0,광주,-15.0,0,-14.665661745776127
조도윤,08:22,09:00,M,도보,1,11,0,인천,-13.0,0,-10.18372888876259
홍유진,10:27,09:00,M,도보,4,7,0,부산,-24.0,0,-21.679168285957953
최다온,08:28,09:00,M,도보,4,12,0,대전,-8.0,0,-8.496093819067719
최마,08:02,09:00,M,도보,0,6,0,대전,16.0,1,17.08688161969458
류하린,10:38,09:00,M,자차,1,8,0,인천,-4.0,0,-10.582809100210401
권마,09:18,09:00,F,버스,2,10,0,서울,-18.0,0,-21.67168387388869
조예솔,09:16,09:00,M,자차,0,3,1,대구,-4.0,0,-0.46220123727007056
윤사,09:56,09:00,F,지하철,2,11,0,인천,-27.0,0,-22.789835243128962
오민수,08:49,09:00,M,자차,1,3,0,대전,-2.0,0,-1.53200704580319
김서연,10:04,09:00,F,버스,6,12,0,광주,-14.0,0,-6.605171328174242
황지후,09:17,09:00,F,자차,4,8,0,부산,-28.0,0,-25.459902917693164
신파,08:49,09:00,M,지하철,2,7,0,인천,-16.0,0,-17.165637589315324
조채원,09:11,09:00,M,지하철,5,3,0,부산,-24.0,0,-30.098763765202786
박파,08:01,09:00,M,지하철,0,7,0,대구,-12.0,0,-4.806333749855426
신하린,08:54,09:00,F,버스,4,7,0,인천,-22.0,0,-18.148412714227113
오차,09:46,09:00,F,버스,4,12,0,인천,-21.0,0,-12.00844288534741
홍현서,08:24,09:00,F,지하철,5,11,0,대구,-15.0,0,-4.165762722480421
박예린,08:21,09:00,F,지하철,1,6,0,대구,-3.0,0,-9.434701533913803
장차,09:58,09:00,M,버스,4,5,0,광주,-29.0,0,-35.42166872063593
신민수,09:17,09:00,F,지하철,5,5,0,인천,-1.0,0,-15.315999562845336
류현서,08:24,09:00,M,자차,5,5,0,서울,-10.0,0,-5.408189314851219
황나,10:14,09:00,F,지하철,1,1,0,광주,10.0,1,13.282413437437995
한예솔,10:19,09:00,F,버스,6,1,0,인천,-19.0,0,-18.51110499937077
오타,08:06,09:00,F,지하철,1,10,0,광주,-23.0,0,-29.130666155217007
한현서,08:36,09:00,F,버스,2,4,0,광주,51.0,1,50.55483155437614
송민준,09:06,09:00,F,버스,1,5,0,부산,-16.0,0,-15.076472524961472
윤예린,10:11,09:00,F,자차,1,9,0,대전,-12.0,0,-8.086371665604151
황지훈,08:13,09:00,M,버스,1,8,0,대전,-12.0,0,-10.63506542767357
전지훈,10:25,09:00,M,버스,0,5,0,서울,-29.0,0,-25.68099352504417
오현우,08:57,09:00,F,지하철,5,10,0,부산,-10.0,0,-10.620654349570241
서라,08:22,09:00,M,버스,4,2,0,부산,-25.0,0,-19.09259053037374
이서윤,10:35,09:00,M,지하철,2,6,0,대전,50.0,1,53.15865038721721
이타,08:15,09:00,M,자차,3,2,0,대전,-1.0,0,-6.934665353504122
한주원,08:23,09:00,F,버스,4,7,0,부산,-19.0,0,-12.053898161718791
박지후,10:50,09:00,F,자차,1,2,0,인천,-20.0,0,-13.872142386424319
윤아,09:33,09:00,F,버스,2,12,0,부산,20.0,1,22.32737368526471
류파,09:23,09:00,F,지하철,6,8,0,서울,-20.0,0,-18.596411475062673
장민준,10:03,09:00,F,지하철,0,3,0,부산,-12.0,0,-3.706942155608374
최하린,09:53,09:00,F,지하철,6,8,0,서울,-20.0,0,-28.16656433136037
임하은,09:50,09:00,M,버스,6,5,0,대전,-13.0,0,-6.793877379701746
최아,08:04,09:00,F,자차,1,7,0,광주,-17.0,0,-19.381033492871754
임마,09:39,09:00,F,자차,2,3,0,부산,-26.0,0,-20.524112767948072
서자,08:50,09:00,M,버스,1,7,1,인천,-20.0,0,-19.398120764154786
황다,10:25,09:00,M,지하철,3,2,0,부산,-22.0,0,-28.21463011704119
류바,09:30,09:00,F,자차,1,2,0,인천,43.0,1,40.51740094982154
최주원,08:22,09:00,F,지하철,5,8,0,대전,-29.0,0,-23.891354634170174
권서윤,10:39,09:00,M,지하철,2,7,0,대전,-6.0,0,-7.051039406599367
홍타,08:51,09:00,M,자차,6,4,0,광주,-17.0,0,-20.107427073590525
송하린,08:48,09:00,F,지하철,5,1,0,부산,-19.0,0,-22.1408602889751
김가,10:48,09:00,F,지하철,2,6,0,부산,38.0,1,41.211237111168955
신서윤,10:19,09:00,F,지하철,4,12,0,서울,-20.0,0,-11.246824849300182
정현서,10:34,09:00,F,자차,0,9,0,서울,51.0,1,40.29558314681859
이타,09:59,09:00,F,지하철,0,1,0,인천,30.0,1,44.00342223671643
임서윤,10:43,09:00,F,자차,3,12,0,인천,-3.0,0,-1.9812688551193427
장마,08:20,09:00,M,버스,3,6,0,대전,33.0,1,35.90112067649414
이서윤,09:47,09:00,M,지하철,2,7,1,서울,-22.0,0,-24.18130873573703
장주원,08:52,09:00,F,지하철,0,1,0,부산,-5.0,0,-5.0175756242841345
안하,09:11,09:00,M,자차,5,4,0,광주,-12.0,0,-11.037434939344461
한지후,08:42,09:00,F,지하철,2,10,0,광주,39.0,1,33.75452003831482
임지후,08:36,09:00,M,자차,3,4,0,대구,-21.0,0,-25.02840719128765
권지후,09:19,09:00,M,버스,2,2,0,서울,21.0,1,26.922837704456267
임현서,10:45,09:00,M,지하철,3,2,0,대구,-7.0,0,-14.761734226796106
조하린,09:54,09:00,M,버스,4,12,0,부산,-3.0,0,-0.7948044834322974
윤시현,09:02,09:00,F,버스,5,10,0,인천,-20.0,0,-21.85258454684592
류하린,09:18,09:00,F,버스,3,1,0,대전,-8.0,0,-12.803535747377877
정시현,09:35,09:00,F,자차,1,12,1,부산,-24.0,0,-14.140340740152997
조시현,08:44,09:00,M,도보,6,10,0,서울,32.0,1,27.22748719369281
서사,09:33,09:00,F,자차,1,5,0,광주,-26.0,0,-31.650509998672355
전민수,10:05,09:00,M,버스,0,8,0,서울,-10.0,0,-10.93486351760268
오예솔,08:43,09:00,M,버스,0,4,0,대전,-22.0,0,-25.842793170510507
서타,09:45,09:00,M,자차,5,3,0,광주,-6.0,0,-5.968096715027257
황서윤,10:07,09:00,M,지하철,2,9,0,대구,6.0,1,6.776996483256952
장타,09:33,09:00,M,자차,0,3,0,대구,-27.0,0,-25.826709671825366
전하린,08:52,09:00,M,자차,5,5,0,대구,-7.0,0,-7.619454236217816
서차,09:39,09:00,M,지하철,2,5,0,대구,-26.0,0,-29.510808515461125
김하린,10:22,09:00,F,도보,6,2,0,대전,-23.0,0,-19.782984786603347
임민준,08:39,09:00,F,자차,6,10,0,광주,-9.0,0,-9.55846383252072
임예린,09:43,09:00,M,버스,0,9,0,부산,-24.0,0,-26.478086560274892
서시현,10:02,09:00,M,도보,4,11,0,부산,-18.0,0,-10.600031504512389
강채원,08:57,09:00,M,지하철,4,7,1,인천,58.0,1,57.39344019804275
류서윤,09:09,09:00,F,지하철,1,3,0,인천,-20.0,0,-14.540066992517046
송서연,10:39,09:00,F,지하철,2,4,0,광주,-11.0,0,-4.865807764453047
송서윤,09:05,09:00,M,버스,3,5,0,부산,6.0,1,12.438364177128964
서지우,09:47,09:00,M,지하철,1,12,0,대구,-7.0,0,-3.544210959444497
서바,08:26,09:00,M,도보,5,3,0,서울,-20.0,0,-20.003167484378825
전지후,10:46,09:00,M,지하철,1,9,0,대구,-1.0,0,-1.3202084532551284
홍다,09:47,09:00,M,지하철,6,2,0,광주,-10.0,0,-11.220600592416444
전유진,10:16,09:00,M,자차,5,12,0,부산,-4.0,0,-14.834478350065629
전가,09:48,09:00,F,지하철,4,8,0,부산,0.0,0,3.594034028739311
김서연,09:03,09:00,F,자차,0,6,0,대구,0.0,0,1.2223278319253954
조서윤,09:01,09:00,F,지하철,0,5,0,대전,44.0,1,48.12762133104314
권자,10:06,09:00,M,도보,1,5,0,인천,-2.0,0,-2.5850077573598194
정마,10:34,09:00,M,자차,3,3,0,대전,-28.0,0,-24.675874190232374
황지안,08:22,09:00,M,지하철,5,8,0,서울,-23.0,0,-29.88753531430722
임하은,10:32,09:00,M,지하철,1,11,0,대전,4.0,1,-1.8463280463078506
신사,10:29,09:00,M,지하철,4,3,0,서울,-29.0,0,-41.381057998606906
전채원,08:19,09:00,M,도보,0,9,0,부산,-2.0,0,-2.671745979158131
강타,08:19,09:00,M,자차,1,7,0,대구,-29.0,0,-32.862627938893
신하린,10:05,09:00,M,버스,4,10,0,부산,-17.0,0,-21.5169093758521
최아,10:31,09:00,F,지하철,5,10,0,대전,-23.0,0,-21.326738110173462
김타,09:10,09:00,F,자차,5,1,0,대전,-25.0,0,-27.12753597098814
오현서,09:55,09:00,F,지하철,3,1,0,인천,-7.0,0,-14.165455034018313
장지안,10:59,09:00,M,자차,0,11,0,대구,-22.0,0,-9.27616613623951
서지안,08:58,09:00,M,자차,2,2,0,광주,23.0,1,22.814946897559622
류서연,08:40,09:00,F,지하철,5,7,0,광주,-19.0,0,-24.41581526467848
조민준,10:58,09:00,F,버스,0,10,0,대구,-12.0,0,-15.349177304665249
김유진,08:50,09:00,F,지하철,4,7,0,광주,8.0,1,7.1342851549539805
정주원,09:25,09:00,M,지하철,4,1,0,부산,-14.0,0,-14.876229811286004
전지훈,09:19,09:00,F,도보,5,1,0,부산,-6.0,0,0.51082136522938
류사,09:34,09:00,F,자차,1,9,0,서울,-5.0,0,-5.397149788161038
서바,08:48,09:00,F,자차,1,11,0,서울,-27.0,0,-17.72395914065874
장예린,10:02,09:00,F,버스,1,5,0,부산,-21.0,0,-23.16211472006053
최현우,10:04,09:00,M,지하철,2,7,0,인천,-16.0,0,-13.867819798700538
신서윤,08:36,09:00,F,자차,3,12,0,대전,-20.0,0,-14.890099028360847
서시현,09:26,09:00,F,버스,0,10,0,인천,-12.0,0,-6.024238476441608
류민준,08:10,09:00,M,지하철,3,7,0,대구,16.0,1,22.559361087144065
박사,08:39,09:00,M,버스,1,8,0,부산,-7.0,0,-8.360058704400673
장예린,10:57,09:00,M,자차,3,12,0,서울,-28.0,0,-28.027446301374596
이주원,09:31,09:00,F,자차,2,10,0,인천,-29.0,0,-41.39711283281838
임현우,09:52,09:00,M,지하철,6,5,0,서울,-6.0,0,-6.980050193002803
임하,10:39,09:00,F,자차,2,9,0,광주,-24.0,0,-18.543729110350093
황지우,10:08,09:00,F,지하철,6,4,0,대구,47.0,1,51.48418239927941
강지후,10:22,09:00,M,지하철,1,12,0,대구,-13.0,0,-13.432435605050408
강나,10:08,09:00,M,지하철,0,2,0,서울,22.0,1,30.495697214649788
전하은,09:29,09:00,F,자차,1,3,0,부산,-21.0,0,-22.920026421724035
안민수,09:53,09:00,F,지하철,2,5,0,서울,58.0,1,54.419300879900504
강라,08:51,09:00,M,버스,6,3,0,광주,-3.0,0,-5.340808676131846
강라,10:40,09:00,F,지하철,1,8,0,대구,-14.0,0,-19.61232512418058
장주원,08:32,09:00,M,자차,5,9,0,광주,49.0,1,52.11197515851768
김지우,10:39,09:00,F,자차,4,11,0,인천,13.0,1,14.442409058043046
서다온,10:38,09:00,F,지하철,2,7,0,대전,-3.0,0,0.04989723186525774
윤다,08:25,09:00,F,도보,2,8,0,광주,-24.0,0,-26.071855759656057
강하,10:07,09:00,M,지하철,6,8,0,서울,-11.0,0,-11.290364896696268
강예린,10:58,09:00,M,지하철,5,1,1,서울,-7.0,0,-17.892093617044537
최민준,09:42,09:00,F,버스,1,9,0,대전,38.0,1,39.88112775655524
윤하린,09:01,09:00,F,자차,6,1,0,부산,-20.0,0,-19.505792724701752
정다온,10:38,09:00,F,지하철,2,7,1,광주,-28.0,0,-33.50263830746732
최서연,09:32,09:00,M,버스,0,12,0,인천,-10.0,0,-10.523287660432986
황하,08:21,09:00,F,지하철,5,10,0,광주,6.0,1,4.710753489649164
안지후,08:44,09:00,F,버스,6,7,0,부산,-21.0,0,-12.178440324962539
조현우,10:02,09:00,M,자차,3,4,0,부산,-20.0,0,-25.305634840639023
이하은,09:21,09:00,F,도보,4,11,0,인천,-14.0,0,-12.34286910566649
한지안,08:39,09:00,M,버스,1,11,0,서울,-24.0,0,-29.453841763391804
권가,10:23,09:00,F,자차,5,5,0,부산,-3.0,0,-5.789367220351352
신서연,08:21,09:00,F,버스,2,2,0,인천,56.0,1,57.38409476846115
권카,08:39,09:00,F,지하철,1,7,0,부산,-26.0,0,-27.05681495431556
정바,09:23,09:00,M,지하철,3,8,0,부산,-12.0,0,-12.029954281067782
임파,08:07,09:00,F,도보,1,12,0,대전,20.0,1,21.663610541159848
홍다,09:09,09:00,F,지하철,4,11,0,부산,-1.0,0,-3.468447855992789
오다,10:43,09:00,F,자차,5,3,0,대전,-29.0,0,-24.5792673259228
류나,10:49,09:00,M,지하철,2,4,0,대전,-23.0,0,-24.527398716188024
류바,10:36,09:00,F,자차,5,12,0,광주,53.0,1,52.51222269223714
오현우,08:58,09:00,M,지하철,3,4,0,서울,-24.0,0,-22.193443627060724
홍파,08:11,09:00,F,도보,6,6,0,부산,-4.0,0,-2.864998994175826
강다온,10:26,09:00,F,자차,1,4,0,대전,16.0,1,19.221139622714265
강바,09:07,09:00,F,지하철,4,5,0,서울,59.0,1,60.584822007423526
윤나,10:14,09:00,F,자차,3,7,0,인천,-22.0,0,-19.654846692219127
박자,08:21,09:00,F,자차,6,4,0,인천,47.0,1,45.37313742917429
송자,10:00,09:00,F,지하철,1,5,0,대전,-20.0,0,-25.3438554904276
김마,09:45,09:00,F,지하철,1,5,0,대전,-27.0,0,-34.138194513764304
안지우,10:45,09:00,F,자차,6,2,0,부산,-11.0,0,-19.353550738211496
홍자,08:18,09:00,M,자차,6,10,0,인천,-27.0,0,-18.18636641135362
류가,09:13,09:00,M,지하철,5,11,0,인천,-21.0,0,-32.06386705447063
김서연,10:58,09:00,F,자차,3,6,0,대전,-7.0,0,-1.0313825051144896
황유진,09:10,09:00,M,지하철,2,3,0,인천,-6.0,0,-10.104345056487364
황나,09:58,09:00,F,지하철,4,8,0,서울,39.0,1,44.93220486059902
윤하,08:28,09:00,M,버스,5,7,0,대전,55.0,1,43.98729986042275
윤도윤,10:11,09:00,M,지하철,1,7,0,인천,-27.0,0,-28.175469509416413
정자,08:49,09:00,F,지하철,0,8,0,부산,-19.0,0,-11.72987798487366
안아,09:42,09:00,F,버스,0,9,0,부산,-3.0,0,0.5660478173779087
전지후,10:38,09:00,M,지하철,2,1,0,부산,-3.0,0,-4.686327303453958
서가,09:58,09:00,M,지하철,4,2,0,광주,-24.0,0,-33.714886507642404
김사,09:25,09:00,F,자차,3,2,0,대전,-5.0,0,-11.612442610754659
이하은,08:34,09:00,M,버스,4,2,0,대구,-6.0,0,0.9457354827968949
전다온,09:01,09:00,M,자차,3,12,0,서울,57.0,1,55.25879399373137
이다,10:32,09:00,F,버스,1,9,0,대전,24.0,1,23.640879482932803
강차,08:38,09:00,F,버스,5,8,0,인천,6.0,1,7.417675523513154
류시현,09:58,09:00,F,지하철,5,9,0,인천,-18.0,0,-24.51419456543778
최서윤,09:27,09:00,F,자차,6,1,0,서울,-25.0,0,-22.963549100799106
서서윤,08:57,09:00,F,지하철,5,3,0,대전,52.0,1,49.90192259665497
류민준,10:08,09:00,F,지하철,2,10,0,서울,-10.0,0,-8.531486072122297
장민준,09:05,09:00,M,자차,4,6,0,인천,-19.0,0,-21.89025460268517
서유진,08:51,09:00,M,자차,2,7,0,인천,-21.0,0,-28.865580300305787
오지안,09:35,09:00,M,자차,6,10,1,인천,-18.0,0,-20.136862659060085
최지후,10:16,09:00,F,지하철,4,1,1,인천,-20.0,0,-16.796111914459992
안서윤,10:35,09:00,F,지하철,5,10,0,대구,-6.0,0,-4.029699554614821
서하은,09:53,09:00,M,버스,1,9,0,인천,12.0,1,12.154654336673634
박서윤,09:59,09:00,F,자차,0,5,0,대구,-18.0,0,-13.509340734948285
정현서,10:21,09:00,M,버스,0,6,0,대구,7.0,1,5.982029937278868
신하린,08:48,09:00,F,지하철,3,1,0,광주,45.0,1,45.281381570076086
황하,08:45,09:00,M,지하철,6,3,0,광주,0.0,0,-2.398834398468628
임카,09:27,09:00,M,버스,4,3,0,서울,-21.0,0,-16.216910116232725
안지후,09:53,09:00,M,자차,5,11,0,대전,-23.0,0,-21.542357261391178
임다,09:56,09:00,M,지하철,3,2,0,서울,-23.0,0,-25.78479055086686
안지안,08:27,09:00,F,지하철,6,4,0,부산,0.0,0,-7.445148732639022
박카,10:20,09:00,M,지하철,6,2,0,대구,-27.0,0,-21.475193625508368
류파,09:05,09:00,M,지하철,1,4,0,부산,-13.0,0,-16.7203252559232
서다,10:37,09:00,F,버스,6,1,0,대구,-2.0,0,-1.639678237552265
황아,10:10,09:00,M,지하철,0,4,0,부산,-16.0,0,-4.237001584277143
최서윤,10:56,09:00,F,자차,4,9,0,대구,14.0,1,18.007547708666543
윤주원,09:53,09:00,F,자차,3,10,0,광주,-17.0,0,-8.944252055865043
강라,09:34,09:00,F,도보,2,5,0,광주,28.0,1,25.309375937294256
정서연,08:33,09:00,F,도보,6,9,0,대구,-12.0,0,-6.645118015898965
한주원,09:11,09:00,M,지하철,4,8,0,부산,-22.0,0,-21.866655035240544
조라,10:34,09:00,F,지하철,0,11,0,광주,-16.0,0,-14.16991539615709
장타,09:08,09:00,F,지하철,0,10,0,서울,-6.0,0,4.104208565197803
정주원,08:09,09:00,F,자차,0,3,0,대구,-18.0,0,-19.39322912074853
조예솔,08:44,09:00,F,지하철,2,8,0,부산,56.0,1,56.096272268382684
윤채원,09:47,09:00,M,지하철,0,10,0,인천,-7.0,0,-11.516073257539812
신민준,09:53,09:00,M,지하철,1,4,1,서울,-3.0,0,1.4423427795403825
윤유진,10:57,09:00,F,지하철,5,7,0,광주,-8.0,0,-10.803134491433179
서현우,10:48,09:00,F,자차,6,5,0,부산,-27.0,0,-21.886447920905606
박채원,09:35,09:00,M,자차,5,4,0,인천,-17.0,0,-25.249566208724254
한타,09:39,09:00,M,버스,3,3,0,인천,5.0,1,7.743190359168035
장하은,10:24,09:00,M,도보,4,1,0,대구,-9.0,0,-12.218466530315279
권현서,08:08,09:00,M,지하철,6,9,0,대구,53.0,1,56.65258819665105
오지훈,09:47,09:00,M,지하철,0,10,0,부산,-10.0,0,-10.067795864271142
신차,09:25,09:00,F,지하철,6,8,0,광주,-25.0,0,-27.676694574341457
권마,10:20,09:00,F,자차,5,3,0,인천,12.0,1,10.067201915620025
송다,10:24,09:00,F,버스,2,1,0,부산,-19.0,0,-23.2519415002932
박다온,09:58,09:00,M,지하철,3,8,0,부산,-23.0,0,-18.811061223395704
한서윤,09:58,09:00,F,도보,3,3,0,대구,23.0,1,17.756813252872927
김예린,10:04,09:00,F,지하철,1,7,1,대전,30.0,1,28.664606806336014
강다,09:44,09:00,F,지하철,1,12,0,대전,-18.0,0,-16.273802101487632
한다,08:41,09:00,M,자차,2,1,0,대구,-29.0,0,-20.932527372757406
이다,08:51,09:00,M,도보,0,7,0,대구,17.0,1,16.95350699554093
안예솔,10:13,09:00,M,자차,3,12,0,서울,-19.0,0,-20.212552932692205
강서윤,09:51,09:00,F,도보,3,5,0,인천,-12.0,0,-10.63182567441986
송지훈,08:42,09:00,M,지하철,2,10,0,부산,-7.0,0,-17.367321078372147
정현우,10:38,09:00,F,자차,1,10,0,광주,-1.0,0,-6.993228503453597
조도윤,10:56,09:00,M,자차,6,6,0,인천,-23.0,0,-24.876832494392254
이예린,09:52,09:00,F,버스,4,4,0,부산,-27.0,0,-30.564845753663263
안민준,08:41,09:00,M,지하철,3,9,0,대전,-19.0,0,-27.004166446217063
장예솔,10:48,09:00,M,도보,5,8,0,광주,-14.0,0,-9.711106744162075
오민수,08:42,09:00,F,지하철,2,6,0,부산,-3.0,0,-1.7012163522133892
윤지안,09:17,09:00,F,버스,1,3,0,서울,-19.0,0,-18.29867376358746
박마,10:34,09:00,F,자차,4,9,0,부산,-6.0,0,-9.469955755771867
신예솔,09:33,09:00,M,도보,5,3,1,대구,-18.0,0,-17.603035176681676
장예솔,08:43,09:00,M,도보,4,2,0,대구,-9.0,0,-6.427752702794703
오유진,08:14,09:00,M,자차,3,1,0,광주,-25.0,0,-26.324480269516403
이사,09:04,09:00,F,지하철,0,6,0,대전,-28.0,0,-25.777138803798177
전민수,10:00,09:00,M,도보,4,2,1,광주,-7.0,0,-10.980302409125576
임예린,10:08,09:00,M,버스,4,5,0,대전,-9.0,0,-8.512573435051433
류예솔,08:40,09:00,F,자차,2,3,0,서울,33.0,1,38.7124914146305
이예솔,08:28,09:00,M,지하철,1,6,0,서울,44.0,1,50.16009851788019
류지안,10:06,09:00,M,자차,6,10,0,대전,51.0,1,57.63794402474831
신시현,08:28,09:00,M,버스,2,6,0,인천,-27.0,0,-25.572157922835416
이라,08:11,09:00,F,자차,1,7,0,부산,0.0,0,0.15806977428872868
한예린,09:27,09:00,M,지하철,4,2,0,광주,-15.0,0,-17.24394458079707
송바,09:42,09:00,M,지하철,3,2,0,부산,-4.0,0,-13.037423782587084
강하은,08:43,09:00,M,버스,3,12,0,광주,-12.0,0,-18.72449848200246
최지후,08:38,09:00,F,지하철,4,8,0,대전,0.0,0,-0.8402748598262966
임현우,08:42,09:00,F,자차,2,1,0,대구,-4.0,0,-4.541442245642152
송민수,09:01,09:00,M,지하철,1,7,0,인천,-12.0,0,-4.93888485596754
김주원,08:01,09:00,M,버스,1,1,0,광주,-1.0,0,5.573995646878129
오주원,08:02,09:00,M,지하철,6,1,0,대전,-23.0,0,-26.432430707432925
김예린,09:06,09:00,F,지하철,3,5,0,인천,-17.0,0,-12.908371424554907
권유진,08:03,09:00,M,자차,2,8,0,부산,-13.0,0,-15.385344322869553
송다,08:57,09:00,M,지하철,2,8,0,부산,-14.0,0,-10.586918284980996
송나,09:44,09:00,M,지하철,5,10,0,대구,-25.0,0,-20.969911359466273
신지후,08:05,09:00,F,지하철,6,3,1,서울,-25.0,0,-18.789535939261313
최하,09:51,09:00,F,지하철,5,3,0,광주,52.0,1,49.53678322608651
송바,09:51,09:00,F,자차,3,7,0,대구,-1.0,0,4.071518435904619
한현서,09:43,09:00,M,지하철,3,11,0,광주,-20.0,0,-29.36407018060636
류유진,09:52,09:00,M,지하철,6,9,0,서울,-14.0,0,-7.518921592305691
정민수,10:25,09:00,M,자차,5,9,0,부산,35.0,1,34.87491638590742
이민준,08:12,09:00,M,버스,2,2,0,대구,-23.0,0,-23.018639989928488
장예린,08:30,09:00,F,버스,6,11,0,서울,28.0,1,17.81281747154774
송차,08:57,09:00,F,지하철,5,12,0,광주,-23.0,0,-24.943329436236905
권지안,10:03,09:00,M,도보,5,7,0,인천,-21.0,0,-14.222603001932246
홍예솔,10:37,09:00,F,버스,0,5,0,대전,33.0,1,30.86649054148593
김바,10:45,09:00,M,지하철,0,8,0,광주,-20.0,0,-16.432686195123956
오다,09:44,09:00,F,도보,2,8,0,서울,-6.0,0,-5.8272243614294545
황타,09:13,09:00,F,자차,5,12,0,대전,32.0,1,37.31334569799849
정지안,09:14,09:00,M,자차,0,2,0,서울,-25.0,0,-24.042495173979376
한차,08:10,09:00,F,자차,0,7,0,대전,13.0,1,8.34094234450949
임지우,09:23,09:00,F,지하철,0,9,1,광주,-21.0,0,-20.717746600755284
권민준,09:32,09:00,M,자차,1,5,0,광주,-8.0,0,0.0060845185060625084
김유진,08:37,09:00,M,자차,6,11,0,대구,-6.0,0,-3.511774609818992
강도윤,10:18,09:00,F,지하철,5,1,0,서울,-15.0,0,-15.582231536468322
최마,10:26,09:00,M,지하철,5,2,0,서울,-10.0,0,1.2787190956665366
홍지안,08:54,09:00,M,지하철,2,10,0,서울,-20.0,0,-14.203921487193895
안지후,10:44,09:00,F,도보,4,2,0,광주,12.0,1,16.0836695769923
류파,08:19,09:00,F,지하철,5,6,0,인천,-12.0,0,-10.413287673778125
강파,10:43,09:00,F,지하철,3,4,0,부산,-5.0,0,-1.3486308262444622
조아,10:18,09:00,M,자차,5,9,0,서울,-11.0,0,-7.186339634085797
황민준,08:40,09:00,F,자차,3,1,0,서울,-24.0,0,-34.91407672776069
이파,09:57,09:00,M,지하철,2,5,0,부산,-24.0,0,-22.025318935852756
안하린,08:55,09:00,F,자차,4,12,0,광주,55.0,1,54.195970703321706
권민수,10:23,09:00,F,버스,6,5,0,대전,35.0,1,32.50111863431712
이예린,08:28,09:00,M,자차,5,8,0,인천,18.0,1,17.02281359977881
조차,08:44,09:00,F,지하철,3,12,0,대전,-9.0,0,-16.779243434111006
안현우,08:55,09:00,F,지하철,4,8,0,대구,41.0,1,31.976949499814104
홍다,08:35,09:00,F,자차,6,10,0,부산,-23.0,0,-16.767487912757517
조자,08:59,09:00,M,지하철,5,12,0,광주,-2.0,0,0.31078909854463044
정파,09:48,09:00,F,버스,3,8,0,서울,-29.0,0,-41.065060636061396
황나,09:53,09:00,M,지하철,1,10,0,대전,-22.0,0,-24.881922707008705
송예린,09:39,09:00,M,자차,6,7,0,광주,-1.0,0,3.4027586669826526
윤채원,08:34,09:00,M,자차,6,10,0,서울,50.0,1,48.599928131396844
황시현,08:36,09:00,F,자차,0,8,0,부산,-21.0,0,-14.774975231008193
김자,10:45,09:00,F,도보,0,5,0,인천,3.0,1,8.24875899638317
박현서,08:45,09:00,F,도보,0,7,0,광주,42.0,1,35.21644395344643
이바,08:18,09:00,M,버스,2,5,0,부산,-14.0,0,-14.71662049424416
오나,09:21,09:00,F,지하철,1,5,0,광주,40.0,1,37.75955287595648
전예린,08:01,09:00,M,자차,6,4,0,대구,-26.0,0,-32.9461914717605
윤나,09:01,09:00,M,도보,6,6,0,광주,-7.0,0,-14.271371624276357
신서연,10:33,09:00,F,도보,1,5,0,대구,-26.0,0,-30.030107731208638
이지훈,08:48,09:00,F,자차,5,8,0,대구,-26.0,0,-29.204627047563193
서지훈,10:06,09:00,F,지하철,0,5,0,대구,-8.0,0,-6.5838511137831865
황서연,09:28,09:00,M,도보,5,6,0,서울,-12.0,0,-6.7789326339279
신다,09:03,09:00,F,도보,2,2,0,부산,16.0,1,18.56822477906185
신나,09:59,09:00,F,자차,0,5,0,부산,-19.0,0,-15.248138798595882
전다온,09:47,09:00,F,자차,2,5,0,광주,-7.0,0,-8.333089107351837
서사,08:57,09:00,M,버스,5,12,0,대구,39.0,1,42.015000983064446
정하은,08:40,09:00,M,도보,6,6,0,대구,-29.0,0,-29.741874907951306
정나,10:45,09:00,F,지하철,0,1,0,대전,9.0,1,6.792638083736087
박사,08:30,09:00,F,자차,5,4,0,대전,-5.0,0,4.4855047444781295
임채원,10:52,09:00,F,지하철,2,9,0,부산,25.0,1,13.347620217262508
오지후,09:24,09:00,F,지하철,3,2,0,대구,-7.0,0,-16.366521486536804
송마,10:59,09:00,M,지하철,0,2,0,대구,-15.0,0,-13.086501229331978
강가,09:03,09:00,F,버스,6,5,0,대전,51.0,1,49.67508825733775
송사,09:41,09:00,M,지하철,5,5,0,광주,-14.0,0,-21.18492175083461
박다,09:50,09:00,F,도보,4,6,0,인천,-1.0,0,-6.273054755818841
