emp_id,gender,age,location,domicile_distance_km,transport_mode,day_of_week,is_holiday,entry_time,scheduled_time,lateness_min,lateness_label
E0164,M,23,PJOP_SURABAYA,8.1,Private_Vehicle,Monday,No,08:04,08:00,4,On_Time
E0174,M,49,ADMIN,1.9,Private_Vehicle,Tuesday,No,07:58,08:00,-1,On_Time
E0130,M,34,RND_CENTER,13.2,Bike,Friday,No,08:06,08:00,6,Late
E0072,M,32,HR_TEAM,10.9,Private_Vehicle,Tuesday,No,08:15,08:00,15,Late
E0196,F,28,ADMIN,12.0,Walking,Wednesday,No,07:57,08:00,-2,On_Time
E0155,F,24,HR_TEAM,16.6,Bike,Monday,No,07:57,08:00,-2,On_Time
E0142,F,45,RND_CENTER,6.6,Public_Transport,Monday,No,08:15,08:00,15,Late
E0170,M,40,ADMIN,25.8,Public_Transport,Thursday,No,08:07,08:00,7,Late
E0072,F,45,ICT_PROJECT,11.7,Private_Vehicle,Wednesday,No,07:55,08:00,-4,On_Time
E0180,M,32,RND_CENTER,22.1,Private_Vehicle,Thursday,No,08:05,08:00,5,On_Time
E0098,F,36,PJOP_SURABAYA,25.4,Public_Transport,Tuesday,No,07:55,08:00,-4,On_Time
E0009,F,47,PJOP_SURABAYA,2.9,Walking,Tuesday,No,07:55,08:00,-4,On_Time
E0168,F,47,HR_TEAM,5.1,Private_Vehicle,Tuesday,No,08:02,08:00,2,On_Time
E0191,F,49,RND_CENTER,12.6,Private_Vehicle,Tuesday,No,07:40,08:00,-19,On_Time
E0131,F,27,ADMIN,26.0,Private_Vehicle,Tuesday,No,07:42,08:00,-17,On_Time
E0175,F,26,HR_TEAM,12.1,Bike,Friday,No,07:54,08:00,-5,On_Time
E0065,M,29,RND_CENTER,22.8,Walking,Monday,No,07:49,08:00,-10,On_Time
E0076,F,32,HR_TEAM,1.1,Walking,Friday,No,08:03,08:00,3,On_Time
E0196,M,54,ADMIN,26.2,Walking,Friday,No,07:50,08:00,-9,On_Time
E0156,M,31,PJOP_SURABAYA,23.1,Public_Transport,Friday,No,07:45,08:00,-14,On_Time
E0083,F,23,ADMIN,27.9,Walking,Tuesday,No,08:14,08:00,14,Late
E0015,M,27,ADMIN,22.2,Public_Transport,Friday,No,07:57,08:00,-2,On_Time
E0197,M,30,HR_TEAM,28.5,Private_Vehicle,Wednesday,No,08:00,08:00,0,On_Time
E0136,F,35,RND_CENTER,22.9,Private_Vehicle,Wednesday,No,07:45,08:00,-14,On_Time
E0103,F,50,RND_CENTER,14.1,Private_Vehicle,Tuesday,No,07:54,08:00,-5,On_Time
E0017,F,23,RND_CENTER,17.1,Private_Vehicle,Monday,No,08:01,08:00,1,On_Time
E0019,M,36,ADMIN,27.3,Walking,Monday,No,07:48,08:00,-11,On_Time
E0132,M,39,HR_TEAM,7.2,Private_Vehicle,Friday,No,08:03,08:00,3,On_Time
E0148,F,37,HR_TEAM,24.4,Private_Vehicle,Monday,No,07:53,08:00,-6,On_Time
E0025,F,44,HR_TEAM,12.9,Public_Transport,Monday,No,07:57,08:00,-2,On_Time
E0016,F,43,ADMIN,8.2,Private_Vehicle,Friday,No,07:53,08:00,-6,On_Time
E0115,M,49,ICT_PROJECT,9.1,Private_Vehicle,Monday,No,08:18,08:00,18,Late
E0114,M,25,RND_CENTER,25.2,Public_Transport,Tuesday,No,07:59,08:00,0,On_Time
E0043,F,53,HR_TEAM,7.2,Bike,Monday,No,07:49,08:00,-10,On_Time
E0043,F,22,HR_TEAM,8.7,Bike,Wednesday,No,08:08,08:00,8,Late
E0109,F,31,ICT_PROJECT,9.6,Public_Transport,Friday,No,07:47,08:00,-12,On_Time
E0189,M,42,ADMIN,2.5,Bike,Friday,No,08:02,08:00,2,On_Time
E0136,M,25,RND_CENTER,3.3,Private_Vehicle,Monday,No,07:40,08:00,-19,On_Time
E0153,M,37,HR_TEAM,4.5,Private_Vehicle,Friday,No,07:46,08:00,-13,On_Time
E0153,M,27,HR_TEAM,20.1,Walking,Wednesday,No,08:01,08:00,1,On_Time
E0053,F,37,PJOP_SURABAYA,12.5,Walking,Thursday,No,08:07,08:00,7,Late
E0081,M,22,HR_TEAM,19.0,Public_Transport,Monday,No,08:01,08:00,1,On_Time
E0138,M,54,PJOP_SURABAYA,4.8,Walking,Monday,No,07:58,08:00,-1,On_Time
E0063,F,40,ICT_PROJECT,13.7,Walking,Friday,No,07:56,08:00,-3,On_Time
E0168,M,41,ADMIN,28.2,Private_Vehicle,Wednesday,No,07:45,08:00,-14,On_Time
E0030,M,31,PJOP_SURABAYA,9.2,Private_Vehicle,Wednesday,No,07:52,08:00,-7,On_Time
E0053,F,54,HR_TEAM,8.3,Public_Transport,Monday,No,07:55,08:00,-4,On_Time
E0163,F,39,ADMIN,1.1,Private_Vehicle,Wednesday,No,08:10,08:00,10,Late
E0042,F,49,RND_CENTER,1.3,Public_Transport,Tuesday,No,08:03,08:00,3,On_Time
E0140,M,45,RND_CENTER,17.0,Bike,Tuesday,No,07:42,08:00,-17,On_Time
E0011,F,45,ADMIN,27.1,Private_Vehicle,Tuesday,No,08:03,08:00,3,On_Time
E0171,M,44,RND_CENTER,26.6,Bike,Friday,No,07:56,08:00,-3,On_Time
E0192,M,37,ICT_PROJECT,29.3,Private_Vehicle,Thursday,No,07:53,08:00,-6,On_Time
E0007,M,43,HR_TEAM,24.3,Private_Vehicle,Wednesday,No,08:06,08:00,6,Late
E0041,M,46,ADMIN,25.9,Private_Vehicle,Tuesday,No,08:10,08:00,10,Late
E0118,F,41,ICT_PROJECT,7.5,Private_Vehicle,Thursday,No,08:09,08:00,9,Late
E0085,F,26,PJOP_SURABAYA,11.2,Bike,Friday,No,07:51,08:00,-8,On_Time
E0085,M,29,PJOP_SURABAYA,6.2,Walking,Monday,No,07:56,08:00,-3,On_Time
E0028,F,44,PJOP_SURABAYA,13.7,Public_Transport,Thursday,No,08:03,08:00,3,On_Time
E0148,M,38,ADMIN,21.6,Public_Transport,Friday,No,08:09,08:00,9,Late
E0138,M,45,HR_TEAM,3.0,Walking,Friday,No,07:55,08:00,-4,On_Time
E0081,M,41,RND_CENTER,10.0,Bike,Wednesday,No,07:58,08:00,-1,On_Time
E0104,F,30,ICT_PROJECT,13.2,Bike,Tuesday,No,07:48,08:00,-11,On_Time
E0158,F,47,RND_CENTER,25.2,Walking,Wednesday,No,07:48,08:00,-11,On_Time
E0054,F,42,HR_TEAM,13.8,Private_Vehicle,Friday,No,08:08,08:00,8,Late
E0122,M,27,PJOP_SURABAYA,15.9,Walking,Monday,No,08:13,08:00,13,Late
E0193,M,41,ICT_PROJECT,24.4,Private_Vehicle,Monday,No,07:59,08:00,0,On_Time
E0012,M,52,RND_CENTER,25.6,Public_Transport,Thursday,No,08:10,08:00,10,Late
E0107,M,46,HR_TEAM,12.6,Private_Vehicle,Monday,No,08:03,08:00,3,On_Time
E0193,M,49,ICT_PROJECT,6.1,Bike,Monday,No,07:53,08:00,-6,On_Time
E0143,M,29,HR_TEAM,4.9,Bike,Friday,No,08:03,08:00,3,On_Time
E0144,F,50,RND_CENTER,24.6,Bike,Friday,No,08:15,08:00,15,Late
E0115,M,52,HR_TEAM,8.5,Private_Vehicle,Wednesday,No,07:59,08:00,0,On_Time
E0197,F,37,PJOP_SURABAYA,13.8,Walking,Tuesday,No,08:15,08:00,15,Late
E0070,F,42,RND_CENTER,3.3,Private_Vehicle,Tuesday,No,07:33,08:00,-26,On_Time
E0099,M,35,ADMIN,13.0,Walking,Friday,No,08:08,08:00,8,Late
E0120,F,25,ICT_PROJECT,25.2,Bike,Friday,No,08:00,08:00,0,On_Time
E0179,M,46,HR_TEAM,1.2,Walking,Wednesday,No,07:57,08:00,-2,On_Time
E0193,F,48,RND_CENTER,22.7,Private_Vehicle,Thursday,No,08:00,08:00,0,On_Time
E0057,F,49,HR_TEAM,1.8,Walking,Thursday,No,07:40,08:00,-19,On_Time
E0186,M,51,ICT_PROJECT,29.4,Public_Transport,Thursday,No,07:57,08:00,-2,On_Time
E0152,M,27,HR_TEAM,4.9,Bike,Tuesday,No,08:03,08:00,3,On_Time
E0013,F,46,PJOP_SURABAYA,7.1,Walking,Wednesday,No,08:14,08:00,14,Late
E0195,F,39,HR_TEAM,8.3,Public_Transport,Thursday,No,07:54,08:00,-5,On_Time
E0005,M,44,ICT_PROJECT,19.9,Public_Transport,Monday,No,07:51,08:00,-8,On_Time
E0064,M,23,RND_CENTER,5.4,Private_Vehicle,Thursday,No,07:54,08:00,-5,On_Time
E0172,M,35,HR_TEAM,21.3,Walking,Tuesday,No,08:09,08:00,9,Late
E0156,M,32,PJOP_SURABAYA,4.1,Public_Transport,Wednesday,No,08:03,08:00,3,On_Time
E0148,F,47,ICT_PROJECT,3.2,Private_Vehicle,Monday,No,07:54,08:00,-5,On_Time
E0179,F,29,RND_CENTER,23.7,Walking,Friday,No,08:05,08:00,5,On_Time
E0110,F,26,RND_CENTER,19.8,Public_Transport,Thursday,No,08:00,08:00,0,On_Time
E0126,M,49,PJOP_SURABAYA,19.4,Bike,Tuesday,No,08:09,08:00,9,Late
E0112,M,55,PJOP_SURABAYA,18.9,Bike,Thursday,No,07:52,08:00,-7,On_Time
E0112,F,42,ICT_PROJECT,25.1,Public_Transport,Wednesday,No,07:56,08:00,-3,On_Time
E0116,M,51,RND_CENTER,18.7,Bike,Wednesday,No,07:56,08:00,-3,On_Time
E0008,F,42,ICT_PROJECT,15.1,Walking,Wednesday,No,07:45,08:00,-14,On_Time
E0088,F,39,RND_CENTER,1.3,Private_Vehicle,Monday,No,08:02,08:00,2,On_Time
E0062,F,53,RND_CENTER,23.0,Bike,Thursday,No,08:02,08:00,2,On_Time
E0115,M,27,PJOP_SURABAYA,7.4,Private_Vehicle,Wednesday,No,08:00,08:00,0,On_Time
E0170,F,52,RND_CENTER,16.4,Bike,Friday,No,07:57,08:00,-2,On_Time
E0085,F,51,PJOP_SURABAYA,9.9,Private_Vehicle,Monday,No,07:45,08:00,-14,On_Time
E0185,M,42,ADMIN,22.5,Private_Vehicle,Tuesday,No,07:55,08:00,-4,On_Time
E0056,F,39,RND_CENTER,29.3,Walking,Monday,No,07:56,08:00,-3,On_Time
E0050,F,36,PJOP_SURABAYA,6.2,Public_Transport,Friday,No,07:51,08:00,-8,On_Time
E0033,F,24,ADMIN,17.0,Private_Vehicle,Thursday,No,07:58,08:00,-1,On_Time
E0027,M,40,HR_TEAM,14.9,Walking,Tuesday,No,08:04,08:00,4,On_Time
E0014,F,52,ADMIN,24.8,Bike,Thursday,No,08:18,08:00,18,Late
E0019,M,31,ICT_PROJECT,24.5,Walking,Monday,No,08:01,08:00,1,On_Time
E0064,M,48,RND_CENTER,18.3,Private_Vehicle,Friday,No,08:02,08:00,2,On_Time
E0098,F,50,PJOP_SURABAYA,25.9,Bike,Wednesday,No,07:59,08:00,0,On_Time
E0146,M,28,ICT_PROJECT,19.1,Walking,Monday,No,07:40,08:00,-19,On_Time
E0041,M,33,RND_CENTER,3.2,Public_Transport,Thursday,No,07:59,08:00,0,On_Time
E0116,F,40,ADMIN,7.7,Walking,Thursday,No,08:00,08:00,0,On_Time
E0019,M,38,RND_CENTER,20.2,Private_Vehicle,Thursday,No,08:24,08:00,24,Late
E0030,M,31,PJOP_SURABAYA,25.0,Public_Transport,Monday,No,07:58,08:00,-1,On_Time
E0043,F,40,HR_TEAM,4.6,Walking,Thursday,No,08:03,08:00,3,On_Time
E0070,F,50,ADMIN,18.3,Bike,Wednesday,No,07:59,08:00,0,On_Time
E0155,F,23,ADMIN,7.6,Public_Transport,Wednesday,No,07:48,08:00,-11,On_Time
E0148,M,33,HR_TEAM,16.0,Bike,Wednesday,No,08:11,08:00,11,Late
E0047,F,53,ADMIN,14.6,Bike,Wednesday,No,08:07,08:00,7,Late
E0083,M,32,PJOP_SURABAYA,12.9,Bike,Wednesday,No,08:07,08:00,7,Late
E0170,F,24,HR_TEAM,3.6,Walking,Wednesday,No,07:50,08:00,-9,On_Time
E0030,F,54,ADMIN,20.1,Bike,Thursday,No,08:14,08:00,14,Late
E0014,M,55,PJOP_SURABAYA,19.1,Bike,Thursday,No,07:45,08:00,-14,On_Time
E0195,M,35,PJOP_SURABAYA,16.9,Walking,Thursday,No,08:05,08:00,5,On_Time
E0179,F,29,ADMIN,29.2,Private_Vehicle,Tuesday,No,08:21,08:00,21,Late
E0080,M,48,ADMIN,7.5,Public_Transport,Thursday,No,07:50,08:00,-9,On_Time
E0031,M,53,PJOP_SURABAYA,15.8,Walking,Thursday,No,07:54,08:00,-5,On_Time
E0124,F,37,HR_TEAM,17.0,Bike,Tuesday,No,08:00,08:00,0,On_Time
E0154,M,26,PJOP_SURABAYA,23.4,Bike,Wednesday,No,07:54,08:00,-5,On_Time
E0130,F,22,PJOP_SURABAYA,22.1,Bike,Tuesday,No,07:44,08:00,-15,On_Time
E0115,F,44,PJOP_SURABAYA,17.0,Bike,Thursday,No,08:00,08:00,0,On_Time
E0083,M,37,RND_CENTER,12.1,Bike,Monday,No,07:49,08:00,-10,On_Time
E0082,F,46,HR_TEAM,29.7,Private_Vehicle,Thursday,No,08:04,08:00,4,On_Time
E0010,M,54,RND_CENTER,10.6,Public_Transport,Thursday,No,07:50,08:00,-9,On_Time
E0026,F,22,ICT_PROJECT,12.9,Private_Vehicle,Monday,No,08:15,08:00,15,Late
E0121,F,43,RND_CENTER,21.1,Public_Transport,Wednesday,No,07:52,08:00,-7,On_Time
E0173,F,42,HR_TEAM,26.3,Public_Transport,Friday,No,07:56,08:00,-3,On_Time
E0018,M,40,ICT_PROJECT,22.7,Bike,Monday,No,08:08,08:00,8,Late
E0195,M,50,ICT_PROJECT,21.1,Public_Transport,Monday,No,07:47,08:00,-12,On_Time
E0084,M,40,PJOP_SURABAYA,11.9,Private_Vehicle,Tuesday,No,08:02,08:00,2,On_Time
E0136,F,33,ICT_PROJECT,6.1,Bike,Friday,No,08:13,08:00,13,Late
E0175,M,53,RND_CENTER,5.2,Bike,Wednesday,No,07:43,08:00,-16,On_Time
E0118,F,22,HR_TEAM,27.1,Private_Vehicle,Monday,No,08:01,08:00,1,On_Time
E0114,F,41,HR_TEAM,21.0,Bike,Wednesday,No,08:02,08:00,2,On_Time
E0051,F,52,ADMIN,7.9,Walking,Friday,No,08:07,08:00,7,Late
E0076,F,23,HR_TEAM,9.0,Public_Transport,Friday,No,07:47,08:00,-12,On_Time
E0191,F,40,ICT_PROJECT,18.6,Walking,Tuesday,No,07:46,08:00,-13,On_Time
E0163,M,38,ICT_PROJECT,19.2,Public_Transport,Wednesday,No,08:05,08:00,5,On_Time
E0113,M,45,ICT_PROJECT,3.6,Walking,Wednesday,No,08:02,08:00,2,On_Time
E0192,F,33,ICT_PROJECT,4.8,Walking,Friday,No,08:02,08:00,2,On_Time
E0129,F,32,PJOP_SURABAYA,27.5,Bike,Wednesday,No,08:03,08:00,3,On_Time
E0192,F,29,HR_TEAM,28.9,Private_Vehicle,Tuesday,No,07:53,08:00,-6,On_Time
E0174,F,45,ADMIN,23.9,Public_Transport,Wednesday,No,08:02,08:00,2,On_Time
E0138,M,51,PJOP_SURABAYA,20.5,Walking,Friday,No,08:02,08:00,2,On_Time
E0098,F,28,ICT_PROJECT,14.7,Walking,Friday,No,07:52,08:00,-7,On_Time
E0057,M,51,PJOP_SURABAYA,19.8,Public_Transport,Tuesday,No,08:18,08:00,18,Late
E0012,M,41,HR_TEAM,4.4,Private_Vehicle,Friday,No,08:04,08:00,4,On_Time
E0035,F,51,PJOP_SURABAYA,20.4,Bike,Friday,No,07:48,08:00,-11,On_Time
E0191,M,48,ADMIN,25.2,Bike,Wednesday,No,08:06,08:00,6,Late
E0009,F,35,HR_TEAM,13.9,Private_Vehicle,Wednesday,No,07:50,08:00,-9,On_Time
E0026,F,44,ADMIN,12.5,Private_Vehicle,Monday,No,08:07,08:00,7,Late
E0117,M,35,RND_CENTER,29.2,Public_Transport,Wednesday,No,08:11,08:00,11,Late
E0063,M,35,ADMIN,25.1,Private_Vehicle,Friday,No,07:51,08:00,-8,On_Time
E0056,M,43,ICT_PROJECT,23.9,Public_Transport,Wednesday,No,08:09,08:00,9,Late
E0038,M,38,ICT_PROJECT,4.2,Public_Transport,Tuesday,No,08:04,08:00,4,On_Time
E0004,F,37,RND_CENTER,10.4,Private_Vehicle,Wednesday,No,08:08,08:00,8,Late
E0014,M,48,RND_CENTER,4.3,Public_Transport,Thursday,No,08:18,08:00,18,Late
E0115,F,54,RND_CENTER,4.2,Private_Vehicle,Friday,No,07:57,08:00,-2,On_Time
E0012,F,51,ADMIN,2.8,Bike,Thursday,No,07:52,08:00,-7,On_Time
E0110,M,53,HR_TEAM,3.1,Public_Transport,Wednesday,No,07:51,08:00,-8,On_Time
E0156,M,26,ICT_PROJECT,9.0,Walking,Thursday,No,07:51,08:00,-8,On_Time
E0153,F,51,RND_CENTER,18.6,Public_Transport,Monday,No,07:59,08:00,0,On_Time
E0168,M,49,HR_TEAM,26.8,Bike,Wednesday,No,08:03,08:00,3,On_Time
E0117,F,48,ADMIN,10.1,Walking,Wednesday,No,08:02,08:00,2,On_Time
E0096,M,52,ADMIN,3.6,Public_Transport,Monday,No,08:08,08:00,8,Late
E0111,M,45,ICT_PROJECT,17.1,Walking,Monday,No,08:00,08:00,0,On_Time
E0106,F,49,ADMIN,29.1,Walking,Wednesday,No,08:14,08:00,14,Late
E0027,M,31,HR_TEAM,7.5,Public_Transport,Wednesday,No,07:57,08:00,-2,On_Time
E0143,F,29,PJOP_SURABAYA,17.6,Bike,Friday,No,08:27,08:00,27,Late
E0197,M,39,ADMIN,6.2,Walking,Wednesday,No,08:06,08:00,6,Late
E0090,M,33,ICT_PROJECT,17.4,Bike,Monday,No,07:51,08:00,-8,On_Time
E0037,M,27,RND_CENTER,7.2,Bike,Thursday,No,07:49,08:00,-10,On_Time
E0088,M,45,PJOP_SURABAYA,21.9,Public_Transport,Monday,No,08:04,08:00,4,On_Time
E0040,M,25,ADMIN,8.9,Bike,Thursday,No,07:57,08:00,-2,On_Time
E0156,F,48,PJOP_SURABAYA,7.3,Public_Transport,Wednesday,No,08:07,08:00,7,Late
E0111,M,40,RND_CENTER,15.1,Walking,Monday,No,08:04,08:00,4,On_Time
E0057,F,25,ADMIN,6.9,Private_Vehicle,Tuesday,No,07:59,08:00,0,On_Time
E0196,F,40,PJOP_SURABAYA,4.5,Bike,Thursday,No,07:51,08:00,-8,On_Time
E0045,M,46,RND_CENTER,21.4,Walking,Monday,No,07:44,08:00,-15,On_Time
E0102,M,49,ADMIN,14.3,Public_Transport,Wednesday,No,07:55,08:00,-4,On_Time
E0148,F,47,HR_TEAM,9.4,Bike,Monday,No,08:08,08:00,8,Late
E0084,M,51,PJOP_SURABAYA,3.6,Public_Transport,Tuesday,No,08:02,08:00,2,On_Time
E0112,F,55,ADMIN,12.5,Walking,Wednesday,No,07:47,08:00,-12,On_Time
E0057,F,32,ADMIN,15.8,Public_Transport,Friday,No,08:01,08:00,1,On_Time
E0131,M,44,PJOP_SURABAYA,22.1,Private_Vehicle,Tuesday,No,08:03,08:00,3,On_Time
E0027,M,38,ICT_PROJECT,6.0,Private_Vehicle,Monday,No,07:51,08:00,-8,On_Time
E0046,F,51,RND_CENTER,23.0,Bike,Friday,No,08:01,08:00,1,On_Time
E0165,F,42,ICT_PROJECT,13.8,Bike,Thursday,No,08:00,08:00,0,On_Time
E0162,F,39,RND_CENTER,2.6,Public_Transport,Wednesday,No,07:48,08:00,-11,On_Time
E0119,F,24,ADMIN,11.7,Walking,Monday,No,08:03,08:00,3,On_Time
E0166,M,54,HR_TEAM,14.4,Public_Transport,Thursday,No,08:05,08:00,5,On_Time
E0147,M,42,RND_CENTER,14.8,Private_Vehicle,Monday,No,08:10,08:00,10,Late
E0116,M,43,ADMIN,15.6,Private_Vehicle,Monday,No,08:10,08:00,10,Late
E0064,F,50,RND_CENTER,16.2,Private_Vehicle,Wednesday,No,07:46,08:00,-13,On_Time
E0096,F,46,HR_TEAM,23.5,Public_Transport,Wednesday,No,07:50,08:00,-9,On_Time
E0017,F,28,RND_CENTER,20.7,Walking,Wednesday,No,08:05,08:00,5,On_Time
E0186,M,43,ADMIN,17.9,Private_Vehicle,Wednesday,No,08:05,08:00,5,On_Time
E0080,F,30,RND_CENTER,21.6,Public_Transport,Wednesday,No,08:05,08:00,5,On_Time
E0144,F,43,ICT_PROJECT,20.4,Public_Transport,Thursday,No,08:38,08:00,38,Late
E0131,F,23,PJOP_SURABAYA,10.0,Private_Vehicle,Wednesday,No,08:05,08:00,5,On_Time
E0197,F,34,ICT_PROJECT,30.0,Private_Vehicle,Monday,No,08:11,08:00,11,Late
E0076,M,54,RND_CENTER,25.2,Public_Transport,Wednesday,No,08:09,08:00,9,Late
E0197,M,46,ICT_PROJECT,5.7,Private_Vehicle,Thursday,No,08:06,08:00,6,Late
E0012,F,45,ICT_PROJECT,29.1,Walking,Thursday,No,07:56,08:00,-3,On_Time
E0060,M,41,HR_TEAM,27.2,Private_Vehicle,Wednesday,No,08:07,08:00,7,Late
E0174,F,51,PJOP_SURABAYA,23.6,Bike,Tuesday,No,07:52,08:00,-7,On_Time
E0052,M,38,ADMIN,19.6,Walking,Friday,No,07:57,08:00,-2,On_Time
E0027,M,40,ADMIN,23.1,Walking,Thursday,No,07:55,08:00,-4,On_Time
E0132,M,49,ADMIN,28.4,Private_Vehicle,Thursday,No,08:00,08:00,0,On_Time
E0090,M,48,ADMIN,12.5,Walking,Tuesday,No,08:23,08:00,23,Late
E0099,M,45,ICT_PROJECT,1.8,Public_Transport,Wednesday,No,07:41,08:00,-18,On_Time
E0038,M,24,PJOP_SURABAYA,27.6,Bike,Tuesday,No,08:06,08:00,6,Late
E0195,F,50,RND_CENTER,1.2,Public_Transport,Monday,No,07:43,08:00,-16,On_Time
E0066,M,31,RND_CENTER,28.3,Bike,Monday,No,07:55,08:00,-4,On_Time
E0199,F,37,PJOP_SURABAYA,4.5,Private_Vehicle,Thursday,No,08:10,08:00,10,Late
E0164,F,26,ADMIN,25.3,Bike,Friday,No,08:00,08:00,0,On_Time
E0138,M,54,RND_CENTER,8.0,Private_Vehicle,Wednesday,No,07:49,08:00,-10,On_Time
E0110,M,44,ICT_PROJECT,17.5,Private_Vehicle,Monday,No,07:52,08:00,-7,On_Time
E0135,F,26,RND_CENTER,16.8,Public_Transport,Thursday,No,08:06,08:00,6,Late
E0121,M,46,PJOP_SURABAYA,8.4,Public_Transport,Wednesday,No,07:52,08:00,-7,On_Time
E0018,F,37,ADMIN,23.4,Walking,Tuesday,No,08:02,08:00,2,On_Time
E0012,F,43,ICT_PROJECT,25.1,Bike,Thursday,No,08:00,08:00,0,On_Time
E0162,M,30,ADMIN,21.8,Bike,Monday,No,07:53,08:00,-6,On_Time
E0076,M,24,ICT_PROJECT,26.7,Walking,Wednesday,No,08:21,08:00,21,Late
E0132,F,52,PJOP_SURABAYA,2.1,Private_Vehicle,Wednesday,No,08:06,08:00,6,Late
E0092,M,43,PJOP_SURABAYA,4.6,Walking,Thursday,No,07:39,08:00,-20,On_Time
E0103,F,46,PJOP_SURABAYA,29.2,Bike,Thursday,No,08:01,08:00,1,On_Time
E0095,F,27,HR_TEAM,3.3,Private_Vehicle,Friday,No,07:53,08:00,-6,On_Time
E0076,F,28,ADMIN,10.5,Walking,Wednesday,No,08:08,08:00,8,Late
E0115,F,32,HR_TEAM,11.2,Public_Transport,Wednesday,No,07:52,08:00,-7,On_Time
E0158,F,39,ADMIN,3.2,Bike,Wednesday,No,07:58,08:00,-1,On_Time
E0132,M,23,ICT_PROJECT,25.6,Bike,Monday,No,08:05,08:00,5,On_Time
E0033,M,37,PJOP_SURABAYA,11.5,Public_Transport,Friday,No,08:08,08:00,8,Late
E0040,F,45,PJOP_SURABAYA,13.9,Public_Transport,Friday,No,07:47,08:00,-12,On_Time
E0036,F,47,PJOP_SURABAYA,19.8,Private_Vehicle,Monday,No,07:56,08:00,-3,On_Time
E0007,M,53,RND_CENTER,12.2,Public_Transport,Wednesday,No,07:55,08:00,-4,On_Time
E0199,F,50,ICT_PROJECT,29.9,Walking,Thursday,No,07:53,08:00,-6,On_Time
E0052,M,30,ADMIN,14.1,Bike,Monday,No,08:17,08:00,17,Late
E0175,F,44,ADMIN,16.9,Walking,Wednesday,No,08:04,08:00,4,On_Time
E0041,M,45,RND_CENTER,7.5,Private_Vehicle,Tuesday,No,07:47,08:00,-12,On_Time
E0061,F,23,PJOP_SURABAYA,17.1,Walking,Thursday,No,08:09,08:00,9,Late
E0142,M,27,ADMIN,10.0,Bike,Friday,No,08:21,08:00,21,Late
E0106,F,26,ICT_PROJECT,29.2,Public_Transport,Thursday,No,08:10,08:00,10,Late
E0120,F,30,RND_CENTER,19.6,Private_Vehicle,Tuesday,No,07:44,08:00,-15,On_Time
E0111,M,29,RND_CENTER,5.4,Private_Vehicle,Tuesday,No,07:55,08:00,-4,On_Time
E0083,M,44,RND_CENTER,27.0,Public_Transport,Wednesday,No,08:12,08:00,12,Late
E0051,F,30,PJOP_SURABAYA,18.8,Public_Transport,Friday,No,07:52,08:00,-7,On_Time
E0165,M,31,ICT_PROJECT,20.1,Walking,Friday,No,08:04,08:00,4,On_Time
E0011,M,27,ADMIN,28.5,Walking,Tuesday,No,08:07,08:00,7,Late
E0197,F,23,HR_TEAM,26.8,Walking,Wednesday,No,07:50,08:00,-9,On_Time
E0124,M,47,PJOP_SURABAYA,14.2,Public_Transport,Tuesday,No,07:59,08:00,0,On_Time
E0113,F,52,HR_TEAM,6.9,Private_Vehicle,Wednesday,No,07:27,08:00,-32,On_Time
E0184,F,44,HR_TEAM,4.8,Walking,Friday,No,07:49,08:00,-10,On_Time
E0144,M,42,ICT_PROJECT,14.5,Walking,Thursday,No,07:57,08:00,-2,On_Time
E0064,M,28,ADMIN,9.4,Bike,Friday,No,07:47,08:00,-12,On_Time
E0108,M,32,PJOP_SURABAYA,28.1,Walking,Tuesday,No,08:16,08:00,16,Late
E0196,M,53,RND_CENTER,14.5,Walking,Thursday,No,07:45,08:00,-14,On_Time
E0006,M,47,RND_CENTER,14.3,Private_Vehicle,Tuesday,No,07:55,08:00,-4,On_Time
E0150,F,25,ADMIN,9.2,Bike,Wednesday,No,08:01,08:00,1,On_Time
E0138,M,28,HR_TEAM,4.9,Walking,Wednesday,No,08:14,08:00,14,Late
E0196,F,45,ADMIN,12.6,Private_Vehicle,Wednesday,No,07:45,08:00,-14,On_Time
E0142,F,26,HR_TEAM,15.6,Walking,Friday,No,08:11,08:00,11,Late
E0175,M,30,ADMIN,12.4,Walking,Friday,No,08:00,08:00,0,On_Time
E0094,M,34,RND_CENTER,15.8,Public_Transport,Monday,No,07:50,08:00,-9,On_Time
E0010,M,43,HR_TEAM,16.1,Private_Vehicle,Friday,No,08:04,08:00,4,On_Time
E0132,M,42,RND_CENTER,10.2,Bike,Friday,No,08:01,08:00,1,On_Time
E0190,F,43,RND_CENTER,25.0,Bike,Friday,No,07:53,08:00,-6,On_Time
E0077,F,23,PJOP_SURABAYA,10.6,Public_Transport,Thursday,No,08:00,08:00,0,On_Time
E0150,F,23,RND_CENTER,14.8,Private_Vehicle,Monday,No,07:56,08:00,-3,On_Time
E0150,F,32,RND_CENTER,19.2,Bike,Tuesday,No,08:01,08:00,1,On_Time
E0175,M,24,RND_CENTER,28.5,Public_Transport,Tuesday,No,08:06,08:00,6,Late
E0005,F,42,HR_TEAM,5.4,Private_Vehicle,Thursday,No,08:15,08:00,15,Late
E0129,F,25,ICT_PROJECT,16.0,Walking,Thursday,No,07:47,08:00,-12,On_Time
E0135,F,42,ICT_PROJECT,14.3,Walking,Friday,No,08:21,08:00,21,Late
E0091,F,52,ICT_PROJECT,28.8,Walking,Friday,No,07:40,08:00,-19,On_Time
E0077,M,41,PJOP_SURABAYA,21.4,Bike,Wednesday,No,07:58,08:00,-1,On_Time
E0123,F,39,PJOP_SURABAYA,4.5,Bike,Thursday,No,08:05,08:00,5,On_Time
E0089,M,40,ADMIN,9.3,Public_Transport,Wednesday,No,08:02,08:00,2,On_Time
E0114,F,52,ICT_PROJECT,6.9,Walking,Friday,No,07:53,08:00,-6,On_Time
E0179,F,30,ADMIN,18.9,Private_Vehicle,Tuesday,No,07:57,08:00,-2,On_Time
E0013,M,36,ADMIN,3.9,Walking,Thursday,No,07:55,08:00,-4,On_Time
E0026,M,22,RND_CENTER,29.4,Private_Vehicle,Thursday,No,07:54,08:00,-5,On_Time
E0168,F,52,ICT_PROJECT,22.9,Walking,Wednesday,No,08:08,08:00,8,Late
E0074,M,27,RND_CENTER,7.7,Public_Transport,Tuesday,No,08:03,08:00,3,On_Time
E0107,M,24,HR_TEAM,23.9,Private_Vehicle,Wednesday,No,07:53,08:00,-6,On_Time
E0010,M,41,RND_CENTER,18.5,Walking,Wednesday,No,08:08,08:00,8,Late
E0117,F,30,RND_CENTER,14.6,Private_Vehicle,Monday,No,08:03,08:00,3,On_Time
E0085,M,51,PJOP_SURABAYA,21.8,Public_Transport,Wednesday,No,08:08,08:00,8,Late
E0076,M,33,RND_CENTER,25.8,Bike,Thursday,No,08:06,08:00,6,Late
E0132,F,27,HR_TEAM,20.4,Private_Vehicle,Tuesday,No,07:51,08:00,-8,On_Time
E0123,F,37,ADMIN,8.6,Private_Vehicle,Thursday,No,07:54,08:00,-5,On_Time
E0193,F,43,PJOP_SURABAYA,17.9,Public_Transport,Wednesday,No,08:07,08:00,7,Late
E0168,F,37,ADMIN,20.4,Bike,Wednesday,No,08:06,08:00,6,Late
E0041,F,54,PJOP_SURABAYA,21.0,Walking,Wednesday,No,07:59,08:00,0,On_Time
E0158,M,36,ICT_PROJECT,14.9,Bike,Friday,No,08:01,08:00,1,On_Time
E0096,F,52,RND_CENTER,24.3,Private_Vehicle,Tuesday,No,08:12,08:00,12,Late
E0175,M,55,HR_TEAM,16.3,Walking,Monday,No,07:54,08:00,-5,On_Time
E0145,M,25,RND_CENTER,27.2,Private_Vehicle,Friday,No,08:05,08:00,5,On_Time
E0138,M,32,PJOP_SURABAYA,25.8,Bike,Monday,No,07:57,08:00,-2,On_Time
E0175,M,53,ADMIN,27.1,Bike,Monday,No,07:57,08:00,-2,On_Time
E0117,M,54,HR_TEAM,14.2,Public_Transport,Friday,No,08:10,08:00,10,Late
E0119,F,23,HR_TEAM,8.4,Public_Transport,Tuesday,No,08:08,08:00,8,Late
E0149,M,24,HR_TEAM,11.0,Public_Transport,Friday,No,08:08,08:00,8,Late
E0016,M,52,ADMIN,9.3,Private_Vehicle,Tuesday,No,08:13,08:00,13,Late
E0197,F,45,HR_TEAM,14.0,Bike,Thursday,No,08:00,08:00,0,On_Time
E0021,M,44,ADMIN,6.2,Bike,Friday,No,08:06,08:00,6,Late
E0033,M,22,ADMIN,29.4,Bike,Friday,No,07:56,08:00,-3,On_Time
E0109,F,36,ICT_PROJECT,14.4,Private_Vehicle,Wednesday,No,08:03,08:00,3,On_Time
E0049,M,24,HR_TEAM,18.8,Public_Transport,Tuesday,No,07:58,08:00,-1,On_Time
E0053,M,28,RND_CENTER,2.0,Public_Transport,Tuesday,No,08:00,08:00,0,On_Time
E0190,M,47,HR_TEAM,7.8,Private_Vehicle,Monday,No,08:05,08:00,5,On_Time
E0036,F,36,RND_CENTER,10.2,Walking,Tuesday,No,07:51,08:00,-8,On_Time
E0078,M,55,ICT_PROJECT,13.0,Walking,Monday,No,08:20,08:00,20,Late
E0143,M,49,RND_CENTER,15.4,Walking,Thursday,No,07:49,08:00,-10,On_Time
E0135,F,48,HR_TEAM,5.3,Bike,Tuesday,No,07:47,08:00,-12,On_Time
E0194,F,37,ICT_PROJECT,9.7,Private_Vehicle,Thursday,No,08:11,08:00,11,Late
E0015,F,48,RND_CENTER,16.4,Bike,Tuesday,No,08:07,08:00,7,Late
E0066,M,43,ADMIN,27.7,Walking,Monday,No,08:06,08:00,6,Late
E0138,M,25,PJOP_SURABAYA,11.9,Public_Transport,Monday,No,08:06,08:00,6,Late
E0049,M,52,ICT_PROJECT,26.2,Walking,Wednesday,No,07:59,08:00,0,On_Time
E0004,M,34,ADMIN,22.7,Bike,Tuesday,No,07:51,08:00,-8,On_Time
E0179,M,47,ICT_PROJECT,17.0,Walking,Thursday,No,08:00,08:00,0,On_Time
E0120,F,41,PJOP_SURABAYA,11.4,Bike,Thursday,No,07:53,08:00,-6,On_Time
E0026,F,42,ICT_PROJECT,11.8,Bike,Monday,No,08:09,08:00,9,Late
E0145,M,31,ADMIN,8.6,Bike,Wednesday,No,07:58,08:00,-1,On_Time
E0040,M,43,ICT_PROJECT,12.0,Private_Vehicle,Thursday,No,07:51,08:00,-8,On_Time
E0141,F,38,HR_TEAM,29.0,Bike,Thursday,No,07:56,08:00,-3,On_Time
E0044,F,32,ICT_PROJECT,21.9,Bike,Tuesday,No,08:04,08:00,4,On_Time
E0139,M,55,ADMIN,25.3,Public_Transport,Monday,No,07:54,08:00,-5,On_Time
E0196,M,48,ICT_PROJECT,25.4,Private_Vehicle,Monday,No,07:51,08:00,-8,On_Time
E0182,M,22,ICT_PROJECT,15.7,Walking,Monday,No,08:02,08:00,2,On_Time
E0159,F,53,ADMIN,1.2,Bike,Monday,No,08:02,08:00,2,On_Time
E0005,F,40,ADMIN,15.6,Bike,Tuesday,No,07:54,08:00,-5,On_Time
E0028,M,55,ICT_PROJECT,8.0,Walking,Wednesday,No,07:55,08:00,-4,On_Time
E0069,F,27,PJOP_SURABAYA,28.8,Bike,Friday,No,08:02,08:00,2,On_Time
E0063,M,41,ADMIN,20.0,Public_Transport,Monday,No,07:45,08:00,-14,On_Time
E0104,F,46,RND_CENTER,14.8,Public_Transport,Tuesday,No,07:45,08:00,-14,On_Time
E0022,F,49,PJOP_SURABAYA,17.4,Public_Transport,Friday,No,07:52,08:00,-7,On_Time
E0011,M,35,RND_CENTER,14.8,Public_Transport,Monday,No,07:57,08:00,-2,On_Time
E0176,F,24,ICT_PROJECT,27.9,Walking,Monday,No,08:03,08:00,3,On_Time
E0054,M,47,ADMIN,9.7,Private_Vehicle,Friday,No,08:14,08:00,14,Late
E0100,F,46,ICT_PROJECT,23.9,Public_Transport,Friday,No,08:08,08:00,8,Late
E0191,F,25,ADMIN,13.7,Public_Transport,Wednesday,No,07:58,08:00,-1,On_Time
E0155,F,42,ADMIN,19.4,Bike,Thursday,No,07:59,08:00,0,On_Time
E0059,F,46,HR_TEAM,6.4,Bike,Monday,No,07:49,08:00,-10,On_Time
E0198,F,37,ADMIN,3.4,Private_Vehicle,Thursday,No,07:59,08:00,0,On_Time
E0183,M,46,PJOP_SURABAYA,11.5,Public_Transport,Monday,No,07:57,08:00,-2,On_Time
E0079,F,45,PJOP_SURABAYA,4.0,Public_Transport,Tuesday,No,08:03,08:00,3,On_Time
E0111,F,54,HR_TEAM,4.0,Public_Transport,Wednesday,No,07:51,08:00,-8,On_Time
E0142,M,42,HR_TEAM,1.4,Bike,Thursday,No,08:05,08:00,5,On_Time
E0200,M,37,RND_CENTER,16.1,Bike,Tuesday,No,08:15,08:00,15,Late
E0036,F,41,PJOP_SURABAYA,15.3,Public_Transport,Tuesday,No,07:58,08:00,-1,On_Time
E0112,F,48,PJOP_SURABAYA,15.0,Public_Transport,Wednesday,No,08:04,08:00,4,On_Time
E0065,M,53,RND_CENTER,18.9,Bike,Monday,No,08:06,08:00,6,Late
E0035,F,22,HR_TEAM,10.6,Bike,Wednesday,No,07:55,08:00,-4,On_Time
E0113,F,49,RND_CENTER,4.9,Walking,Friday,No,08:02,08:00,2,On_Time
E0178,M,52,PJOP_SURABAYA,6.2,Bike,Wednesday,No,08:00,08:00,0,On_Time
E0075,F,37,PJOP_SURABAYA,11.9,Bike,Wednesday,No,08:00,08:00,0,On_Time
E0030,M,33,RND_CENTER,1.8,Bike,Tuesday,No,07:52,08:00,-7,On_Time
E0113,F,26,HR_TEAM,20.5,Private_Vehicle,Wednesday,No,08:00,08:00,0,On_Time
E0062,F,31,HR_TEAM,23.9,Public_Transport,Thursday,No,08:04,08:00,4,On_Time
E0154,F,47,RND_CENTER,15.7,Bike,Friday,No,08:14,08:00,14,Late
E0010,F,27,ADMIN,23.3,Walking,Tuesday,No,08:09,08:00,9,Late
E0166,M,47,PJOP_SURABAYA,29.0,Bike,Monday,No,08:21,08:00,21,Late
E0003,M,38,ICT_PROJECT,15.8,Private_Vehicle,Thursday,No,07:52,08:00,-7,On_Time
E0096,F,51,RND_CENTER,21.0,Private_Vehicle,Wednesday,No,08:08,08:00,8,Late
E0007,F,28,PJOP_SURABAYA,13.1,Public_Transport,Monday,No,08:01,08:00,1,On_Time
E0187,M,44,PJOP_SURABAYA,10.9,Private_Vehicle,Friday,No,08:21,08:00,21,Late
E0124,F,52,ADMIN,13.7,Bike,Wednesday,No,07:51,08:00,-8,On_Time
E0018,F,24,ADMIN,1.7,Walking,Monday,No,07:51,08:00,-8,On_Time
E0174,M,37,RND_CENTER,6.1,Private_Vehicle,Wednesday,No,07:54,08:00,-5,On_Time
E0144,F,51,ICT_PROJECT,24.1,Private_Vehicle,Tuesday,No,07:38,08:00,-21,On_Time
E0164,F,47,ADMIN,22.4,Private_Vehicle,Thursday,No,07:54,08:00,-5,On_Time
E0152,F,46,ADMIN,21.4,Private_Vehicle,Wednesday,No,07:52,08:00,-7,On_Time
E0193,M,28,RND_CENTER,6.4,Walking,Tuesday,No,08:01,08:00,1,On_Time
E0118,M,38,HR_TEAM,16.3,Walking,Friday,No,08:03,08:00,3,On_Time
E0100,F,29,PJOP_SURABAYA,11.2,Bike,Friday,No,08:18,08:00,18,Late
E0045,F,27,ICT_PROJECT,10.1,Private_Vehicle,Wednesday,No,08:09,08:00,9,Late
E0030,M,45,ICT_PROJECT,15.8,Bike,Friday,No,07:54,08:00,-5,On_Time
E0036,F,49,ICT_PROJECT,15.1,Private_Vehicle,Friday,No,07:51,08:00,-8,On_Time
E0043,F,40,ICT_PROJECT,6.4,Bike,Friday,No,08:04,08:00,4,On_Time
E0014,F,22,HR_TEAM,5.0,Bike,Friday,No,07:46,08:00,-13,On_Time
E0130,F,48,HR_TEAM,13.1,Bike,Thursday,No,08:18,08:00,18,Late
E0043,M,23,ICT_PROJECT,9.5,Walking,Tuesday,No,08:11,08:00,11,Late
E0138,F,32,HR_TEAM,17.4,Bike,Friday,No,07:55,08:00,-4,On_Time
E0131,M,29,PJOP_SURABAYA,23.5,Walking,Friday,No,07:42,08:00,-17,On_Time
E0194,M,50,RND_CENTER,7.3,Bike,Monday,No,08:13,08:00,13,Late
E0189,M,41,ADMIN,14.0,Walking,Monday,No,07:58,08:00,-1,On_Time
E0113,M,37,ICT_PROJECT,24.5,Walking,Friday,No,08:12,08:00,12,Late
E0162,F,32,RND_CENTER,5.0,Private_Vehicle,Tuesday,No,07:44,08:00,-15,On_Time
E0016,F,39,RND_CENTER,16.6,Walking,Wednesday,No,07:54,08:00,-5,On_Time
E0075,F,54,ADMIN,4.9,Bike,Monday,No,08:00,08:00,0,On_Time
E0071,M,30,ICT_PROJECT,5.2,Walking,Tuesday,No,08:00,08:00,0,On_Time
E0195,F,53,ICT_PROJECT,17.7,Walking,Thursday,No,07:55,08:00,-4,On_Time
E0097,F,26,ADMIN,12.7,Walking,Wednesday,No,08:06,08:00,6,Late
E0117,F,42,RND_CENTER,1.1,Public_Transport,Thursday,No,07:49,08:00,-10,On_Time
E0163,F,26,RND_CENTER,12.5,Bike,Tuesday,No,07:58,08:00,-1,On_Time
E0127,F,42,PJOP_SURABAYA,10.8,Private_Vehicle,Friday,No,08:01,08:00,1,On_Time
E0125,F,25,ADMIN,3.9,Bike,Monday,No,08:05,08:00,5,On_Time
E0032,M,50,HR_TEAM,1.0,Bike,Tuesday,No,08:07,08:00,7,Late
E0177,M,41,ICT_PROJECT,26.4,Walking,Monday,No,07:48,08:00,-11,On_Time
E0168,F,38,ADMIN,11.8,Private_Vehicle,Monday,No,07:44,08:00,-15,On_Time
E0102,F,36,HR_TEAM,20.0,Public_Transport,Monday,No,08:12,08:00,12,Late
E0055,F,26,ICT_PROJECT,18.2,Bike,Monday,No,08:03,08:00,3,On_Time
E0003,F,29,HR_TEAM,21.1,Bike,Monday,No,07:52,08:00,-7,On_Time
E0059,F,27,ADMIN,4.0,Walking,Wednesday,No,08:15,08:00,15,Late
E0036,F,30,ICT_PROJECT,3.0,Public_Transport,Friday,No,08:01,08:00,1,On_Time
E0167,M,50,PJOP_SURABAYA,22.0,Private_Vehicle,Thursday,No,08:11,08:00,11,Late
E0158,F,35,ADMIN,27.0,Private_Vehicle,Monday,No,08:00,08:00,0,On_Time
E0151,F,44,HR_TEAM,10.1,Private_Vehicle,Tuesday,No,08:20,08:00,20,Late
E0071,M,37,RND_CENTER,18.4,Walking,Monday,No,08:17,08:00,17,Late
E0169,F,35,RND_CENTER,18.6,Private_Vehicle,Thursday,No,07:57,08:00,-2,On_Time
E0076,M,37,HR_TEAM,12.2,Private_Vehicle,Thursday,No,08:09,08:00,9,Late
E0164,M,55,ADMIN,29.6,Walking,Tuesday,No,08:06,08:00,6,Late
E0100,F,45,RND_CENTER,20.8,Bike,Monday,No,08:13,08:00,13,Late
E0005,M,22,PJOP_SURABAYA,7.3,Public_Transport,Thursday,No,07:50,08:00,-9,On_Time
E0130,F,54,HR_TEAM,13.3,Bike,Monday,No,08:06,08:00,6,Late
E0164,M,39,ADMIN,10.0,Private_Vehicle,Tuesday,No,08:10,08:00,10,Late
E0138,F,47,RND_CENTER,19.4,Public_Transport,Wednesday,No,07:42,08:00,-17,On_Time
E0179,F,37,ADMIN,8.1,Bike,Monday,No,07:48,08:00,-11,On_Time
E0117,M,41,ICT_PROJECT,4.5,Private_Vehicle,Monday,No,07:39,08:00,-20,On_Time
E0042,F,44,RND_CENTER,16.0,Walking,Tuesday,No,07:57,08:00,-2,On_Time
E0096,M,39,ADMIN,23.4,Public_Transport,Wednesday,No,08:07,08:00,7,Late
E0110,F,55,ADMIN,8.6,Public_Transport,Thursday,No,08:15,08:00,15,Late
E0117,F,25,HR_TEAM,25.9,Private_Vehicle,Wednesday,No,08:00,08:00,0,On_Time
E0041,F,28,RND_CENTER,20.5,Public_Transport,Tuesday,No,08:16,08:00,16,Late
E0190,M,24,ADMIN,8.1,Bike,Wednesday,No,07:46,08:00,-13,On_Time
E0099,M,33,ADMIN,17.0,Bike,Tuesday,No,07:42,08:00,-17,On_Time
E0083,M,48,PJOP_SURABAYA,8.9,Public_Transport,Friday,No,07:59,08:00,0,On_Time
E0096,M,54,ADMIN,6.2,Public_Transport,Thursday,No,08:03,08:00,3,On_Time
E0018,F,40,PJOP_SURABAYA,10.5,Bike,Monday,No,07:59,08:00,0,On_Time
E0095,M,40,RND_CENTER,23.8,Private_Vehicle,Thursday,No,07:39,08:00,-20,On_Time
E0095,F,34,RND_CENTER,23.1,Private_Vehicle,Tuesday,No,07:59,08:00,0,On_Time
E0002,F,23,ICT_PROJECT,16.7,Public_Transport,Wednesday,No,07:46,08:00,-13,On_Time
E0001,F,41,ADMIN,7.0,Private_Vehicle,Thursday,No,08:06,08:00,6,Late
E0126,M,31,PJOP_SURABAYA,3.7,Private_Vehicle,Friday,No,08:03,08:00,3,On_Time
E0106,F,51,ADMIN,17.8,Private_Vehicle,Thursday,No,07:50,08:00,-9,On_Time
E0020,M,49,ICT_PROJECT,7.9,Walking,Wednesday,No,07:54,08:00,-5,On_Time
E0101,F,42,HR_TEAM,8.9,Public_Transport,Tuesday,No,07:49,08:00,-10,On_Time
E0035,M,31,ADMIN,5.8,Bike,Wednesday,No,07:59,08:00,0,On_Time
E0105,M,44,ICT_PROJECT,14.1,Bike,Wednesday,No,08:09,08:00,9,Late
E0031,M,32,PJOP_SURABAYA,25.0,Public_Transport,Tuesday,No,07:50,08:00,-9,On_Time
E0084,M,27,ICT_PROJECT,29.1,Bike,Friday,No,08:05,08:00,5,On_Time
E0013,F,38,ICT_PROJECT,1.9,Bike,Thursday,No,07:54,08:00,-5,On_Time
E0143,M,28,HR_TEAM,4.0,Private_Vehicle,Monday,No,07:52,08:00,-7,On_Time
E0004,M,36,ICT_PROJECT,6.7,Bike,Wednesday,No,07:58,08:00,-1,On_Time
E0176,M,38,ADMIN,1.6,Public_Transport,Tuesday,No,07:49,08:00,-10,On_Time
E0166,F,30,ADMIN,27.2,Walking,Monday,No,07:54,08:00,-5,On_Time
E0011,F,25,ICT_PROJECT,27.8,Bike,Thursday,No,07:48,08:00,-11,On_Time
E0128,M,46,HR_TEAM,6.0,Private_Vehicle,Tuesday,No,08:19,08:00,19,Late
E0071,F,50,ICT_PROJECT,2.0,Private_Vehicle,Wednesday,No,08:00,08:00,0,On_Time
E0128,F,52,ADMIN,3.5,Bike,Tuesday,No,07:53,08:00,-6,On_Time
E0108,M,55,ICT_PROJECT,19.3,Public_Transport,Thursday,No,08:02,08:00,2,On_Time
E0183,F,52,RND_CENTER,23.7,Walking,Friday,No,07:58,08:00,-1,On_Time
E0129,F,46,PJOP_SURABAYA,6.2,Walking,Friday,No,07:57,08:00,-2,On_Time
E0057,M,39,ADMIN,24.5,Bike,Friday,No,08:06,08:00,6,Late
E0092,M,32,ADMIN,8.2,Private_Vehicle,Wednesday,No,08:07,08:00,7,Late
E0137,M,36,RND_CENTER,25.5,Bike,Wednesday,No,07:54,08:00,-5,On_Time
E0045,M,37,RND_CENTER,10.2,Walking,Friday,No,07:54,08:00,-5,On_Time
E0008,F,31,RND_CENTER,28.5,Bike,Friday,No,07:57,08:00,-2,On_Time
E0080,M,53,ADMIN,3.6,Private_Vehicle,Friday,No,07:36,08:00,-23,On_Time
E0057,M,55,HR_TEAM,1.0,Private_Vehicle,Tuesday,No,07:44,08:00,-15,On_Time
E0088,M,42,ADMIN,1.6,Private_Vehicle,Monday,No,08:13,08:00,13,Late
E0135,F,26,PJOP_SURABAYA,21.4,Bike,Friday,No,08:16,08:00,16,Late
E0026,F,41,PJOP_SURABAYA,5.0,Private_Vehicle,Thursday,No,07:57,08:00,-2,On_Time
E0164,F,42,ICT_PROJECT,21.5,Walking,Tuesday,No,08:05,08:00,5,On_Time
E0171,M,46,PJOP_SURABAYA,22.3,Walking,Tuesday,No,08:03,08:00,3,On_Time
E0046,M,47,RND_CENTER,1.9,Walking,Friday,No,08:30,08:00,30,Late
E0057,M,53,ICT_PROJECT,10.6,Public_Transport,Tuesday,No,08:11,08:00,11,Late
E0089,F,32,ADMIN,24.8,Walking,Thursday,No,07:58,08:00,-1,On_Time
E0003,F,35,ICT_PROJECT,21.1,Walking,Wednesday,No,07:50,08:00,-9,On_Time
E0028,M,25,HR_TEAM,13.7,Bike,Tuesday,No,07:43,08:00,-16,On_Time
E0106,F,46,PJOP_SURABAYA,16.8,Public_Transport,Thursday,No,08:02,08:00,2,On_Time
E0148,M,32,HR_TEAM,3.1,Public_Transport,Wednesday,No,07:52,08:00,-7,On_Time
E0006,F,38,ADMIN,3.2,Private_Vehicle,Thursday,No,07:45,08:00,-14,On_Time
E0042,M,27,PJOP_SURABAYA,18.2,Bike,Monday,No,07:53,08:00,-6,On_Time
E0111,M,49,ICT_PROJECT,2.6,Walking,Tuesday,No,07:49,08:00,-10,On_Time
E0049,F,38,PJOP_SURABAYA,9.6,Public_Transport,Monday,No,08:16,08:00,16,Late
E0101,F,31,ADMIN,11.5,Bike,Monday,No,08:08,08:00,8,Late
E0076,F,34,ADMIN,1.7,Private_Vehicle,Wednesday,No,07:59,08:00,0,On_Time
E0021,F,29,PJOP_SURABAYA,23.8,Bike,Thursday,No,08:14,08:00,14,Late
E0170,F,27,RND_CENTER,12.2,Walking,Thursday,No,08:00,08:00,0,On_Time
E0095,M,50,ADMIN,8.6,Bike,Wednesday,No,07:51,08:00,-8,On_Time
E0058,F,25,ICT_PROJECT,22.8,Public_Transport,Monday,No,08:15,08:00,15,Late
E0172,F,48,RND_CENTER,7.6,Public_Transport,Thursday,No,08:05,08:00,5,On_Time
E0134,F,52,RND_CENTER,26.6,Bike,Wednesday,No,07:49,08:00,-10,On_Time
E0021,F,24,RND_CENTER,17.6,Private_Vehicle,Monday,No,07:58,08:00,-1,On_Time
E0194,F,33,ICT_PROJECT,29.2,Private_Vehicle,Tuesday,No,07:51,08:00,-8,On_Time
E0011,F,27,HR_TEAM,6.9,Private_Vehicle,Friday,No,07:46,08:00,-13,On_Time
E0067,F,26,ADMIN,12.3,Bike,Friday,No,08:09,08:00,9,Late
E0084,F,55,HR_TEAM,27.6,Public_Transport,Friday,No,08:19,08:00,19,Late
E0151,F,29,HR_TEAM,5.3,Public_Transport,Monday,No,07:46,08:00,-13,On_Time
E0145,M,40,RND_CENTER,26.5,Bike,Wednesday,No,08:05,08:00,5,On_Time
E0099,F,52,ADMIN,6.0,Bike,Tuesday,No,07:53,08:00,-6,On_Time
E0159,F,24,HR_TEAM,26.8,Walking,Tuesday,No,07:55,08:00,-4,On_Time
E0013,F,39,PJOP_SURABAYA,1.6,Walking,Wednesday,No,07:54,08:00,-5,On_Time
E0072,F,28,ICT_PROJECT,4.9,Bike,Wednesday,No,07:51,08:00,-8,On_Time
E0069,F,27,ICT_PROJECT,13.8,Bike,Thursday,No,08:00,08:00,0,On_Time
E0195,F,25,RND_CENTER,24.0,Public_Transport,Wednesday,No,07:51,08:00,-8,On_Time
E0182,F,30,RND_CENTER,26.5,Public_Transport,Tuesday,No,08:02,08:00,2,On_Time
E0050,M,25,ICT_PROJECT,2.0,Public_Transport,Wednesday,No,07:59,08:00,0,On_Time
E0181,M,39,PJOP_SURABAYA,24.9,Bike,Monday,No,07:57,08:00,-2,On_Time
E0175,M,37,PJOP_SURABAYA,15.2,Bike,Tuesday,No,07:50,08:00,-9,On_Time
E0122,F,44,ICT_PROJECT,25.3,Walking,Monday,No,07:54,08:00,-5,On_Time
E0073,M,46,ADMIN,5.7,Private_Vehicle,Tuesday,No,08:07,08:00,7,Late
E0166,M,35,PJOP_SURABAYA,19.9,Public_Transport,Monday,No,08:05,08:00,5,On_Time
E0122,M,33,RND_CENTER,24.2,Private_Vehicle,Wednesday,No,07:50,08:00,-9,On_Time
E0156,F,39,HR_TEAM,27.0,Walking,Thursday,No,08:00,08:00,0,On_Time
E0065,M,51,PJOP_SURABAYA,20.6,Bike,Friday,No,08:07,08:00,7,Late
E0027,M,54,PJOP_SURABAYA,17.3,Walking,Wednesday,No,07:43,08:00,-16,On_Time
E0176,M,52,ADMIN,10.8,Walking,Wednesday,No,08:05,08:00,5,On_Time
E0071,F,41,ICT_PROJECT,5.3,Private_Vehicle,Monday,No,07:53,08:00,-6,On_Time
E0154,F,42,ICT_PROJECT,21.9,Bike,Wednesday,No,08:05,08:00,5,On_Time
E0067,F,47,HR_TEAM,22.4,Private_Vehicle,Wednesday,No,07:52,08:00,-7,On_Time
E0186,M,52,PJOP_SURABAYA,15.7,Private_Vehicle,Friday,No,07:41,08:00,-18,On_Time
E0047,F,28,HR_TEAM,4.7,Walking,Friday,No,07:43,08:00,-16,On_Time
E0196,M,43,ADMIN,7.4,Private_Vehicle,Wednesday,No,08:00,08:00,0,On_Time
E0108,F,45,PJOP_SURABAYA,18.0,Bike,Monday,No,08:02,08:00,2,On_Time
E0121,M,26,HR_TEAM,26.8,Public_Transport,Thursday,No,07:50,08:00,-9,On_Time
E0136,F,48,ADMIN,26.3,Private_Vehicle,Tuesday,No,08:06,08:00,6,Late
E0052,F,48,RND_CENTER,26.9,Bike,Tuesday,No,07:43,08:00,-16,On_Time
E0081,M,27,HR_TEAM,10.6,Private_Vehicle,Wednesday,No,07:59,08:00,0,On_Time
E0163,M,22,HR_TEAM,8.9,Private_Vehicle,Friday,No,07:47,08:00,-12,On_Time
E0196,M,53,ADMIN,4.8,Bike,Thursday,No,07:53,08:00,-6,On_Time
E0104,F,52,HR_TEAM,1.1,Private_Vehicle,Wednesday,No,08:00,08:00,0,On_Time
E0004,F,55,ICT_PROJECT,1.5,Public_Transport,Tuesday,No,07:51,08:00,-8,On_Time
E0058,F,41,ICT_PROJECT,4.0,Walking,Tuesday,No,07:56,08:00,-3,On_Time
E0017,M,41,PJOP_SURABAYA,14.2,Walking,Thursday,No,08:10,08:00,10,Late
E0176,M,43,HR_TEAM,11.4,Private_Vehicle,Tuesday,No,07:54,08:00,-5,On_Time
E0104,M,36,ICT_PROJECT,22.1,Private_Vehicle,Tuesday,No,08:08,08:00,8,Late
E0188,M,54,ICT_PROJECT,4.6,Public_Transport,Thursday,No,07:48,08:00,-11,On_Time
E0164,F,25,RND_CENTER,29.8,Public_Transport,Monday,No,08:05,08:00,5,On_Time
E0013,M,48,HR_TEAM,12.0,Walking,Thursday,No,08:14,08:00,14,Late
E0180,M,35,ADMIN,9.7,Public_Transport,Friday,No,07:35,08:00,-24,On_Time
E0070,M,48,ADMIN,15.8,Public_Transport,Wednesday,No,07:52,08:00,-7,On_Time
E0030,M,53,ICT_PROJECT,18.7,Walking,Friday,No,08:05,08:00,5,On_Time
E0052,F,48,PJOP_SURABAYA,5.7,Bike,Tuesday,No,07:57,08:00,-2,On_Time
E0177,F,43,ICT_PROJECT,1.1,Public_Transport,Monday,No,08:03,08:00,3,On_Time
E0147,F,31,ADMIN,23.6,Public_Transport,Monday,No,07:53,08:00,-6,On_Time
E0066,M,51,PJOP_SURABAYA,8.7,Public_Transport,Monday,No,08:00,08:00,0,On_Time
E0045,M,40,PJOP_SURABAYA,24.2,Walking,Thursday,No,07:58,08:00,-1,On_Time
E0190,M,28,ADMIN,1.3,Private_Vehicle,Tuesday,No,08:11,08:00,11,Late
E0085,F,50,RND_CENTER,8.8,Public_Transport,Wednesday,No,08:02,08:00,2,On_Time
E0088,M,29,HR_TEAM,12.6,Bike,Wednesday,No,08:03,08:00,3,On_Time
E0099,F,48,ICT_PROJECT,4.3,Public_Transport,Tuesday,No,07:55,08:00,-4,On_Time
E0027,F,52,RND_CENTER,20.7,Private_Vehicle,Friday,No,07:55,08:00,-4,On_Time
E0098,F,23,ICT_PROJECT,15.0,Bike,Monday,No,07:55,08:00,-4,On_Time
E0106,F,24,ADMIN,8.6,Walking,Monday,No,08:03,08:00,3,On_Time
E0181,M,43,RND_CENTER,16.2,Public_Transport,Thursday,No,07:55,08:00,-4,On_Time
E0170,M,52,PJOP_SURABAYA,20.2,Bike,Tuesday,No,08:02,08:00,2,On_Time
E0143,M,22,ICT_PROJECT,15.7,Bike,Thursday,No,08:20,08:00,20,Late
E0043,M,53,PJOP_SURABAYA,8.0,Walking,Monday,No,08:08,08:00,8,Late
E0130,M,46,HR_TEAM,24.7,Public_Transport,Thursday,No,07:56,08:00,-3,On_Time
E0114,F,27,HR_TEAM,14.0,Public_Transport,Thursday,No,08:12,08:00,12,Late
E0191,M,28,HR_TEAM,13.0,Public_Transport,Monday,No,07:55,08:00,-4,On_Time
E0155,F,54,RND_CENTER,7.0,Bike,Wednesday,No,07:39,08:00,-20,On_Time
E0094,M,36,HR_TEAM,10.6,Bike,Wednesday,No,07:49,08:00,-10,On_Time
E0184,F,29,ADMIN,23.0,Private_Vehicle,Monday,No,07:41,08:00,-18,On_Time
E0088,F,40,RND_CENTER,16.1,Public_Transport,Monday,No,07:56,08:00,-3,On_Time
E0043,F,30,HR_TEAM,4.1,Private_Vehicle,Tuesday,No,08:00,08:00,0,On_Time
E0031,F,35,HR_TEAM,24.9,Private_Vehicle,Wednesday,No,08:16,08:00,16,Late
E0028,F,24,RND_CENTER,4.6,Bike,Thursday,No,08:03,08:00,3,On_Time
E0169,M,53,ADMIN,16.4,Public_Transport,Friday,No,07:57,08:00,-2,On_Time
E0111,F,54,ICT_PROJECT,21.1,Private_Vehicle,Tuesday,No,08:08,08:00,8,Late
E0027,F,42,RND_CENTER,26.6,Bike,Friday,No,07:37,08:00,-22,On_Time
E0178,M,39,HR_TEAM,28.9,Walking,Thursday,No,08:02,08:00,2,On_Time
E0035,M,48,RND_CENTER,21.3,Walking,Friday,No,08:07,08:00,7,Late
E0081,M,34,ICT_PROJECT,19.1,Walking,Wednesday,No,07:45,08:00,-14,On_Time
E0173,M,33,RND_CENTER,16.7,Walking,Monday,No,08:11,08:00,11,Late
E0195,F,52,RND_CENTER,17.5,Bike,Friday,No,08:03,08:00,3,On_Time
E0074,F,22,RND_CENTER,4.1,Bike,Tuesday,No,07:55,08:00,-4,On_Time
E0014,M,34,PJOP_SURABAYA,22.8,Private_Vehicle,Wednesday,No,08:06,08:00,6,Late
E0175,F,31,ADMIN,21.0,Walking,Tuesday,No,08:22,08:00,22,Late
E0193,M,44,HR_TEAM,4.0,Private_Vehicle,Friday,No,08:01,08:00,1,On_Time
E0100,M,54,PJOP_SURABAYA,21.1,Public_Transport,Thursday,No,08:02,08:00,2,On_Time
E0100,F,42,RND_CENTER,2.6,Walking,Tuesday,No,07:55,08:00,-4,On_Time
E0159,F,36,PJOP_SURABAYA,22.9,Private_Vehicle,Tuesday,No,07:51,08:00,-8,On_Time
E0076,F,33,ADMIN,6.4,Private_Vehicle,Friday,No,08:08,08:00,8,Late
E0031,F,24,HR_TEAM,9.1,Walking,Tuesday,No,07:51,08:00,-8,On_Time
E0042,F,22,PJOP_SURABAYA,14.5,Private_Vehicle,Monday,No,08:00,08:00,0,On_Time
E0040,F,25,RND_CENTER,25.5,Walking,Thursday,No,07:55,08:00,-4,On_Time
E0147,F,26,PJOP_SURABAYA,16.2,Private_Vehicle,Friday,No,08:04,08:00,4,On_Time
E0018,M,48,RND_CENTER,16.6,Public_Transport,Wednesday,No,08:03,08:00,3,On_Time
E0057,M,43,PJOP_SURABAYA,11.5,Private_Vehicle,Friday,No,08:10,08:00,10,Late
E0136,F,22,ADMIN,20.4,Bike,Tuesday,No,07:54,08:00,-5,On_Time
E0165,M,24,PJOP_SURABAYA,12.1,Public_Transport,Thursday,No,07:57,08:00,-2,On_Time
E0066,F,23,RND_CENTER,24.8,Walking,Friday,No,07:50,08:00,-9,On_Time
E0131,F,53,ADMIN,9.6,Private_Vehicle,Wednesday,No,07:55,08:00,-4,On_Time
E0132,M,28,ICT_PROJECT,29.2,Public_Transport,Monday,No,08:03,08:00,3,On_Time
E0054,M,49,ADMIN,7.0,Bike,Monday,No,08:07,08:00,7,Late
E0192,M,23,HR_TEAM,21.8,Public_Transport,Monday,No,07:50,08:00,-9,On_Time
E0019,M,33,PJOP_SURABAYA,17.2,Private_Vehicle,Wednesday,No,08:08,08:00,8,Late
E0105,F,50,HR_TEAM,13.6,Public_Transport,Thursday,No,08:13,08:00,13,Late
E0173,M,22,RND_CENTER,2.8,Public_Transport,Monday,No,08:04,08:00,4,On_Time
E0092,M,40,PJOP_SURABAYA,18.6,Walking,Thursday,No,08:18,08:00,18,Late
E0098,F,23,HR_TEAM,5.5,Private_Vehicle,Tuesday,No,07:52,08:00,-7,On_Time
E0192,F,40,ICT_PROJECT,9.6,Walking,Monday,No,07:47,08:00,-12,On_Time
E0142,M,29,ADMIN,1.1,Bike,Friday,No,07:42,08:00,-17,On_Time
E0141,M,41,ICT_PROJECT,22.7,Walking,Tuesday,No,08:14,08:00,14,Late
E0106,M,32,ICT_PROJECT,7.4,Walking,Tuesday,No,08:06,08:00,6,Late
E0030,M,25,RND_CENTER,14.4,Public_Transport,Wednesday,No,07:59,08:00,0,On_Time
E0172,M,38,ADMIN,6.7,Bike,Wednesday,No,08:02,08:00,2,On_Time
E0092,M,37,ADMIN,9.3,Public_Transport,Tuesday,No,07:48,08:00,-11,On_Time
E0082,F,50,PJOP_SURABAYA,18.9,Walking,Friday,No,08:24,08:00,24,Late
E0040,F,42,HR_TEAM,5.9,Walking,Tuesday,No,08:01,08:00,1,On_Time
E0057,F,39,PJOP_SURABAYA,4.9,Walking,Thursday,No,08:01,08:00,1,On_Time
E0119,F,44,PJOP_SURABAYA,15.1,Public_Transport,Tuesday,No,08:07,08:00,7,Late
E0166,M,39,ICT_PROJECT,26.8,Private_Vehicle,Wednesday,No,08:04,08:00,4,On_Time
E0188,M,26,ADMIN,25.6,Public_Transport,Friday,No,08:02,08:00,2,On_Time
E0149,F,35,ADMIN,17.0,Bike,Tuesday,No,07:52,08:00,-7,On_Time
E0094,F,36,RND_CENTER,22.3,Walking,Tuesday,No,08:04,08:00,4,On_Time
E0119,M,47,PJOP_SURABAYA,15.6,Private_Vehicle,Friday,No,08:18,08:00,18,Late
E0176,M,54,ICT_PROJECT,13.9,Private_Vehicle,Friday,No,08:13,08:00,13,Late
E0145,M,52,PJOP_SURABAYA,2.2,Bike,Tuesday,No,08:15,08:00,15,Late
E0017,F,45,ICT_PROJECT,2.2,Private_Vehicle,Friday,No,07:54,08:00,-5,On_Time
E0093,F,52,HR_TEAM,26.6,Public_Transport,Wednesday,No,07:50,08:00,-9,On_Time
E0027,F,38,RND_CENTER,16.8,Private_Vehicle,Thursday,No,07:58,08:00,-1,On_Time
E0168,F,45,RND_CENTER,19.9,Public_Transport,Friday,No,08:00,08:00,0,On_Time
E0065,F,36,RND_CENTER,12.8,Walking,Thursday,No,08:10,08:00,10,Late
E0124,M,54,ICT_PROJECT,13.8,Private_Vehicle,Monday,No,07:43,08:00,-16,On_Time
E0132,F,35,ICT_PROJECT,6.4,Walking,Friday,No,08:15,08:00,15,Late
E0184,M,36,HR_TEAM,24.5,Public_Transport,Thursday,No,07:58,08:00,-1,On_Time
E0173,F,52,ICT_PROJECT,18.1,Bike,Monday,No,07:55,08:00,-4,On_Time
E0063,M,30,RND_CENTER,18.2,Private_Vehicle,Friday,No,07:49,08:00,-10,On_Time
E0011,M,25,ICT_PROJECT,8.5,Private_Vehicle,Friday,No,07:43,08:00,-16,On_Time
E0104,M,40,ADMIN,7.3,Bike,Thursday,No,08:08,08:00,8,Late
E0044,M,48,RND_CENTER,5.1,Private_Vehicle,Friday,No,08:00,08:00,0,On_Time
E0169,F,32,PJOP_SURABAYA,27.7,Public_Transport,Tuesday,No,07:47,08:00,-12,On_Time
E0097,F,30,ADMIN,1.5,Bike,Tuesday,No,07:47,08:00,-12,On_Time
E0156,M,33,HR_TEAM,27.1,Public_Transport,Friday,No,07:56,08:00,-3,On_Time
E0129,M,27,HR_TEAM,20.1,Public_Transport,Thursday,No,08:16,08:00,16,Late
E0134,F,45,ADMIN,21.2,Bike,Tuesday,No,07:57,08:00,-2,On_Time
E0124,F,44,RND_CENTER,24.3,Public_Transport,Thursday,No,07:44,08:00,-15,On_Time
E0035,F,52,ICT_PROJECT,27.4,Public_Transport,Wednesday,No,07:57,08:00,-2,On_Time
E0154,F,38,ICT_PROJECT,1.2,Public_Transport,Friday,No,07:57,08:00,-2,On_Time
E0134,M,55,ADMIN,11.9,Private_Vehicle,Wednesday,No,07:33,08:00,-26,On_Time
E0105,F,28,ICT_PROJECT,13.4,Walking,Wednesday,No,07:59,08:00,0,On_Time
E0138,F,45,RND_CENTER,9.0,Bike,Tuesday,No,07:57,08:00,-2,On_Time
E0106,F,33,PJOP_SURABAYA,17.2,Bike,Wednesday,No,08:06,08:00,6,Late
E0079,F,47,ICT_PROJECT,25.8,Public_Transport,Tuesday,No,08:18,08:00,18,Late
E0115,M,28,ICT_PROJECT,15.7,Walking,Friday,No,08:11,08:00,11,Late
E0158,M,32,HR_TEAM,29.0,Public_Transport,Monday,No,07:57,08:00,-2,On_Time
E0038,F,49,ADMIN,2.9,Private_Vehicle,Wednesday,No,07:48,08:00,-11,On_Time
E0021,M,46,HR_TEAM,18.8,Walking,Friday,No,08:25,08:00,25,Late
E0015,M,53,HR_TEAM,1.3,Walking,Tuesday,No,08:00,08:00,0,On_Time
E0009,M,32,ADMIN,11.4,Public_Transport,Tuesday,No,08:00,08:00,0,On_Time
E0023,F,47,PJOP_SURABAYA,20.4,Bike,Friday,No,07:59,08:00,0,On_Time
E0052,M,26,ADMIN,16.9,Walking,Wednesday,No,08:01,08:00,1,On_Time
E0071,M,34,HR_TEAM,28.0,Public_Transport,Wednesday,No,07:58,08:00,-1,On_Time
E0045,F,54,ADMIN,17.2,Walking,Wednesday,No,07:54,08:00,-5,On_Time
E0030,F,38,HR_TEAM,29.0,Bike,Tuesday,No,07:54,08:00,-5,On_Time
E0194,F,51,HR_TEAM,27.0,Public_Transport,Thursday,No,07:59,08:00,0,On_Time
E0030,F,26,HR_TEAM,19.4,Private_Vehicle,Tuesday,No,07:54,08:00,-5,On_Time
E0081,F,44,RND_CENTER,16.5,Walking,Tuesday,No,07:52,08:00,-7,On_Time
E0074,M,47,PJOP_SURABAYA,3.2,Private_Vehicle,Thursday,No,08:01,08:00,1,On_Time
E0081,F,35,RND_CENTER,8.8,Private_Vehicle,Thursday,No,07:57,08:00,-2,On_Time
E0189,M,37,ICT_PROJECT,26.3,Private_Vehicle,Tuesday,No,08:15,08:00,15,Late
E0052,M,44,ICT_PROJECT,23.6,Public_Transport,Monday,No,07:33,08:00,-26,On_Time
E0174,F,22,RND_CENTER,28.8,Bike,Wednesday,No,08:10,08:00,10,Late
E0159,F,53,RND_CENTER,26.2,Bike,Tuesday,No,08:12,08:00,12,Late
E0196,F,47,ICT_PROJECT,22.8,Private_Vehicle,Monday,No,07:39,08:00,-20,On_Time
E0135,F,52,RND_CENTER,1.9,Walking,Thursday,No,07:56,08:00,-3,On_Time
E0176,M,51,ADMIN,21.2,Bike,Wednesday,No,07:56,08:00,-3,On_Time
E0177,M,22,ICT_PROJECT,12.0,Public_Transport,Wednesday,No,07:45,08:00,-14,On_Time
E0093,F,33,RND_CENTER,8.6,Walking,Thursday,No,07:52,08:00,-7,On_Time
E0157,F,45,ICT_PROJECT,15.5,Private_Vehicle,Thursday,No,07:48,08:00,-11,On_Time
E0180,F,45,HR_TEAM,9.1,Private_Vehicle,Friday,No,08:17,08:00,17,Late
E0034,M,28,PJOP_SURABAYA,24.3,Bike,Thursday,No,08:09,08:00,9,Late
E0051,M,31,HR_TEAM,24.4,Private_Vehicle,Thursday,No,08:12,08:00,12,Late
E0128,M,55,RND_CENTER,21.9,Bike,Wednesday,No,08:07,08:00,7,Late
E0065,M,47,ADMIN,21.0,Public_Transport,Tuesday,No,07:48,08:00,-11,On_Time
E0066,F,28,HR_TEAM,22.6,Walking,Wednesday,No,07:54,08:00,-5,On_Time
E0093,F,44,ADMIN,12.9,Walking,Friday,No,08:04,08:00,4,On_Time
E0051,M,40,PJOP_SURABAYA,10.4,Bike,Thursday,No,07:47,08:00,-12,On_Time
E0021,F,40,HR_TEAM,19.3,Private_Vehicle,Tuesday,No,08:07,08:00,7,Late
E0164,F,48,RND_CENTER,17.6,Public_Transport,Monday,No,07:57,08:00,-2,On_Time
E0042,F,36,PJOP_SURABAYA,10.2,Walking,Wednesday,No,07:56,08:00,-3,On_Time
E0155,F,39,HR_TEAM,23.6,Walking,Friday,No,08:07,08:00,7,Late
E0134,F,48,ICT_PROJECT,6.3,Public_Transport,Tuesday,No,08:04,08:00,4,On_Time
E0187,M,38,ADMIN,7.1,Bike,Monday,No,07:56,08:00,-3,On_Time
E0025,M,52,RND_CENTER,2.6,Bike,Friday,No,08:11,08:00,11,Late
E0196,M,28,PJOP_SURABAYA,18.9,Public_Transport,Thursday,No,07:49,08:00,-10,On_Time
E0080,M,37,PJOP_SURABAYA,13.9,Private_Vehicle,Tuesday,No,08:06,08:00,6,Late
E0135,M,23,ADMIN,20.2,Walking,Thursday,No,08:05,08:00,5,On_Time
E0120,F,50,ICT_PROJECT,29.1,Private_Vehicle,Friday,No,07:56,08:00,-3,On_Time
E0153,F,49,RND_CENTER,19.6,Walking,Wednesday,No,08:03,08:00,3,On_Time
E0124,M,27,HR_TEAM,9.9,Bike,Wednesday,No,07:47,08:00,-12,On_Time
E0040,F,22,ADMIN,16.2,Private_Vehicle,Wednesday,No,08:09,08:00,9,Late
E0074,F,22,HR_TEAM,28.5,Bike,Wednesday,No,07:58,08:00,-1,On_Time
E0003,F,40,RND_CENTER,7.7,Public_Transport,Friday,No,07:54,08:00,-5,On_Time
E0096,M,48,RND_CENTER,13.7,Private_Vehicle,Tuesday,No,08:10,08:00,10,Late
E0184,F,46,ICT_PROJECT,8.6,Bike,Tuesday,No,07:52,08:00,-7,On_Time
E0133,F,40,RND_CENTER,24.5,Bike,Tuesday,No,07:45,08:00,-14,On_Time
E0018,M,30,PJOP_SURABAYA,4.2,Bike,Friday,No,07:44,08:00,-15,On_Time
E0116,F,53,ICT_PROJECT,10.3,Private_Vehicle,Monday,No,08:06,08:00,6,Late
E0137,M,33,ADMIN,9.2,Private_Vehicle,Thursday,No,07:47,08:00,-12,On_Time
E0187,M,36,ADMIN,5.4,Bike,Tuesday,No,08:17,08:00,17,Late
E0088,F,41,HR_TEAM,29.9,Bike,Monday,No,07:39,08:00,-20,On_Time
E0085,M,31,ADMIN,8.7,Bike,Monday,No,08:16,08:00,16,Late
E0140,F,33,ICT_PROJECT,27.0,Walking,Thursday,No,08:02,08:00,2,On_Time
E0004,M,37,HR_TEAM,23.4,Bike,Tuesday,No,07:59,08:00,0,On_Time
E0189,M,34,HR_TEAM,22.3,Public_Transport,Friday,No,07:54,08:00,-5,On_Time
E0171,M,52,HR_TEAM,20.8,Walking,Wednesday,No,08:03,08:00,3,On_Time
E0041,M,55,ADMIN,8.3,Walking,Tuesday,No,07:59,08:00,0,On_Time
E0093,M,35,ADMIN,7.8,Bike,Wednesday,No,08:11,08:00,11,Late
E0004,M,39,RND_CENTER,4.5,Private_Vehicle,Monday,No,08:01,08:00,1,On_Time
E0011,F,31,PJOP_SURABAYA,23.4,Private_Vehicle,Tuesday,No,08:01,08:00,1,On_Time
E0128,M,43,ADMIN,2.7,Private_Vehicle,Friday,No,07:56,08:00,-3,On_Time
E0028,M,53,ICT_PROJECT,10.2,Walking,Thursday,No,07:59,08:00,0,On_Time
E0188,M,23,HR_TEAM,11.4,Private_Vehicle,Wednesday,No,08:03,08:00,3,On_Time
E0011,F,50,RND_CENTER,9.5,Bike,Tuesday,No,07:42,08:00,-17,On_Time
E0146,M,44,PJOP_SURABAYA,22.2,Walking,Friday,No,07:46,08:00,-13,On_Time
E0142,M,26,RND_CENTER,5.5,Walking,Wednesday,No,08:07,08:00,7,Late
E0139,F,51,ADMIN,23.5,Bike,Tuesday,No,08:01,08:00,1,On_Time
E0005,F,37,PJOP_SURABAYA,21.9,Bike,Tuesday,No,07:58,08:00,-1,On_Time
E0135,F,31,RND_CENTER,9.2,Bike,Wednesday,No,08:00,08:00,0,On_Time
E0029,M,55,ADMIN,2.3,Private_Vehicle,Tuesday,No,08:03,08:00,3,On_Time
E0009,M,28,HR_TEAM,6.6,Public_Transport,Friday,No,07:54,08:00,-5,On_Time
E0165,F,53,RND_CENTER,19.1,Walking,Monday,No,07:52,08:00,-7,On_Time
E0094,M,26,ADMIN,28.0,Private_Vehicle,Thursday,No,08:01,08:00,1,On_Time
E0021,F,25,PJOP_SURABAYA,17.2,Bike,Wednesday,No,07:50,08:00,-9,On_Time
E0182,M,39,RND_CENTER,2.2,Public_Transport,Wednesday,No,08:04,08:00,4,On_Time
E0020,M,55,ADMIN,3.9,Private_Vehicle,Friday,No,07:42,08:00,-17,On_Time
E0099,M,34,RND_CENTER,20.0,Private_Vehicle,Friday,No,08:10,08:00,10,Late
E0192,F,28,RND_CENTER,11.4,Bike,Thursday,No,08:04,08:00,4,On_Time
E0027,M,33,RND_CENTER,12.6,Walking,Tuesday,No,08:02,08:00,2,On_Time
E0137,F,44,PJOP_SURABAYA,17.0,Walking,Wednesday,No,08:09,08:00,9,Late
E0106,F,42,RND_CENTER,8.0,Private_Vehicle,Thursday,No,08:16,08:00,16,Late
E0197,F,45,HR_TEAM,14.0,Bike,Monday,No,08:10,08:00,10,Late
E0186,M,40,RND_CENTER,1.5,Private_Vehicle,Wednesday,No,07:41,08:00,-18,On_Time
E0002,F,36,ICT_PROJECT,25.8,Public_Transport,Wednesday,No,07:47,08:00,-12,On_Time
E0142,M,28,ADMIN,14.4,Private_Vehicle,Tuesday,No,07:53,08:00,-6,On_Time
E0068,F,37,ICT_PROJECT,8.4,Walking,Monday,No,08:00,08:00,0,On_Time
E0147,F,35,ADMIN,22.0,Bike,Tuesday,No,08:05,08:00,5,On_Time
E0125,M,41,ADMIN,22.2,Bike,Monday,No,07:52,08:00,-7,On_Time
E0200,M,43,PJOP_SURABAYA,26.5,Bike,Thursday,No,08:01,08:00,1,On_Time
E0031,M,22,HR_TEAM,2.6,Public_Transport,Wednesday,No,07:52,08:00,-7,On_Time
E0139,M,42,RND_CENTER,21.2,Private_Vehicle,Monday,No,07:53,08:00,-6,On_Time
E0173,F,50,RND_CENTER,17.7,Public_Transport,Tuesday,No,07:45,08:00,-14,On_Time
E0111,F,47,ICT_PROJECT,4.8,Public_Transport,Thursday,No,07:50,08:00,-9,On_Time
E0147,M,47,PJOP_SURABAYA,3.5,Bike,Tuesday,No,07:46,08:00,-13,On_Time
E0196,M,52,RND_CENTER,6.7,Bike,Friday,No,07:50,08:00,-9,On_Time
E0051,M,37,ADMIN,8.7,Bike,Wednesday,No,08:10,08:00,10,Late
E0176,M,29,HR_TEAM,13.3,Walking,Tuesday,No,07:50,08:00,-9,On_Time
E0083,F,23,PJOP_SURABAYA,5.9,Walking,Friday,No,08:26,08:00,26,Late
E0114,M,50,ADMIN,27.8,Private_Vehicle,Tuesday,No,08:04,08:00,4,On_Time
E0176,F,31,ADMIN,4.3,Public_Transport,Tuesday,No,08:01,08:00,1,On_Time
E0159,M,40,ADMIN,11.0,Public_Transport,Wednesday,No,07:51,08:00,-8,On_Time
E0116,F,23,PJOP_SURABAYA,7.1,Private_Vehicle,Tuesday,No,08:07,08:00,7,Late
E0140,F,52,RND_CENTER,22.2,Private_Vehicle,Monday,No,07:54,08:00,-5,On_Time
E0097,M,38,ICT_PROJECT,2.7,Private_Vehicle,Friday,No,08:01,08:00,1,On_Time
E0070,M,51,ADMIN,2.9,Walking,Wednesday,No,08:25,08:00,25,Late
E0028,M,40,HR_TEAM,7.7,Bike,Friday,No,07:59,08:00,0,On_Time
E0182,M,42,HR_TEAM,26.1,Public_Transport,Tuesday,No,08:11,08:00,11,Late
E0051,F,23,ADMIN,8.2,Walking,Wednesday,No,07:52,08:00,-7,On_Time
E0126,F,32,ADMIN,11.1,Walking,Wednesday,No,07:59,08:00,0,On_Time
E0161,F,37,RND_CENTER,9.0,Public_Transport,Wednesday,No,08:17,08:00,17,Late
E0100,M,39,ICT_PROJECT,5.4,Bike,Tuesday,No,07:53,08:00,-6,On_Time
E0023,F,55,RND_CENTER,26.3,Private_Vehicle,Thursday,No,08:18,08:00,18,Late
E0062,M,49,PJOP_SURABAYA,27.4,Walking,Thursday,No,08:07,08:00,7,Late
E0139,M,35,ICT_PROJECT,17.8,Private_Vehicle,Tuesday,No,07:54,08:00,-5,On_Time
E0080,M,49,ICT_PROJECT,20.0,Private_Vehicle,Wednesday,No,08:06,08:00,6,Late
E0018,M,33,PJOP_SURABAYA,25.3,Private_Vehicle,Monday,No,08:09,08:00,9,Late
E0196,F,48,HR_TEAM,9.8,Walking,Tuesday,No,08:06,08:00,6,Late
E0200,M,28,ICT_PROJECT,6.4,Walking,Friday,No,07:44,08:00,-15,On_Time
E0146,M,36,ICT_PROJECT,20.9,Walking,Monday,No,07:52,08:00,-7,On_Time
E0177,F,30,RND_CENTER,25.5,Bike,Wednesday,No,07:57,08:00,-2,On_Time
E0048,F,53,HR_TEAM,5.0,Private_Vehicle,Tuesday,No,07:59,08:00,0,On_Time
E0009,F,22,PJOP_SURABAYA,28.6,Private_Vehicle,Tuesday,No,08:06,08:00,6,Late
E0194,M,26,ICT_PROJECT,27.9,Bike,Friday,No,08:01,08:00,1,On_Time
E0126,F,51,ICT_PROJECT,13.4,Public_Transport,Friday,No,07:46,08:00,-13,On_Time
E0189,F,42,HR_TEAM,18.7,Public_Transport,Friday,No,08:03,08:00,3,On_Time
E0028,F,51,ADMIN,26.5,Private_Vehicle,Friday,No,08:06,08:00,6,Late
E0138,F,24,RND_CENTER,12.2,Public_Transport,Tuesday,No,08:05,08:00,5,On_Time
E0075,F,47,PJOP_SURABAYA,23.4,Walking,Thursday,No,08:10,08:00,10,Late
E0043,F,40,RND_CENTER,27.7,Private_Vehicle,Thursday,No,08:08,08:00,8,Late
E0166,F,27,RND_CENTER,4.3,Private_Vehicle,Thursday,No,08:04,08:00,4,On_Time
E0106,F,50,ADMIN,6.2,Private_Vehicle,Thursday,No,07:59,08:00,0,On_Time
E0024,F,42,ICT_PROJECT,21.8,Public_Transport,Monday,No,07:43,08:00,-16,On_Time
E0030,F,45,ADMIN,16.2,Bike,Friday,No,08:04,08:00,4,On_Time
E0157,M,46,RND_CENTER,12.0,Private_Vehicle,Wednesday,No,08:02,08:00,2,On_Time
E0145,M,32,ICT_PROJECT,6.2,Public_Transport,Thursday,No,08:02,08:00,2,On_Time
E0079,F,50,PJOP_SURABAYA,19.2,Public_Transport,Tuesday,No,07:47,08:00,-12,On_Time
E0052,M,38,ADMIN,14.3,Bike,Friday,No,07:49,08:00,-10,On_Time
E0002,F,37,ICT_PROJECT,18.1,Bike,Thursday,No,08:10,08:00,10,Late
E0105,F,27,RND_CENTER,18.4,Private_Vehicle,Friday,No,07:59,08:00,0,On_Time
E0072,M,25,ICT_PROJECT,5.3,Walking,Monday,No,08:06,08:00,6,Late
E0038,M,41,PJOP_SURABAYA,27.7,Public_Transport,Monday,No,08:00,08:00,0,On_Time
E0107,M,32,PJOP_SURABAYA,18.7,Private_Vehicle,Thursday,No,08:00,08:00,0,On_Time
E0192,F,24,ADMIN,23.3,Walking,Wednesday,No,08:09,08:00,9,Late
E0098,M,49,RND_CENTER,2.9,Bike,Tuesday,No,07:54,08:00,-5,On_Time
E0032,F,43,RND_CENTER,13.0,Private_Vehicle,Tuesday,No,08:00,08:00,0,On_Time
E0157,M,28,RND_CENTER,22.2,Public_Transport,Thursday,No,07:55,08:00,-4,On_Time
E0186,F,49,RND_CENTER,25.6,Walking,Friday,No,07:55,08:00,-4,On_Time
E0148,F,30,RND_CENTER,17.3,Bike,Thursday,No,07:56,08:00,-3,On_Time
E0047,M,40,ICT_PROJECT,1.0,Public_Transport,Thursday,No,08:02,08:00,2,On_Time
E0161,M,35,RND_CENTER,30.0,Bike,Monday,No,07:55,08:00,-4,On_Time
E0086,F,35,ADMIN,19.6,Walking,Wednesday,No,08:12,08:00,12,Late
E0018,F,41,RND_CENTER,16.9,Public_Transport,Monday,No,07:51,08:00,-8,On_Time
E0176,F,43,HR_TEAM,22.0,Public_Transport,Tuesday,No,07:58,08:00,-1,On_Time
E0050,F,43,HR_TEAM,27.6,Public_Transport,Tuesday,No,07:55,08:00,-4,On_Time
E0124,M,51,RND_CENTER,27.0,Bike,Thursday,No,08:14,08:00,14,Late
E0191,M,55,PJOP_SURABAYA,17.4,Walking,Friday,No,08:01,08:00,1,On_Time
E0138,M,35,RND_CENTER,20.9,Walking,Monday,No,08:10,08:00,10,Late
E0039,F,23,PJOP_SURABAYA,29.5,Private_Vehicle,Friday,No,07:45,08:00,-14,On_Time
E0156,F,33,RND_CENTER,4.4,Walking,Wednesday,No,08:02,08:00,2,On_Time
E0182,M,39,HR_TEAM,3.5,Private_Vehicle,Wednesday,No,08:08,08:00,8,Late
E0116,F,35,RND_CENTER,9.8,Public_Transport,Wednesday,No,08:00,08:00,0,On_Time
E0010,M,27,HR_TEAM,15.7,Bike,Friday,No,08:10,08:00,10,Late
E0040,M,43,HR_TEAM,22.2,Walking,Wednesday,No,07:54,08:00,-5,On_Time
E0037,M,55,ICT_PROJECT,7.0,Public_Transport,Thursday,No,08:14,08:00,14,Late
E0100,M,22,PJOP_SURABAYA,28.0,Public_Transport,Wednesday,No,08:22,08:00,22,Late
E0120,M,28,RND_CENTER,23.2,Walking,Monday,No,07:56,08:00,-3,On_Time
E0148,F,35,PJOP_SURABAYA,6.8,Walking,Wednesday,No,07:55,08:00,-4,On_Time
E0137,F,50,ADMIN,8.9,Private_Vehicle,Wednesday,No,08:14,08:00,14,Late
E0030,M,54,ADMIN,7.0,Walking,Friday,No,08:15,08:00,15,Late
E0082,F,31,PJOP_SURABAYA,17.6,Private_Vehicle,Monday,No,07:54,08:00,-5,On_Time
E0080,F,50,ADMIN,4.8,Bike,Monday,No,07:55,08:00,-4,On_Time
E0028,F,25,ADMIN,13.4,Private_Vehicle,Friday,No,07:57,08:00,-2,On_Time
E0152,F,44,PJOP_SURABAYA,10.6,Private_Vehicle,Friday,No,07:46,08:00,-13,On_Time
E0021,F,30,ADMIN,24.6,Bike,Monday,No,07:50,08:00,-9,On_Time
E0117,F,51,HR_TEAM,7.7,Private_Vehicle,Tuesday,No,07:49,08:00,-10,On_Time
E0158,F,45,HR_TEAM,6.3,Walking,Wednesday,No,07:52,08:00,-7,On_Time
E0117,F,23,ADMIN,14.8,Walking,Thursday,No,07:59,08:00,0,On_Time
E0119,M,40,PJOP_SURABAYA,18.5,Private_Vehicle,Friday,No,08:02,08:00,2,On_Time
E0027,F,28,PJOP_SURABAYA,17.1,Public_Transport,Wednesday,No,08:15,08:00,15,Late
E0137,F,47,RND_CENTER,13.0,Private_Vehicle,Friday,No,07:50,08:00,-9,On_Time
E0041,F,46,ADMIN,10.9,Bike,Thursday,No,08:09,08:00,9,Late
E0146,F,37,ICT_PROJECT,20.2,Public_Transport,Friday,No,07:57,08:00,-2,On_Time
E0125,M,51,PJOP_SURABAYA,17.1,Bike,Tuesday,No,07:59,08:00,0,On_Time
E0079,F,26,RND_CENTER,4.2,Bike,Wednesday,No,08:06,08:00,6,Late
E0127,M,27,ICT_PROJECT,24.7,Public_Transport,Tuesday,No,07:48,08:00,-11,On_Time
E0170,M,50,RND_CENTER,9.5,Bike,Tuesday,No,08:03,08:00,3,On_Time
E0053,F,41,RND_CENTER,24.0,Walking,Thursday,No,08:01,08:00,1,On_Time
E0184,F,27,RND_CENTER,1.2,Bike,Tuesday,No,08:04,08:00,4,On_Time
E0076,M,45,RND_CENTER,29.1,Public_Transport,Friday,No,08:02,08:00,2,On_Time
E0092,M,40,ADMIN,7.8,Bike,Wednesday,No,08:24,08:00,24,Late
E0183,F,47,HR_TEAM,13.6,Private_Vehicle,Tuesday,No,07:53,08:00,-6,On_Time
E0122,M,34,RND_CENTER,12.2,Walking,Thursday,No,07:54,08:00,-5,On_Time
E0040,F,30,ICT_PROJECT,1.3,Public_Transport,Tuesday,No,07:53,08:00,-6,On_Time
E0185,F,49,ICT_PROJECT,3.5,Bike,Thursday,No,07:54,08:00,-5,On_Time
E0179,F,33,HR_TEAM,15.8,Bike,Thursday,No,07:53,08:00,-6,On_Time
E0091,M,33,HR_TEAM,18.5,Bike,Tuesday,No,08:11,08:00,11,Late
E0183,F,48,RND_CENTER,17.7,Public_Transport,Monday,No,08:14,08:00,14,Late
E0146,F,45,ADMIN,17.8,Public_Transport,Tuesday,No,07:54,08:00,-5,On_Time
E0187,F,51,RND_CENTER,3.3,Public_Transport,Tuesday,No,07:51,08:00,-8,On_Time
E0121,M,41,RND_CENTER,2.5,Walking,Friday,No,08:04,08:00,4,On_Time
E0200,M,52,HR_TEAM,15.9,Bike,Friday,No,07:54,08:00,-5,On_Time
E0188,F,48,PJOP_SURABAYA,28.9,Walking,Wednesday,No,08:06,08:00,6,Late
E0043,M,41,RND_CENTER,8.6,Bike,Friday,No,08:02,08:00,2,On_Time
E0044,M,40,RND_CENTER,1.8,Bike,Monday,No,07:44,08:00,-15,On_Time
E0033,M,39,PJOP_SURABAYA,4.8,Walking,Wednesday,No,08:15,08:00,15,Late
E0066,M,29,RND_CENTER,6.1,Private_Vehicle,Thursday,No,08:17,08:00,17,Late
E0095,M,38,ICT_PROJECT,15.1,Public_Transport,Wednesday,No,07:53,08:00,-6,On_Time
E0022,M,31,HR_TEAM,22.8,Bike,Thursday,No,07:56,08:00,-3,On_Time
E0061,F,32,ICT_PROJECT,17.8,Walking,Monday,No,08:02,08:00,2,On_Time
E0165,F,29,ADMIN,5.9,Bike,Thursday,No,08:03,08:00,3,On_Time
E0078,F,36,HR_TEAM,20.8,Bike,Thursday,No,08:06,08:00,6,Late
E0068,M,55,HR_TEAM,1.3,Bike,Thursday,No,08:20,08:00,20,Late
E0174,F,55,ADMIN,3.8,Walking,Thursday,No,07:58,08:00,-1,On_Time
E0157,F,43,PJOP_SURABAYA,8.7,Public_Transport,Wednesday,No,07:52,08:00,-7,On_Time
E0168,F,51,ICT_PROJECT,22.3,Private_Vehicle,Friday,No,07:46,08:00,-13,On_Time
E0087,M,42,RND_CENTER,1.3,Public_Transport,Monday,No,07:52,08:00,-7,On_Time
E0004,F,28,RND_CENTER,4.0,Bike,Wednesday,No,07:59,08:00,0,On_Time
E0057,F,38,ICT_PROJECT,2.0,Public_Transport,Monday,No,08:17,08:00,17,Late
E0153,M,29,ADMIN,3.5,Private_Vehicle,Thursday,No,07:54,08:00,-5,On_Time
E0169,M,29,ICT_PROJECT,8.3,Bike,Monday,No,08:02,08:00,2,On_Time
E0164,F,39,HR_TEAM,21.1,Walking,Wednesday,No,07:59,08:00,0,On_Time
E0042,M,39,ADMIN,12.1,Walking,Monday,No,08:11,08:00,11,Late
E0067,F,33,HR_TEAM,3.0,Private_Vehicle,Friday,No,08:25,08:00,25,Late
E0101,M,53,ADMIN,5.2,Bike,Tuesday,No,07:54,08:00,-5,On_Time
E0158,M,50,PJOP_SURABAYA,4.0,Public_Transport,Monday,No,07:55,08:00,-4,On_Time
E0147,F,50,ADMIN,27.0,Private_Vehicle,Monday,No,08:10,08:00,10,Late
E0010,F,39,ICT_PROJECT,21.3,Bike,Friday,No,08:06,08:00,6,Late
E0001,F,52,HR_TEAM,12.7,Public_Transport,Friday,No,08:18,08:00,18,Late
E0058,M,46,HR_TEAM,4.5,Walking,Wednesday,No,08:05,08:00,5,On_Time
E0175,F,47,ADMIN,19.3,Public_Transport,Wednesday,No,07:56,08:00,-3,On_Time
E0137,F,27,HR_TEAM,23.1,Walking,Tuesday,No,08:05,08:00,5,On_Time
E0046,M,46,ICT_PROJECT,9.7,Bike,Monday,No,08:11,08:00,11,Late
E0162,F,53,ADMIN,26.7,Bike,Tuesday,No,08:08,08:00,8,Late
E0036,M,34,ADMIN,21.9,Private_Vehicle,Thursday,No,08:05,08:00,5,On_Time
E0100,M,41,HR_TEAM,16.5,Bike,Monday,No,08:10,08:00,10,Late
E0010,F,25,PJOP_SURABAYA,23.8,Public_Transport,Thursday,No,08:11,08:00,11,Late
E0031,M,55,HR_TEAM,28.3,Private_Vehicle,Friday,No,08:13,08:00,13,Late
E0060,M,24,ICT_PROJECT,15.2,Public_Transport,Thursday,No,08:06,08:00,6,Late
E0159,M,37,ICT_PROJECT,1.4,Public_Transport,Wednesday,No,07:58,08:00,-1,On_Time
E0025,F,32,RND_CENTER,2.9,Public_Transport,Monday,No,08:01,08:00,1,On_Time
E0128,M,26,ICT_PROJECT,13.4,Bike,Wednesday,No,08:12,08:00,12,Late
E0031,M,42,ICT_PROJECT,23.2,Private_Vehicle,Wednesday,No,07:51,08:00,-8,On_Time
E0017,M,39,ICT_PROJECT,23.0,Private_Vehicle,Wednesday,No,08:03,08:00,3,On_Time
E0142,M,50,ICT_PROJECT,27.8,Public_Transport,Tuesday,No,07:56,08:00,-3,On_Time
E0026,F,32,ADMIN,26.5,Public_Transport,Monday,No,08:00,08:00,0,On_Time
E0002,M,27,RND_CENTER,26.7,Bike,Thursday,No,08:12,08:00,12,Late
E0178,M,35,ICT_PROJECT,19.6,Bike,Thursday,No,08:01,08:00,1,On_Time
E0062,M,24,RND_CENTER,6.2,Bike,Friday,No,08:00,08:00,0,On_Time
E0023,F,44,HR_TEAM,1.1,Private_Vehicle,Tuesday,No,07:46,08:00,-13,On_Time
E0031,M,45,RND_CENTER,15.7,Bike,Tuesday,No,08:07,08:00,7,Late
E0071,M,34,ADMIN,24.1,Bike,Thursday,No,08:06,08:00,6,Late
E0046,M,24,ADMIN,19.7,Walking,Tuesday,No,08:21,08:00,21,Late
E0112,F,43,RND_CENTER,24.3,Bike,Monday,No,07:56,08:00,-3,On_Time
E0027,M,33,ICT_PROJECT,23.8,Bike,Friday,No,08:02,08:00,2,On_Time
E0030,M,37,HR_TEAM,18.2,Walking,Thursday,No,08:02,08:00,2,On_Time
E0051,F,36,ADMIN,10.5,Public_Transport,Tuesday,No,08:15,08:00,15,Late
E0189,F,34,HR_TEAM,26.8,Public_Transport,Thursday,No,07:59,08:00,0,On_Time
E0150,F,25,HR_TEAM,5.2,Bike,Tuesday,No,08:02,08:00,2,On_Time
E0100,F,30,HR_TEAM,21.9,Walking,Wednesday,No,08:06,08:00,6,Late
E0052,F,30,ADMIN,21.1,Public_Transport,Wednesday,No,08:01,08:00,1,On_Time
E0035,M,51,HR_TEAM,13.1,Walking,Tuesday,No,07:55,08:00,-4,On_Time
E0076,M,32,RND_CENTER,29.1,Private_Vehicle,Monday,No,08:01,08:00,1,On_Time
E0106,F,35,RND_CENTER,14.7,Bike,Wednesday,No,08:10,08:00,10,Late
E0004,F,37,ICT_PROJECT,10.5,Private_Vehicle,Friday,No,07:49,08:00,-10,On_Time
E0039,M,48,ADMIN,2.2,Bike,Friday,No,08:01,08:00,1,On_Time
E0009,F,55,HR_TEAM,14.9,Public_Transport,Thursday,No,07:52,08:00,-7,On_Time
E0127,M,27,RND_CENTER,22.8,Bike,Tuesday,No,08:11,08:00,11,Late
E0034,F,40,ICT_PROJECT,19.8,Public_Transport,Monday,No,07:44,08:00,-15,On_Time
E0123,F,32,HR_TEAM,25.9,Public_Transport,Thursday,No,07:54,08:00,-5,On_Time
E0119,M,47,ICT_PROJECT,23.9,Walking,Thursday,No,08:03,08:00,3,On_Time
E0181,M,26,HR_TEAM,26.9,Walking,Friday,No,08:15,08:00,15,Late
E0009,F,49,PJOP_SURABAYA,21.2,Private_Vehicle,Monday,No,07:59,08:00,0,On_Time
E0159,F,25,RND_CENTER,28.4,Walking,Monday,No,07:54,08:00,-5,On_Time
E0029,F,45,HR_TEAM,19.0,Walking,Wednesday,No,08:18,08:00,18,Late
E0045,M,35,ICT_PROJECT,29.5,Private_Vehicle,Friday,No,07:45,08:00,-14,On_Time
E0030,F,35,ICT_PROJECT,10.3,Walking,Friday,No,07:38,08:00,-21,On_Time
E0175,F,39,ADMIN,2.8,Walking,Thursday,No,08:04,08:00,4,On_Time
E0125,M,52,RND_CENTER,20.7,Walking,Thursday,No,07:54,08:00,-5,On_Time
E0159,F,26,ICT_PROJECT,26.9,Bike,Monday,No,07:49,08:00,-10,On_Time
E0021,F,33,PJOP_SURABAYA,28.8,Public_Transport,Monday,No,08:07,08:00,7,Late
E0043,F,29,ICT_PROJECT,15.4,Private_Vehicle,Friday,No,08:02,08:00,2,On_Time
E0161,M,40,HR_TEAM,29.1,Private_Vehicle,Thursday,No,07:54,08:00,-5,On_Time
E0089,F,50,ADMIN,9.5,Public_Transport,Monday,No,07:47,08:00,-12,On_Time
E0060,F,48,RND_CENTER,10.9,Walking,Thursday,No,08:08,08:00,8,Late
E0152,F,51,PJOP_SURABAYA,17.5,Walking,Tuesday,No,08:06,08:00,6,Late
E0067,M,52,PJOP_SURABAYA,29.2,Public_Transport,Tuesday,No,07:59,08:00,0,On_Time
E0091,F,51,ICT_PROJECT,18.9,Private_Vehicle,Friday,No,08:18,08:00,18,Late
E0074,M,33,ICT_PROJECT,5.7,Public_Transport,Monday,No,07:49,08:00,-10,On_Time
E0082,M,50,PJOP_SURABAYA,11.7,Private_Vehicle,Friday,No,07:44,08:00,-15,On_Time
E0182,M,42,PJOP_SURABAYA,5.3,Bike,Friday,No,07:53,08:00,-6,On_Time
E0042,F,29,ADMIN,12.7,Bike,Tuesday,No,07:59,08:00,0,On_Time
E0118,F,31,ADMIN,29.1,Walking,Wednesday,No,08:02,08:00,2,On_Time
E0122,F,31,RND_CENTER,22.1,Bike,Wednesday,No,07:57,08:00,-2,On_Time
E0177,M,52,ADMIN,5.0,Public_Transport,Wednesday,No,08:03,08:00,3,On_Time
E0007,F,36,HR_TEAM,11.4,Walking,Monday,No,07:47,08:00,-12,On_Time
E0156,M,55,ICT_PROJECT,23.7,Walking,Tuesday,No,08:14,08:00,14,Late
E0006,M,50,ADMIN,29.3,Bike,Tuesday,No,07:59,08:00,0,On_Time
E0126,F,54,ADMIN,27.3,Walking,Thursday,No,08:11,08:00,11,Late
E0038,F,45,HR_TEAM,11.8,Walking,Wednesday,No,08:03,08:00,3,On_Time
E0090,F,50,RND_CENTER,3.5,Bike,Thursday,No,08:04,08:00,4,On_Time
E0114,F,32,HR_TEAM,22.1,Bike,Tuesday,No,08:05,08:00,5,On_Time
E0151,M,31,ICT_PROJECT,9.8,Walking,Monday,No,08:04,08:00,4,On_Time
E0152,F,27,ADMIN,12.9,Walking,Thursday,No,08:06,08:00,6,Late
E0045,F,30,ICT_PROJECT,6.4,Bike,Wednesday,No,08:13,08:00,13,Late
E0142,F,24,PJOP_SURABAYA,25.2,Walking,Thursday,No,08:01,08:00,1,On_Time
E0144,F,36,ADMIN,23.9,Private_Vehicle,Wednesday,No,08:07,08:00,7,Late
E0077,F,29,PJOP_SURABAYA,13.1,Bike,Tuesday,No,07:59,08:00,0,On_Time
E0008,M,39,HR_TEAM,29.8,Public_Transport,Friday,No,08:14,08:00,14,Late
E0191,F,52,RND_CENTER,13.6,Walking,Thursday,No,07:53,08:00,-6,On_Time
E0178,M,45,RND_CENTER,22.3,Public_Transport,Wednesday,No,08:18,08:00,18,Late
E0042,M,31,PJOP_SURABAYA,14.4,Private_Vehicle,Wednesday,No,07:59,08:00,0,On_Time
E0042,M,39,PJOP_SURABAYA,13.2,Walking,Monday,No,07:45,08:00,-14,On_Time
E0075,F,55,ADMIN,15.9,Private_Vehicle,Monday,No,08:01,08:00,1,On_Time
E0154,M,42,PJOP_SURABAYA,25.0,Walking,Wednesday,No,07:53,08:00,-6,On_Time
E0176,F,28,RND_CENTER,17.8,Private_Vehicle,Monday,No,08:08,08:00,8,Late
E0036,F,45,HR_TEAM,12.9,Private_Vehicle,Monday,No,07:53,08:00,-6,On_Time
E0056,M,54,ICT_PROJECT,25.1,Public_Transport,Thursday,No,07:55,08:00,-4,On_Time
E0118,M,29,ICT_PROJECT,27.8,Bike,Wednesday,No,07:41,08:00,-18,On_Time
E0080,F,30,HR_TEAM,26.8,Walking,Tuesday,No,07:55,08:00,-4,On_Time
E0182,F,23,ADMIN,7.4,Private_Vehicle,Tuesday,No,07:35,08:00,-24,On_Time
E0079,M,35,ICT_PROJECT,29.5,Bike,Monday,No,07:44,08:00,-15,On_Time
E0020,M,52,HR_TEAM,2.2,Public_Transport,Monday,No,08:07,08:00,7,Late
E0169,M,52,ADMIN,27.3,Public_Transport,Monday,No,08:07,08:00,7,Late
E0078,M,28,ADMIN,27.7,Private_Vehicle,Friday,No,08:04,08:00,4,On_Time
E0052,M,44,ADMIN,3.6,Walking,Friday,No,07:50,08:00,-9,On_Time
E0090,F,32,RND_CENTER,23.6,Private_Vehicle,Friday,No,07:59,08:00,0,On_Time
E0146,M,28,RND_CENTER,23.1,Private_Vehicle,Tuesday,No,07:59,08:00,0,On_Time
E0073,M,22,ADMIN,27.8,Bike,Wednesday,No,07:48,08:00,-11,On_Time
E0179,M,50,ADMIN,6.2,Walking,Thursday,No,08:15,08:00,15,Late
E0109,M,54,ICT_PROJECT,12.8,Walking,Monday,No,08:08,08:00,8,Late
E0120,M,55,ICT_PROJECT,15.4,Walking,Wednesday,No,07:57,08:00,-2,On_Time
E0143,M,27,PJOP_SURABAYA,15.3,Bike,Wednesday,No,08:00,08:00,0,On_Time
E0117,F,50,ICT_PROJECT,17.1,Walking,Thursday,No,08:02,08:00,2,On_Time
E0049,M,52,PJOP_SURABAYA,6.2,Bike,Monday,No,07:39,08:00,-20,On_Time
E0102,F,55,ADMIN,4.5,Bike,Thursday,No,07:57,08:00,-2,On_Time
E0178,M,32,ADMIN,11.5,Private_Vehicle,Wednesday,No,07:53,08:00,-6,On_Time
E0052,F,29,ICT_PROJECT,25.3,Bike,Wednesday,No,07:49,08:00,-10,On_Time
E0196,F,47,PJOP_SURABAYA,14.8,Bike,Thursday,No,07:57,08:00,-2,On_Time
E0131,F,31,HR_TEAM,4.1,Walking,Thursday,No,08:17,08:00,17,Late
E0128,M,30,ADMIN,3.9,Public_Transport,Monday,No,08:06,08:00,6,Late
E0128,M,33,HR_TEAM,18.5,Walking,Tuesday,No,07:54,08:00,-5,On_Time
E0078,M,26,RND_CENTER,23.3,Bike,Tuesday,No,08:05,08:00,5,On_Time
E0076,F,53,RND_CENTER,8.6,Walking,Friday,No,08:13,08:00,13,Late
E0140,M,24,HR_TEAM,26.5,Public_Transport,Thursday,No,08:09,08:00,9,Late
E0116,F,46,HR_TEAM,14.3,Public_Transport,Tuesday,No,08:00,08:00,0,On_Time
E0143,F,32,HR_TEAM,13.5,Walking,Thursday,No,07:53,08:00,-6,On_Time
E0125,M,53,RND_CENTER,20.9,Bike,Thursday,No,08:06,08:00,6,Late
E0144,M,54,ADMIN,12.4,Bike,Friday,No,08:03,08:00,3,On_Time
E0097,F,40,PJOP_SURABAYA,2.8,Public_Transport,Tuesday,No,08:08,08:00,8,Late
E0094,F,23,PJOP_SURABAYA,12.0,Bike,Wednesday,No,08:06,08:00,6,Late
E0092,F,44,ADMIN,20.2,Private_Vehicle,Tuesday,No,08:10,08:00,10,Late
E0166,F,27,ADMIN,26.2,Public_Transport,Wednesday,No,07:54,08:00,-5,On_Time
E0044,M,42,ADMIN,14.4,Bike,Friday,No,08:13,08:00,13,Late
E0132,F,39,ADMIN,21.2,Public_Transport,Wednesday,No,08:01,08:00,1,On_Time
E0097,F,42,RND_CENTER,3.8,Bike,Monday,No,08:20,08:00,20,Late
E0177,M,43,HR_TEAM,15.6,Walking,Tuesday,No,07:53,08:00,-6,On_Time
E0158,F,45,HR_TEAM,6.9,Public_Transport,Friday,No,08:17,08:00,17,Late
E0055,F,38,ADMIN,9.6,Bike,Tuesday,No,08:01,08:00,1,On_Time
E0160,M,28,RND_CENTER,10.8,Public_Transport,Friday,No,07:53,08:00,-6,On_Time
E0136,F,49,ICT_PROJECT,11.1,Public_Transport,Wednesday,No,07:55,08:00,-4,On_Time
E0130,F,49,RND_CENTER,10.1,Bike,Thursday,No,07:56,08:00,-3,On_Time
E0065,F,33,ADMIN,19.2,Private_Vehicle,Friday,No,08:04,08:00,4,On_Time
E0128,M,51,PJOP_SURABAYA,28.2,Bike,Friday,No,08:05,08:00,5,On_Time
E0187,M,55,ICT_PROJECT,11.6,Private_Vehicle,Tuesday,No,07:54,08:00,-5,On_Time
E0039,F,49,HR_TEAM,10.2,Public_Transport,Tuesday,No,07:59,08:00,0,On_Time
E0106,F,40,ICT_PROJECT,8.4,Private_Vehicle,Thursday,No,08:21,08:00,21,Late
E0062,M,31,ICT_PROJECT,1.8,Walking,Thursday,No,08:17,08:00,17,Late
E0125,F,49,ADMIN,6.9,Walking,Tuesday,No,08:04,08:00,4,On_Time
E0008,F,39,RND_CENTER,6.1,Public_Transport,Thursday,No,08:00,08:00,0,On_Time
E0006,M,27,PJOP_SURABAYA,18.4,Public_Transport,Thursday,No,08:01,08:00,1,On_Time
E0094,M,47,ICT_PROJECT,7.8,Public_Transport,Friday,No,08:06,08:00,6,Late
E0171,F,53,ADMIN,7.9,Public_Transport,Wednesday,No,07:49,08:00,-10,On_Time
E0085,F,37,HR_TEAM,7.3,Public_Transport,Tuesday,No,07:57,08:00,-2,On_Time
E0055,F,50,HR_TEAM,8.4,Public_Transport,Thursday,No,07:43,08:00,-16,On_Time
E0137,F,29,PJOP_SURABAYA,16.8,Bike,Tuesday,No,08:03,08:00,3,On_Time
E0072,M,45,HR_TEAM,21.8,Walking,Monday,No,08:06,08:00,6,Late
E0166,M,25,ICT_PROJECT,8.3,Bike,Wednesday,No,07:55,08:00,-4,On_Time
E0164,F,29,RND_CENTER,26.1,Bike,Thursday,No,08:15,08:00,15,Late
E0003,F,38,PJOP_SURABAYA,3.6,Private_Vehicle,Wednesday,No,07:47,08:00,-12,On_Time
E0054,M,50,PJOP_SURABAYA,26.5,Bike,Monday,No,07:45,08:00,-14,On_Time
E0071,M,53,HR_TEAM,22.4,Walking,Thursday,No,08:02,08:00,2,On_Time
E0026,M,38,RND_CENTER,2.9,Bike,Friday,No,08:10,08:00,10,Late
E0187,F,51,ADMIN,23.1,Private_Vehicle,Thursday,No,08:16,08:00,16,Late
E0165,M,22,HR_TEAM,6.8,Walking,Wednesday,No,07:55,08:00,-4,On_Time
E0148,M,29,ICT_PROJECT,8.2,Private_Vehicle,Friday,No,08:10,08:00,10,Late
E0176,F,42,HR_TEAM,14.9,Private_Vehicle,Wednesday,No,07:59,08:00,0,On_Time
E0045,F,40,ICT_PROJECT,3.4,Walking,Tuesday,No,07:58,08:00,-1,On_Time
E0101,F,36,ADMIN,28.5,Private_Vehicle,Monday,No,08:08,08:00,8,Late
E0119,M,38,ICT_PROJECT,2.4,Bike,Friday,No,08:06,08:00,6,Late
E0067,M,27,PJOP_SURABAYA,5.9,Public_Transport,Monday,No,07:44,08:00,-15,On_Time
E0184,F,51,HR_TEAM,4.4,Private_Vehicle,Tuesday,No,08:14,08:00,14,Late
E0069,F,53,HR_TEAM,4.8,Private_Vehicle,Friday,No,08:13,08:00,13,Late
E0056,F,34,HR_TEAM,6.2,Private_Vehicle,Monday,No,07:53,08:00,-6,On_Time
E0075,F,37,RND_CENTER,14.1,Private_Vehicle,Wednesday,No,08:03,08:00,3,On_Time
E0150,F,27,ADMIN,14.6,Walking,Thursday,No,08:04,08:00,4,On_Time
E0176,M,46,HR_TEAM,22.3,Walking,Monday,No,08:02,08:00,2,On_Time
E0025,M,25,PJOP_SURABAYA,28.0,Bike,Wednesday,No,07:54,08:00,-5,On_Time
E0156,M,22,PJOP_SURABAYA,15.6,Bike,Wednesday,No,07:53,08:00,-6,On_Time
E0102,F,30,RND_CENTER,2.2,Private_Vehicle,Wednesday,No,07:59,08:00,0,On_Time
E0044,F,43,HR_TEAM,4.8,Walking,Friday,No,08:11,08:00,11,Late
E0111,M,38,ADMIN,10.1,Private_Vehicle,Thursday,No,08:05,08:00,5,On_Time
E0072,F,49,PJOP_SURABAYA,27.2,Walking,Friday,No,07:56,08:00,-3,On_Time
E0195,F,55,PJOP_SURABAYA,13.6,Private_Vehicle,Wednesday,No,08:07,08:00,7,Late
E0189,F,31,RND_CENTER,25.7,Bike,Monday,No,07:31,08:00,-28,On_Time
E0049,M,25,ICT_PROJECT,6.3,Bike,Wednesday,No,08:11,08:00,11,Late
E0042,F,49,ADMIN,29.9,Bike,Monday,No,07:42,08:00,-17,On_Time
E0114,F,53,HR_TEAM,15.3,Private_Vehicle,Monday,No,07:56,08:00,-3,On_Time
E0090,M,35,PJOP_SURABAYA,6.2,Private_Vehicle,Friday,No,07:48,08:00,-11,On_Time
E0070,M,22,RND_CENTER,23.2,Private_Vehicle,Thursday,No,07:47,08:00,-12,On_Time
E0020,M,53,ADMIN,26.7,Public_Transport,Wednesday,No,08:11,08:00,11,Late
E0175,M,47,PJOP_SURABAYA,18.1,Public_Transport,Wednesday,No,07:55,08:00,-4,On_Time
E0040,M,27,HR_TEAM,25.1,Bike,Thursday,No,08:03,08:00,3,On_Time
E0161,F,22,PJOP_SURABAYA,29.1,Bike,Wednesday,No,07:59,08:00,0,On_Time
E0188,M,35,ADMIN,24.2,Walking,Wednesday,No,08:04,08:00,4,On_Time
E0015,M,46,ADMIN,12.6,Private_Vehicle,Tuesday,No,08:00,08:00,0,On_Time
E0198,F,27,ADMIN,25.7,Private_Vehicle,Thursday,No,07:47,08:00,-12,On_Time
E0200,F,40,ICT_PROJECT,4.5,Bike,Thursday,No,08:09,08:00,9,Late
E0189,F,30,PJOP_SURABAYA,20.3,Walking,Friday,No,07:55,08:00,-4,On_Time
E0052,F,50,HR_TEAM,14.8,Bike,Monday,No,07:44,08:00,-15,On_Time
E0194,F,45,RND_CENTER,6.4,Bike,Monday,No,07:55,08:00,-4,On_Time
E0011,F,51,ICT_PROJECT,19.8,Private_Vehicle,Thursday,No,08:15,08:00,15,Late
E0135,M,40,HR_TEAM,13.7,Bike,Wednesday,No,08:08,08:00,8,Late
E0039,M,41,ICT_PROJECT,16.2,Walking,Friday,No,07:56,08:00,-3,On_Time
E0013,M,24,RND_CENTER,4.1,Bike,Thursday,No,07:56,08:00,-3,On_Time
E0025,F,38,PJOP_SURABAYA,8.4,Public_Transport,Friday,No,07:56,08:00,-3,On_Time
E0005,M,51,ICT_PROJECT,23.8,Bike,Monday,No,08:20,08:00,20,Late
E0022,F,41,PJOP_SURABAYA,18.0,Bike,Thursday,No,08:03,08:00,3,On_Time
E0160,F,43,ICT_PROJECT,7.1,Public_Transport,Friday,No,08:04,08:00,4,On_Time
E0067,M,49,RND_CENTER,1.5,Bike,Monday,No,08:10,08:00,10,Late
E0004,M,52,HR_TEAM,21.1,Bike,Wednesday,No,08:02,08:00,2,On_Time
E0159,F,47,PJOP_SURABAYA,3.5,Private_Vehicle,Monday,No,07:57,08:00,-2,On_Time
E0049,M,23,ICT_PROJECT,25.9,Private_Vehicle,Thursday,No,07:58,08:00,-1,On_Time
E0167,M,37,HR_TEAM,25.4,Private_Vehicle,Monday,No,07:59,08:00,0,On_Time
E0078,F,31,HR_TEAM,13.2,Public_Transport,Tuesday,No,07:59,08:00,0,On_Time
E0040,F,53,HR_TEAM,1.6,Bike,Friday,No,08:07,08:00,7,Late
E0063,M,40,RND_CENTER,25.1,Bike,Monday,No,08:00,08:00,0,On_Time
E0086,M,28,HR_TEAM,29.4,Bike,Friday,No,08:07,08:00,7,Late
E0153,F,24,HR_TEAM,12.6,Bike,Tuesday,No,07:59,08:00,0,On_Time
E0183,M,55,ADMIN,13.2,Walking,Friday,No,08:00,08:00,0,On_Time
E0017,F,48,HR_TEAM,4.4,Walking,Thursday,No,07:40,08:00,-19,On_Time
E0179,F,23,ICT_PROJECT,9.4,Private_Vehicle,Thursday,No,08:09,08:00,9,Late
E0089,F,36,RND_CENTER,7.4,Walking,Friday,No,08:03,08:00,3,On_Time
E0184,F,30,PJOP_SURABAYA,22.0,Bike,Thursday,No,08:09,08:00,9,Late
E0173,F,52,ICT_PROJECT,19.0,Walking,Monday,No,07:31,08:00,-28,On_Time
E0171,F,30,ICT_PROJECT,6.8,Bike,Monday,No,08:20,08:00,20,Late
E0107,F,41,ICT_PROJECT,7.1,Public_Transport,Monday,No,07:58,08:00,-1,On_Time
E0092,F,44,ICT_PROJECT,6.1,Public_Transport,Monday,No,08:11,08:00,11,Late
E0087,F,29,RND_CENTER,7.6,Private_Vehicle,Thursday,No,07:49,08:00,-10,On_Time
E0067,F,44,ADMIN,23.3,Walking,Tuesday,No,08:06,08:00,6,Late
E0177,M,25,HR_TEAM,24.2,Public_Transport,Monday,No,07:49,08:00,-10,On_Time
E0157,M,24,RND_CENTER,4.1,Public_Transport,Tuesday,No,07:53,08:00,-6,On_Time
E0093,M,40,HR_TEAM,23.1,Bike,Monday,No,08:19,08:00,19,Late
E0040,F,43,ICT_PROJECT,4.6,Private_Vehicle,Thursday,No,07:58,08:00,-1,On_Time
E0107,M,37,HR_TEAM,10.9,Private_Vehicle,Monday,No,08:02,08:00,2,On_Time
E0069,F,48,PJOP_SURABAYA,19.3,Private_Vehicle,Tuesday,No,08:08,08:00,8,Late
E0193,F,36,ICT_PROJECT,24.3,Bike,Thursday,No,08:04,08:00,4,On_Time
E0118,F,23,HR_TEAM,5.2,Public_Transport,Friday,No,08:01,08:00,1,On_Time
E0018,M,43,PJOP_SURABAYA,12.6,Private_Vehicle,Thursday,No,08:03,08:00,3,On_Time
E0016,F,24,ICT_PROJECT,27.2,Public_Transport,Friday,No,08:24,08:00,24,Late
E0076,F,47,RND_CENTER,26.3,Walking,Wednesday,No,07:59,08:00,0,On_Time
E0003,F,55,RND_CENTER,27.7,Bike,Thursday,No,08:02,08:00,2,On_Time
E0165,M,50,PJOP_SURABAYA,26.7,Bike,Tuesday,No,08:10,08:00,10,Late
E0078,M,24,RND_CENTER,10.7,Private_Vehicle,Friday,No,08:11,08:00,11,Late
E0139,F,35,ADMIN,15.8,Walking,Friday,No,08:11,08:00,11,Late
E0088,M,23,ADMIN,26.8,Walking,Tuesday,No,08:06,08:00,6,Late
E0199,F,49,RND_CENTER,4.2,Public_Transport,Wednesday,No,07:48,08:00,-11,On_Time
E0067,F,29,ADMIN,22.9,Public_Transport,Thursday,No,08:16,08:00,16,Late
E0077,M,51,PJOP_SURABAYA,29.5,Private_Vehicle,Wednesday,No,07:48,08:00,-11,On_Time
E0077,F,30,HR_TEAM,16.1,Private_Vehicle,Monday,No,08:03,08:00,3,On_Time
E0084,M,45,HR_TEAM,3.8,Bike,Thursday,No,07:52,08:00,-7,On_Time
E0021,M,25,HR_TEAM,26.8,Bike,Tuesday,No,07:59,08:00,0,On_Time
E0115,M,45,RND_CENTER,12.7,Bike,Wednesday,No,08:03,08:00,3,On_Time
E0150,F,49,HR_TEAM,21.0,Bike,Thursday,No,08:03,08:00,3,On_Time
E0042,M,54,ICT_PROJECT,15.1,Bike,Tuesday,No,08:04,08:00,4,On_Time
E0181,M,35,HR_TEAM,14.7,Private_Vehicle,Friday,No,08:16,08:00,16,Late
E0095,M,48,ADMIN,4.5,Walking,Monday,No,08:04,08:00,4,On_Time
E0134,M,29,PJOP_SURABAYA,9.8,Walking,Wednesday,No,07:57,08:00,-2,On_Time
E0076,F,23,ICT_PROJECT,5.1,Bike,Monday,No,08:09,08:00,9,Late
E0079,F,35,ICT_PROJECT,24.8,Bike,Monday,No,08:11,08:00,11,Late
E0032,F,26,ADMIN,13.1,Walking,Friday,No,07:47,08:00,-12,On_Time
E0116,F,46,HR_TEAM,25.2,Private_Vehicle,Tuesday,No,08:05,08:00,5,On_Time
E0130,F,50,HR_TEAM,5.3,Walking,Monday,No,08:07,08:00,7,Late
E0160,F,46,ICT_PROJECT,27.1,Walking,Friday,No,07:57,08:00,-2,On_Time
E0012,F,39,ADMIN,26.1,Public_Transport,Friday,No,08:13,08:00,13,Late
E0162,F,29,RND_CENTER,3.5,Public_Transport,Friday,No,07:58,08:00,-1,On_Time
E0134,M,52,RND_CENTER,27.0,Public_Transport,Friday,No,08:01,08:00,1,On_Time
E0047,M,39,ICT_PROJECT,8.1,Bike,Monday,No,07:58,08:00,-1,On_Time
E0137,F,47,RND_CENTER,2.3,Public_Transport,Wednesday,No,08:00,08:00,0,On_Time
E0112,M,48,ADMIN,25.9,Walking,Thursday,No,07:49,08:00,-10,On_Time
E0066,M,29,ADMIN,16.7,Walking,Tuesday,No,07:45,08:00,-14,On_Time
E0047,F,27,ICT_PROJECT,9.9,Bike,Tuesday,No,08:15,08:00,15,Late
E0016,F,33,ADMIN,21.7,Walking,Thursday,No,07:51,08:00,-8,On_Time
E0026,F,31,HR_TEAM,26.9,Walking,Thursday,No,07:50,08:00,-9,On_Time
E0031,M,34,ICT_PROJECT,22.8,Private_Vehicle,Thursday,No,07:38,08:00,-21,On_Time
E0131,F,29,PJOP_SURABAYA,2.8,Bike,Friday,No,07:53,08:00,-6,On_Time
E0105,M,52,ADMIN,12.8,Private_Vehicle,Monday,No,07:46,08:00,-13,On_Time
E0069,M,37,RND_CENTER,19.9,Private_Vehicle,Wednesday,No,08:16,08:00,16,Late
E0146,F,50,ADMIN,25.5,Private_Vehicle,Tuesday,No,08:10,08:00,10,Late
E0096,M,37,RND_CENTER,28.6,Bike,Monday,No,07:53,08:00,-6,On_Time
E0001,F,40,ICT_PROJECT,1.0,Bike,Wednesday,No,08:22,08:00,22,Late
E0154,F,46,PJOP_SURABAYA,25.4,Private_Vehicle,Friday,No,08:09,08:00,9,Late
E0131,F,24,ICT_PROJECT,22.4,Public_Transport,Wednesday,No,07:56,08:00,-3,On_Time
E0023,F,29,ICT_PROJECT,22.0,Walking,Thursday,No,07:35,08:00,-24,On_Time
E0054,F,43,PJOP_SURABAYA,29.4,Bike,Wednesday,No,08:22,08:00,22,Late
E0063,F,43,ICT_PROJECT,14.3,Walking,Monday,No,07:46,08:00,-13,On_Time
E0178,M,22,RND_CENTER,14.8,Public_Transport,Tuesday,No,07:43,08:00,-16,On_Time
E0106,F,47,RND_CENTER,3.4,Public_Transport,Friday,No,08:10,08:00,10,Late
E0008,F,29,PJOP_SURABAYA,29.2,Bike,Friday,No,08:24,08:00,24,Late
E0092,F,33,ADMIN,4.6,Walking,Tuesday,No,08:13,08:00,13,Late
E0114,M,36,ADMIN,23.0,Walking,Tuesday,No,08:05,08:00,5,On_Time
E0024,F,36,ICT_PROJECT,29.4,Walking,Monday,No,08:05,08:00,5,On_Time
E0072,F,35,ADMIN,6.7,Bike,Monday,No,08:08,08:00,8,Late
E0072,F,32,RND_CENTER,6.6,Private_Vehicle,Monday,No,08:07,08:00,7,Late
E0151,M,26,ICT_PROJECT,8.5,Private_Vehicle,Friday,No,08:02,08:00,2,On_Time
E0187,F,34,ADMIN,29.8,Walking,Friday,No,08:01,08:00,1,On_Time
E0117,M,49,ADMIN,25.8,Walking,Thursday,No,07:59,08:00,0,On_Time
E0105,F,29,RND_CENTER,14.5,Walking,Friday,No,07:52,08:00,-7,On_Time
E0195,M,36,ADMIN,9.1,Bike,Friday,No,07:57,08:00,-2,On_Time
E0115,F,22,HR_TEAM,6.6,Public_Transport,Friday,No,07:43,08:00,-16,On_Time
E0007,M,49,ADMIN,27.6,Private_Vehicle,Tuesday,No,07:59,08:00,0,On_Time
E0085,F,26,ADMIN,1.8,Bike,Monday,No,07:50,08:00,-9,On_Time
E0152,F,38,ICT_PROJECT,4.1,Private_Vehicle,Wednesday,No,07:48,08:00,-11,On_Time
E0014,F,55,ICT_PROJECT,28.4,Bike,Monday,No,08:01,08:00,1,On_Time
E0161,F,29,ADMIN,29.3,Public_Transport,Thursday,No,08:13,08:00,13,Late
E0081,M,30,ADMIN,27.7,Bike,Monday,No,08:09,08:00,9,Late
E0078,F,26,ADMIN,20.6,Public_Transport,Wednesday,No,07:44,08:00,-15,On_Time
E0098,F,28,RND_CENTER,22.8,Private_Vehicle,Friday,No,07:50,08:00,-9,On_Time
E0169,M,51,HR_TEAM,14.5,Bike,Friday,No,08:09,08:00,9,Late
E0159,M,43,ADMIN,14.2,Walking,Friday,No,07:50,08:00,-9,On_Time
E0050,M,28,ADMIN,18.3,Public_Transport,Friday,No,07:57,08:00,-2,On_Time
E0050,M,54,PJOP_SURABAYA,11.3,Bike,Friday,No,08:05,08:00,5,On_Time
E0114,M,37,ICT_PROJECT,24.1,Public_Transport,Tuesday,No,07:50,08:00,-9,On_Time
E0080,F,54,PJOP_SURABAYA,10.0,Private_Vehicle,Tuesday,No,08:01,08:00,1,On_Time
E0121,F,43,PJOP_SURABAYA,11.7,Public_Transport,Friday,No,07:46,08:00,-13,On_Time
E0151,M,25,ICT_PROJECT,15.7,Public_Transport,Thursday,No,07:53,08:00,-6,On_Time
E0089,M,34,ICT_PROJECT,23.8,Walking,Tuesday,No,08:03,08:00,3,On_Time
E0171,F,51,RND_CENTER,21.1,Walking,Friday,No,07:44,08:00,-15,On_Time
E0077,F,43,ICT_PROJECT,4.0,Public_Transport,Thursday,No,08:04,08:00,4,On_Time
E0057,M,36,ICT_PROJECT,14.5,Private_Vehicle,Tuesday,No,07:59,08:00,0,On_Time
E0124,F,46,ICT_PROJECT,12.6,Public_Transport,Wednesday,No,08:05,08:00,5,On_Time
E0003,M,44,ADMIN,17.1,Private_Vehicle,Wednesday,No,08:02,08:00,2,On_Time
E0113,M,45,ADMIN,29.3,Private_Vehicle,Tuesday,No,08:13,08:00,13,Late
E0073,M,36,PJOP_SURABAYA,21.8,Walking,Friday,No,08:01,08:00,1,On_Time
E0063,M,34,ADMIN,6.1,Walking,Monday,No,07:55,08:00,-4,On_Time
E0006,M,46,ADMIN,10.8,Private_Vehicle,Wednesday,No,08:01,08:00,1,On_Time
E0117,M,45,PJOP_SURABAYA,20.2,Bike,Monday,No,08:05,08:00,5,On_Time
E0031,M,30,ICT_PROJECT,6.6,Bike,Wednesday,No,08:00,08:00,0,On_Time
E0082,F,37,ADMIN,23.1,Private_Vehicle,Friday,No,08:00,08:00,0,On_Time
E0076,M,42,ICT_PROJECT,2.5,Walking,Tuesday,No,07:52,08:00,-7,On_Time
E0131,F,35,ADMIN,23.8,Public_Transport,Tuesday,No,07:53,08:00,-6,On_Time
E0131,F,54,PJOP_SURABAYA,15.5,Bike,Tuesday,No,07:45,08:00,-14,On_Time
E0083,F,55,HR_TEAM,21.8,Bike,Thursday,No,08:17,08:00,17,Late
E0069,F,24,ICT_PROJECT,7.4,Private_Vehicle,Thursday,No,07:47,08:00,-12,On_Time
E0061,F,35,PJOP_SURABAYA,13.3,Bike,Friday,No,07:53,08:00,-6,On_Time
E0041,F,38,RND_CENTER,3.5,Public_Transport,Wednesday,No,07:52,08:00,-7,On_Time
E0114,F,36,RND_CENTER,2.2,Walking,Thursday,No,08:08,08:00,8,Late
E0116,F,49,HR_TEAM,11.7,Bike,Wednesday,No,07:57,08:00,-2,On_Time
E0070,F,23,ICT_PROJECT,13.8,Walking,Monday,No,08:12,08:00,12,Late
E0092,M,40,RND_CENTER,15.9,Public_Transport,Wednesday,No,07:53,08:00,-6,On_Time
E0059,M,29,ADMIN,11.4,Private_Vehicle,Wednesday,No,08:02,08:00,2,On_Time
E0051,F,38,PJOP_SURABAYA,22.6,Walking,Tuesday,No,07:51,08:00,-8,On_Time
E0181,M,38,ADMIN,23.3,Walking,Wednesday,No,08:21,08:00,21,Late
E0104,F,22,HR_TEAM,20.0,Private_Vehicle,Thursday,No,07:48,08:00,-11,On_Time
E0059,M,35,HR_TEAM,7.8,Bike,Thursday,No,08:03,08:00,3,On_Time
E0088,M,42,ICT_PROJECT,13.4,Bike,Tuesday,No,08:06,08:00,6,Late
E0113,F,23,PJOP_SURABAYA,5.0,Private_Vehicle,Wednesday,No,08:04,08:00,4,On_Time
E0189,M,53,PJOP_SURABAYA,10.9,Bike,Thursday,No,07:58,08:00,-1,On_Time
E0176,F,41,PJOP_SURABAYA,18.0,Public_Transport,Tuesday,No,07:58,08:00,-1,On_Time
E0040,F,47,HR_TEAM,6.9,Bike,Monday,No,08:00,08:00,0,On_Time
E0137,F,34,HR_TEAM,4.2,Bike,Wednesday,No,07:58,08:00,-1,On_Time
E0024,M,28,RND_CENTER,6.2,Bike,Monday,No,08:09,08:00,9,Late
E0048,M,26,HR_TEAM,9.2,Private_Vehicle,Wednesday,No,08:22,08:00,22,Late
E0169,M,51,ADMIN,11.7,Public_Transport,Tuesday,No,07:54,08:00,-5,On_Time
E0084,F,47,ICT_PROJECT,29.7,Private_Vehicle,Friday,No,07:46,08:00,-13,On_Time
E0108,F,26,HR_TEAM,28.7,Private_Vehicle,Tuesday,No,07:59,08:00,0,On_Time
E0053,F,49,HR_TEAM,5.6,Walking,Friday,No,08:25,08:00,25,Late
E0052,F,39,ICT_PROJECT,1.2,Private_Vehicle,Thursday,No,07:51,08:00,-8,On_Time
E0017,F,37,RND_CENTER,10.5,Bike,Thursday,No,08:16,08:00,16,Late
E0119,M,27,PJOP_SURABAYA,19.7,Bike,Wednesday,No,08:16,08:00,16,Late
E0180,F,47,RND_CENTER,24.9,Private_Vehicle,Thursday,No,07:54,08:00,-5,On_Time
E0064,M,49,HR_TEAM,12.2,Private_Vehicle,Friday,No,08:05,08:00,5,On_Time
E0025,F,24,ICT_PROJECT,26.7,Private_Vehicle,Wednesday,No,08:16,08:00,16,Late
E0161,F,26,ICT_PROJECT,27.4,Bike,Friday,No,07:56,08:00,-3,On_Time
E0032,F,26,ADMIN,15.6,Walking,Thursday,No,07:57,08:00,-2,On_Time
E0116,M,38,ICT_PROJECT,15.7,Bike,Monday,No,07:54,08:00,-5,On_Time
E0019,F,46,PJOP_SURABAYA,22.6,Private_Vehicle,Thursday,No,07:49,08:00,-10,On_Time
E0010,M,38,ADMIN,21.6,Private_Vehicle,Wednesday,No,07:53,08:00,-6,On_Time
E0172,F,53,HR_TEAM,3.0,Private_Vehicle,Thursday,No,07:47,08:00,-12,On_Time
E0036,F,39,ICT_PROJECT,5.9,Public_Transport,Friday,No,08:00,08:00,0,On_Time
E0026,M,40,ADMIN,16.5,Bike,Tuesday,No,07:52,08:00,-7,On_Time
E0020,M,39,ICT_PROJECT,13.8,Private_Vehicle,Tuesday,No,08:02,08:00,2,On_Time
E0183,M,35,HR_TEAM,21.2,Public_Transport,Thursday,No,07:44,08:00,-15,On_Time
E0177,F,50,ADMIN,18.3,Public_Transport,Thursday,No,08:03,08:00,3,On_Time
E0197,M,37,PJOP_SURABAYA,27.4,Private_Vehicle,Monday,No,08:08,08:00,8,Late
E0005,F,23,ADMIN,10.8,Private_Vehicle,Monday,No,07:40,08:00,-19,On_Time
E0057,M,32,ICT_PROJECT,2.3,Public_Transport,Wednesday,No,08:03,08:00,3,On_Time
E0083,M,35,RND_CENTER,12.5,Bike,Monday,No,08:12,08:00,12,Late
E0060,M,28,PJOP_SURABAYA,10.4,Public_Transport,Thursday,No,07:47,08:00,-12,On_Time
E0168,F,22,HR_TEAM,7.2,Private_Vehicle,Monday,No,08:16,08:00,16,Late
E0169,F,45,ADMIN,3.0,Private_Vehicle,Thursday,No,08:04,08:00,4,On_Time
E0078,F,28,RND_CENTER,23.9,Private_Vehicle,Wednesday,No,07:52,08:00,-7,On_Time
E0025,F,46,ICT_PROJECT,10.6,Walking,Thursday,No,07:59,08:00,0,On_Time
E0018,F,23,RND_CENTER,27.5,Bike,Thursday,No,08:05,08:00,5,On_Time
E0131,M,54,RND_CENTER,21.4,Public_Transport,Tuesday,No,08:00,08:00,0,On_Time
E0006,M,41,ICT_PROJECT,22.4,Private_Vehicle,Friday,No,08:05,08:00,5,On_Time
E0021,M,30,PJOP_SURABAYA,15.5,Private_Vehicle,Tuesday,No,07:50,08:00,-9,On_Time
E0097,M,24,ICT_PROJECT,27.8,Bike,Wednesday,No,08:01,08:00,1,On_Time
E0035,F,42,ADMIN,16.1,Bike,Wednesday,No,07:45,08:00,-14,On_Time
E0193,M,36,PJOP_SURABAYA,10.9,Private_Vehicle,Friday,No,07:58,08:00,-1,On_Time
E0014,M,36,RND_CENTER,26.3,Walking,Tuesday,No,07:50,08:00,-9,On_Time
E0114,M,26,HR_TEAM,3.0,Private_Vehicle,Monday,No,07:52,08:00,-7,On_Time
E0163,M,35,ICT_PROJECT,3.7,Private_Vehicle,Tuesday,No,08:12,08:00,12,Late
E0130,M,49,HR_TEAM,10.0,Private_Vehicle,Tuesday,No,08:10,08:00,10,Late
E0109,M,37,PJOP_SURABAYA,9.3,Bike,Tuesday,No,08:06,08:00,6,Late
E0070,F,27,PJOP_SURABAYA,12.5,Private_Vehicle,Thursday,No,07:49,08:00,-10,On_Time
E0113,F,54,RND_CENTER,22.3,Private_Vehicle,Thursday,No,07:56,08:00,-3,On_Time
E0006,F,49,ADMIN,23.0,Walking,Friday,No,08:12,08:00,12,Late
E0138,M,33,PJOP_SURABAYA,12.0,Walking,Thursday,No,08:01,08:00,1,On_Time
E0073,F,52,ADMIN,10.7,Bike,Tuesday,No,08:23,08:00,23,Late
E0040,M,22,ADMIN,26.0,Walking,Thursday,No,08:03,08:00,3,On_Time
E0104,F,47,PJOP_SURABAYA,12.1,Walking,Friday,No,08:01,08:00,1,On_Time
E0019,F,24,ADMIN,12.2,Private_Vehicle,Tuesday,No,07:56,08:00,-3,On_Time
E0196,F,38,PJOP_SURABAYA,15.8,Bike,Wednesday,No,08:01,08:00,1,On_Time
E0179,M,46,HR_TEAM,22.3,Private_Vehicle,Thursday,No,07:58,08:00,-1,On_Time
E0009,F,23,ICT_PROJECT,8.6,Bike,Tuesday,No,08:07,08:00,7,Late
E0066,M,32,ADMIN,4.4,Public_Transport,Thursday,No,08:09,08:00,9,Late
E0102,M,55,ICT_PROJECT,26.4,Private_Vehicle,Thursday,No,07:52,08:00,-7,On_Time
E0065,F,54,RND_CENTER,20.1,Bike,Friday,No,07:46,08:00,-13,On_Time
E0079,F,27,ADMIN,19.4,Walking,Tuesday,No,07:41,08:00,-18,On_Time
E0069,M,47,PJOP_SURABAYA,1.2,Private_Vehicle,Thursday,No,08:05,08:00,5,On_Time
E0001,M,26,HR_TEAM,16.2,Walking,Thursday,No,07:48,08:00,-11,On_Time
E0044,M,45,ICT_PROJECT,21.4,Private_Vehicle,Thursday,No,07:38,08:00,-21,On_Time
E0047,M,50,RND_CENTER,24.6,Private_Vehicle,Tuesday,No,08:03,08:00,3,On_Time
E0016,M,34,PJOP_SURABAYA,29.5,Bike,Thursday,No,08:24,08:00,24,Late
E0161,M,32,ADMIN,9.5,Bike,Monday,No,07:59,08:00,0,On_Time
E0071,M,43,ADMIN,18.0,Bike,Thursday,No,08:08,08:00,8,Late
E0173,M,22,ADMIN,8.7,Public_Transport,Friday,No,08:00,08:00,0,On_Time
E0011,M,35,RND_CENTER,24.0,Bike,Friday,No,07:59,08:00,0,On_Time
E0134,F,53,HR_TEAM,23.0,Bike,Wednesday,No,08:09,08:00,9,Late
E0095,F,42,ICT_PROJECT,28.3,Bike,Thursday,No,07:57,08:00,-2,On_Time
E0157,M,44,PJOP_SURABAYA,24.4,Public_Transport,Thursday,No,08:02,08:00,2,On_Time
E0179,F,30,ADMIN,18.5,Walking,Tuesday,No,08:03,08:00,3,On_Time
E0095,F,52,RND_CENTER,13.0,Private_Vehicle,Monday,No,07:53,08:00,-6,On_Time
E0164,F,23,PJOP_SURABAYA,26.3,Walking,Thursday,No,08:09,08:00,9,Late
E0060,F,47,RND_CENTER,24.0,Walking,Thursday,No,07:58,08:00,-1,On_Time
E0122,M,46,PJOP_SURABAYA,18.6,Private_Vehicle,Friday,No,07:52,08:00,-7,On_Time
E0147,M,30,HR_TEAM,24.1,Walking,Friday,No,08:05,08:00,5,On_Time
E0120,M,50,ADMIN,15.0,Private_Vehicle,Tuesday,No,07:51,08:00,-8,On_Time
E0055,M,27,ADMIN,13.6,Public_Transport,Tuesday,No,08:00,08:00,0,On_Time
E0084,F,39,ICT_PROJECT,21.9,Bike,Monday,No,07:59,08:00,0,On_Time
E0171,M,53,ADMIN,24.1,Walking,Tuesday,No,08:10,08:00,10,Late
E0148,M,43,HR_TEAM,27.4,Bike,Friday,No,08:04,08:00,4,On_Time
E0112,M,36,PJOP_SURABAYA,4.4,Public_Transport,Monday,No,07:59,08:00,0,On_Time
E0023,F,34,ADMIN,17.6,Private_Vehicle,Wednesday,No,08:08,08:00,8,Late
E0098,M,41,ADMIN,18.1,Private_Vehicle,Thursday,No,08:13,08:00,13,Late
E0109,F,45,ICT_PROJECT,16.1,Private_Vehicle,Monday,No,08:05,08:00,5,On_Time
E0102,M,51,PJOP_SURABAYA,5.2,Walking,Tuesday,No,08:00,08:00,0,On_Time
E0128,F,31,RND_CENTER,9.2,Public_Transport,Friday,No,07:46,08:00,-13,On_Time
E0082,F,54,ADMIN,8.9,Bike,Tuesday,No,07:49,08:00,-10,On_Time
E0127,F,46,ADMIN,29.5,Walking,Tuesday,No,07:56,08:00,-3,On_Time
E0184,M,36,ADMIN,27.8,Private_Vehicle,Thursday,No,07:53,08:00,-6,On_Time
E0187,F,41,ICT_PROJECT,29.7,Bike,Wednesday,No,07:58,08:00,-1,On_Time
E0109,F,44,HR_TEAM,12.3,Walking,Wednesday,No,08:00,08:00,0,On_Time
E0179,M,47,ADMIN,4.8,Public_Transport,Wednesday,No,08:05,08:00,5,On_Time
E0118,M,30,HR_TEAM,21.2,Walking,Tuesday,No,07:59,08:00,0,On_Time
E0054,M,34,ADMIN,11.5,Public_Transport,Tuesday,No,08:04,08:00,4,On_Time
E0097,F,32,ADMIN,3.8,Bike,Tuesday,No,08:00,08:00,0,On_Time
E0014,M,54,PJOP_SURABAYA,18.2,Private_Vehicle,Thursday,No,07:40,08:00,-19,On_Time
E0063,M,29,ICT_PROJECT,12.5,Walking,Friday,No,07:50,08:00,-9,On_Time
E0045,F,27,HR_TEAM,26.1,Bike,Wednesday,No,07:58,08:00,-1,On_Time
E0162,F,45,ADMIN,4.5,Public_Transport,Monday,No,07:47,08:00,-12,On_Time
E0126,M,23,RND_CENTER,17.6,Bike,Wednesday,No,08:05,08:00,5,On_Time
E0178,M,33,HR_TEAM,15.0,Bike,Wednesday,No,08:15,08:00,15,Late
E0147,M,28,PJOP_SURABAYA,2.8,Private_Vehicle,Thursday,No,08:12,08:00,12,Late
E0180,M,47,RND_CENTER,24.7,Bike,Monday,No,07:57,08:00,-2,On_Time
E0133,M,35,ADMIN,6.2,Private_Vehicle,Monday,No,08:14,08:00,14,Late
E0143,F,42,ADMIN,2.1,Private_Vehicle,Tuesday,No,08:01,08:00,1,On_Time
E0023,F,24,ADMIN,29.4,Walking,Wednesday,No,07:56,08:00,-3,On_Time
E0140,M,49,ADMIN,8.2,Public_Transport,Friday,No,07:53,08:00,-6,On_Time
E0076,F,30,RND_CENTER,15.2,Walking,Friday,No,07:56,08:00,-3,On_Time
E0091,M,28,ADMIN,7.9,Private_Vehicle,Tuesday,No,07:56,08:00,-3,On_Time
E0077,M,30,RND_CENTER,17.0,Walking,Wednesday,No,08:01,08:00,1,On_Time
E0033,F,26,RND_CENTER,8.4,Bike,Tuesday,No,08:01,08:00,1,On_Time
E0103,F,27,PJOP_SURABAYA,20.6,Private_Vehicle,Friday,No,08:00,08:00,0,On_Time
E0053,M,39,ICT_PROJECT,21.7,Private_Vehicle,Thursday,No,08:04,08:00,4,On_Time
E0040,F,49,HR_TEAM,1.8,Private_Vehicle,Monday,No,08:11,08:00,11,Late
E0070,M,29,RND_CENTER,12.8,Walking,Monday,No,08:09,08:00,9,Late
E0093,F,39,ICT_PROJECT,26.2,Private_Vehicle,Wednesday,No,07:45,08:00,-14,On_Time
E0003,M,46,ICT_PROJECT,12.0,Public_Transport,Monday,No,07:34,08:00,-25,On_Time
E0045,F,53,ADMIN,16.3,Walking,Friday,No,08:09,08:00,9,Late
E0070,M,25,ICT_PROJECT,10.2,Bike,Tuesday,No,07:46,08:00,-13,On_Time
E0089,F,52,RND_CENTER,4.7,Public_Transport,Friday,No,07:57,08:00,-2,On_Time
E0183,M,30,ICT_PROJECT,12.0,Walking,Monday,No,07:48,08:00,-11,On_Time
E0186,F,37,RND_CENTER,13.1,Bike,Tuesday,No,07:41,08:00,-18,On_Time
E0113,F,51,RND_CENTER,9.3,Bike,Friday,No,08:05,08:00,5,On_Time
E0184,M,41,ADMIN,28.5,Bike,Wednesday,No,08:07,08:00,7,Late
E0024,M,26,ICT_PROJECT,28.4,Private_Vehicle,Friday,No,07:54,08:00,-5,On_Time
E0015,M,40,RND_CENTER,28.0,Public_Transport,Thursday,No,07:34,08:00,-25,On_Time
E0174,M,52,HR_TEAM,15.9,Public_Transport,Thursday,No,07:54,08:00,-5,On_Time
E0004,M,22,HR_TEAM,21.4,Walking,Tuesday,No,08:03,08:00,3,On_Time
E0190,M,50,ICT_PROJECT,20.6,Private_Vehicle,Tuesday,No,07:45,08:00,-14,On_Time
E0020,F,30,RND_CENTER,11.2,Public_Transport,Thursday,No,08:01,08:00,1,On_Time
E0127,F,32,PJOP_SURABAYA,29.1,Walking,Tuesday,No,07:59,08:00,0,On_Time
E0139,M,40,PJOP_SURABAYA,15.0,Walking,Tuesday,No,08:05,08:00,5,On_Time
E0001,F,35,PJOP_SURABAYA,27.9,Public_Transport,Thursday,No,08:01,08:00,1,On_Time
E0159,F,25,PJOP_SURABAYA,1.2,Bike,Wednesday,No,07:50,08:00,-9,On_Time
E0077,F,28,ADMIN,11.1,Private_Vehicle,Thursday,No,08:11,08:00,11,Late
E0091,M,28,HR_TEAM,15.3,Public_Transport,Friday,No,07:58,08:00,-1,On_Time
E0132,M,48,ADMIN,27.5,Public_Transport,Tuesday,No,07:59,08:00,0,On_Time
E0197,F,36,HR_TEAM,12.5,Walking,Wednesday,No,07:50,08:00,-9,On_Time
E0110,M,39,ADMIN,29.7,Bike,Tuesday,No,07:55,08:00,-4,On_Time
E0036,F,49,ADMIN,11.4,Private_Vehicle,Monday,No,07:51,08:00,-8,On_Time
E0049,F,24,ICT_PROJECT,12.4,Walking,Monday,No,07:58,08:00,-1,On_Time
E0042,M,52,PJOP_SURABAYA,4.4,Bike,Friday,No,08:17,08:00,17,Late
E0127,M,42,HR_TEAM,15.6,Bike,Tuesday,No,07:46,08:00,-13,On_Time
E0029,M,23,ICT_PROJECT,5.5,Public_Transport,Tuesday,No,07:43,08:00,-16,On_Time
E0014,F,49,RND_CENTER,22.4,Bike,Thursday,No,08:14,08:00,14,Late
E0075,F,53,ADMIN,23.1,Private_Vehicle,Friday,No,07:57,08:00,-2,On_Time
E0040,M,37,PJOP_SURABAYA,23.2,Walking,Tuesday,No,07:53,08:00,-6,On_Time
E0171,F,34,HR_TEAM,21.5,Public_Transport,Friday,No,08:10,08:00,10,Late
E0157,M,34,RND_CENTER,19.2,Private_Vehicle,Tuesday,No,07:53,08:00,-6,On_Time
E0031,M,47,ADMIN,8.9,Private_Vehicle,Tuesday,No,08:18,08:00,18,Late
E0110,M,34,ADMIN,26.1,Bike,Thursday,No,08:06,08:00,6,Late
E0135,F,36,ICT_PROJECT,10.7,Bike,Monday,No,07:55,08:00,-4,On_Time
E0131,F,25,PJOP_SURABAYA,4.2,Walking,Wednesday,No,08:21,08:00,21,Late
E0090,F,37,PJOP_SURABAYA,27.0,Private_Vehicle,Monday,No,07:53,08:00,-6,On_Time
E0001,M,42,ICT_PROJECT,9.3,Walking,Friday,No,08:07,08:00,7,Late
E0026,F,33,PJOP_SURABAYA,28.5,Walking,Wednesday,No,08:02,08:00,2,On_Time
E0078,M,28,ADMIN,20.8,Private_Vehicle,Wednesday,No,08:13,08:00,13,Late
E0093,F,55,RND_CENTER,11.8,Walking,Tuesday,No,08:15,08:00,15,Late
E0150,F,27,ADMIN,4.8,Public_Transport,Monday,No,08:00,08:00,0,On_Time
E0151,M,34,HR_TEAM,27.8,Public_Transport,Friday,No,07:52,08:00,-7,On_Time
E0159,F,41,HR_TEAM,29.7,Private_Vehicle,Friday,No,08:04,08:00,4,On_Time
E0185,M,24,ICT_PROJECT,6.6,Walking,Friday,No,07:53,08:00,-6,On_Time
E0089,F,50,ADMIN,27.4,Public_Transport,Thursday,No,08:20,08:00,20,Late
E0108,M,32,RND_CENTER,9.0,Private_Vehicle,Wednesday,No,08:01,08:00,1,On_Time
E0012,M,34,HR_TEAM,15.4,Public_Transport,Tuesday,No,07:56,08:00,-3,On_Time
E0113,F,46,HR_TEAM,18.6,Private_Vehicle,Tuesday,No,08:01,08:00,1,On_Time
E0001,M,35,RND_CENTER,21.2,Bike,Friday,No,07:46,08:00,-13,On_Time
E0182,F,41,ICT_PROJECT,9.6,Walking,Friday,No,07:50,08:00,-9,On_Time
E0031,M,36,ADMIN,16.5,Walking,Monday,No,08:12,08:00,12,Late
E0164,M,39,ICT_PROJECT,8.8,Public_Transport,Tuesday,No,07:53,08:00,-6,On_Time
E0054,M,22,PJOP_SURABAYA,19.3,Walking,Wednesday,No,07:49,08:00,-10,On_Time
E0022,F,30,HR_TEAM,27.1,Walking,Wednesday,No,08:05,08:00,5,On_Time
E0015,M,44,ICT_PROJECT,22.2,Walking,Tuesday,No,08:11,08:00,11,Late
E0066,M,28,HR_TEAM,28.4,Walking,Friday,No,08:07,08:00,7,Late
E0142,M,50,ICT_PROJECT,10.4,Private_Vehicle,Friday,No,08:09,08:00,9,Late
E0162,F,31,HR_TEAM,7.7,Bike,Wednesday,No,07:52,08:00,-7,On_Time
E0038,F,27,HR_TEAM,6.3,Private_Vehicle,Tuesday,No,07:45,08:00,-14,On_Time
E0049,F,33,PJOP_SURABAYA,1.6,Private_Vehicle,Tuesday,No,08:15,08:00,15,Late
E0101,M,26,ICT_PROJECT,3.1,Private_Vehicle,Thursday,No,07:56,08:00,-3,On_Time
E0166,F,28,RND_CENTER,5.0,Public_Transport,Friday,No,07:57,08:00,-2,On_Time
E0026,F,46,ADMIN,4.2,Public_Transport,Monday,No,08:13,08:00,13,Late
E0034,M,27,PJOP_SURABAYA,5.1,Public_Transport,Monday,No,08:05,08:00,5,On_Time
E0028,F,27,ICT_PROJECT,5.0,Bike,Tuesday,No,08:04,08:00,4,On_Time
E0079,F,52,ICT_PROJECT,8.1,Walking,Friday,No,08:21,08:00,21,Late
E0032,M,24,ADMIN,16.8,Public_Transport,Friday,No,07:53,08:00,-6,On_Time
E0107,M,22,ICT_PROJECT,1.7,Bike,Thursday,No,08:09,08:00,9,Late
E0038,F,40,ICT_PROJECT,27.7,Bike,Monday,No,08:00,08:00,0,On_Time
E0126,M,29,ICT_PROJECT,4.0,Walking,Wednesday,No,08:02,08:00,2,On_Time
E0020,F,29,PJOP_SURABAYA,27.8,Public_Transport,Monday,No,08:15,08:00,15,Late
E0155,M,33,HR_TEAM,16.4,Private_Vehicle,Thursday,No,08:05,08:00,5,On_Time
E0039,F,40,PJOP_SURABAYA,26.4,Walking,Thursday,No,08:05,08:00,5,On_Time
E0170,F,38,ADMIN,23.9,Private_Vehicle,Tuesday,No,08:10,08:00,10,Late
E0082,M,46,HR_TEAM,21.9,Bike,Monday,No,07:56,08:00,-3,On_Time
E0029,F,39,ICT_PROJECT,3.6,Private_Vehicle,Tuesday,No,07:51,08:00,-8,On_Time
E0197,F,44,PJOP_SURABAYA,15.3,Bike,Thursday,No,07:49,08:00,-10,On_Time
E0155,F,30,ICT_PROJECT,12.1,Bike,Friday,No,07:40,08:00,-19,On_Time
E0137,F,36,HR_TEAM,3.4,Bike,Friday,No,08:20,08:00,20,Late
E0148,M,27,ICT_PROJECT,11.5,Private_Vehicle,Monday,No,07:48,08:00,-11,On_Time
E0093,F,30,ADMIN,2.7,Walking,Wednesday,No,07:57,08:00,-2,On_Time
E0200,M,40,HR_TEAM,5.2,Bike,Tuesday,No,07:57,08:00,-2,On_Time
E0054,M,25,ICT_PROJECT,4.4,Private_Vehicle,Thursday,No,08:03,08:00,3,On_Time
E0188,M,49,PJOP_SURABAYA,2.6,Public_Transport,Friday,No,08:08,08:00,8,Late
E0019,F,32,ADMIN,5.3,Private_Vehicle,Monday,No,08:08,08:00,8,Late
E0063,M,22,RND_CENTER,25.1,Bike,Tuesday,No,07:54,08:00,-5,On_Time
E0196,M,52,ICT_PROJECT,22.7,Walking,Thursday,No,07:58,08:00,-1,On_Time
E0106,F,50,ADMIN,9.3,Private_Vehicle,Monday,No,08:02,08:00,2,On_Time
E0165,M,33,RND_CENTER,5.7,Bike,Thursday,No,07:57,08:00,-2,On_Time
E0175,F,38,RND_CENTER,15.6,Private_Vehicle,Thursday,No,08:16,08:00,16,Late
E0041,F,27,RND_CENTER,11.9,Private_Vehicle,Tuesday,No,08:04,08:00,4,On_Time
E0103,M,36,HR_TEAM,6.3,Public_Transport,Thursday,No,08:07,08:00,7,Late
E0123,F,47,HR_TEAM,5.8,Walking,Thursday,No,08:06,08:00,6,Late
E0050,F,28,ADMIN,3.3,Walking,Monday,No,08:11,08:00,11,Late
E0062,F,32,RND_CENTER,4.1,Private_Vehicle,Friday,No,08:01,08:00,1,On_Time
E0003,F,34,RND_CENTER,6.9,Public_Transport,Tuesday,No,07:47,08:00,-12,On_Time
E0069,M,24,RND_CENTER,29.6,Bike,Monday,No,08:03,08:00,3,On_Time
E0013,F,27,PJOP_SURABAYA,1.2,Walking,Wednesday,No,07:53,08:00,-6,On_Time
E0102,M,42,HR_TEAM,22.0,Private_Vehicle,Monday,No,07:54,08:00,-5,On_Time
E0085,F,54,ADMIN,15.6,Private_Vehicle,Monday,No,08:05,08:00,5,On_Time
E0151,F,52,RND_CENTER,26.2,Public_Transport,Wednesday,No,08:12,08:00,12,Late
E0042,M,51,ADMIN,26.7,Public_Transport,Tuesday,No,08:00,08:00,0,On_Time
E0056,M,32,RND_CENTER,16.0,Walking,Thursday,No,08:03,08:00,3,On_Time
E0034,F,40,PJOP_SURABAYA,19.1,Bike,Monday,No,08:17,08:00,17,Late
E0183,F,37,ICT_PROJECT,29.9,Public_Transport,Tuesday,No,08:02,08:00,2,On_Time
E0146,F,28,ADMIN,5.1,Walking,Friday,No,08:26,08:00,26,Late
E0023,F,28,HR_TEAM,10.1,Walking,Tuesday,No,08:05,08:00,5,On_Time
E0018,F,45,PJOP_SURABAYA,3.6,Private_Vehicle,Thursday,No,07:42,08:00,-17,On_Time
E0067,F,38,HR_TEAM,19.9,Private_Vehicle,Monday,No,08:07,08:00,7,Late
E0146,F,24,PJOP_SURABAYA,25.9,Bike,Thursday,No,08:03,08:00,3,On_Time
E0159,M,50,PJOP_SURABAYA,15.9,Walking,Wednesday,No,08:12,08:00,12,Late
E0022,F,54,HR_TEAM,8.6,Public_Transport,Friday,No,08:06,08:00,6,Late
E0165,M,37,RND_CENTER,1.2,Public_Transport,Wednesday,No,07:58,08:00,-1,On_Time
E0097,M,47,ADMIN,7.5,Bike,Monday,No,07:47,08:00,-12,On_Time
E0090,F,51,RND_CENTER,27.1,Bike,Monday,No,07:57,08:00,-2,On_Time
E0022,M,28,HR_TEAM,23.3,Private_Vehicle,Thursday,No,07:51,08:00,-8,On_Time
E0085,M,42,PJOP_SURABAYA,29.9,Bike,Tuesday,No,07:54,08:00,-5,On_Time
E0180,F,29,PJOP_SURABAYA,14.2,Private_Vehicle,Thursday,No,08:05,08:00,5,On_Time
E0038,M,42,RND_CENTER,1.9,Bike,Monday,No,08:16,08:00,16,Late
E0093,F,52,ICT_PROJECT,2.6,Public_Transport,Thursday,No,08:03,08:00,3,On_Time
E0070,F,33,ADMIN,5.1,Walking,Thursday,No,07:48,08:00,-11,On_Time
E0021,F,50,HR_TEAM,16.2,Walking,Tuesday,No,08:04,08:00,4,On_Time
E0014,M,49,PJOP_SURABAYA,28.9,Walking,Tuesday,No,08:11,08:00,11,Late
E0051,F,48,HR_TEAM,14.8,Private_Vehicle,Thursday,No,07:53,08:00,-6,On_Time
E0091,F,22,RND_CENTER,23.7,Private_Vehicle,Monday,No,07:58,08:00,-1,On_Time
E0186,M,42,PJOP_SURABAYA,1.4,Bike,Tuesday,No,08:00,08:00,0,On_Time
E0128,F,29,HR_TEAM,8.6,Public_Transport,Thursday,No,07:52,08:00,-7,On_Time
E0033,F,28,ADMIN,7.3,Private_Vehicle,Thursday,No,08:06,08:00,6,Late
E0179,M,46,ICT_PROJECT,11.1,Private_Vehicle,Friday,No,07:58,08:00,-1,On_Time
E0004,F,45,ADMIN,9.8,Walking,Friday,No,08:04,08:00,4,On_Time
E0032,F,51,HR_TEAM,12.9,Walking,Friday,No,07:51,08:00,-8,On_Time
E0110,F,29,ICT_PROJECT,14.3,Walking,Tuesday,No,07:55,08:00,-4,On_Time
E0142,M,49,HR_TEAM,9.3,Bike,Wednesday,No,08:07,08:00,7,Late
E0180,M,27,ADMIN,3.6,Public_Transport,Friday,No,07:56,08:00,-3,On_Time
E0106,M,53,RND_CENTER,27.9,Public_Transport,Thursday,No,08:17,08:00,17,Late
E0129,M,40,HR_TEAM,7.1,Bike,Friday,No,07:56,08:00,-3,On_Time
E0098,M,34,HR_TEAM,28.6,Walking,Thursday,No,08:02,08:00,2,On_Time
E0106,F,22,PJOP_SURABAYA,23.7,Walking,Wednesday,No,08:09,08:00,9,Late
E0169,F,41,HR_TEAM,20.5,Public_Transport,Thursday,No,07:45,08:00,-14,On_Time
E0009,M,23,ICT_PROJECT,23.9,Walking,Wednesday,No,07:42,08:00,-17,On_Time
E0044,F,37,RND_CENTER,29.2,Private_Vehicle,Friday,No,07:44,08:00,-15,On_Time
E0165,F,25,RND_CENTER,13.4,Bike,Tuesday,No,08:12,08:00,12,Late
E0104,F,55,ICT_PROJECT,13.7,Public_Transport,Tuesday,No,07:54,08:00,-5,On_Time
E0130,M,47,PJOP_SURABAYA,25.3,Private_Vehicle,Wednesday,No,08:25,08:00,25,Late
E0053,M,27,ADMIN,13.7,Private_Vehicle,Monday,No,07:54,08:00,-5,On_Time
E0159,M,46,ADMIN,22.5,Private_Vehicle,Thursday,No,08:01,08:00,1,On_Time
E0163,F,33,ICT_PROJECT,19.9,Private_Vehicle,Wednesday,No,08:15,08:00,15,Late
E0050,M,46,PJOP_SURABAYA,20.1,Walking,Monday,No,08:20,08:00,20,Late
E0037,M,28,ADMIN,14.3,Public_Transport,Monday,No,08:20,08:00,20,Late
E0037,F,38,ICT_PROJECT,3.7,Bike,Wednesday,No,08:12,08:00,12,Late
E0054,F,28,HR_TEAM,24.1,Bike,Monday,No,08:10,08:00,10,Late
E0125,M,35,HR_TEAM,11.9,Walking,Thursday,No,08:05,08:00,5,On_Time
E0042,M,41,ADMIN,27.2,Public_Transport,Monday,No,08:07,08:00,7,Late
E0088,F,52,RND_CENTER,18.4,Public_Transport,Tuesday,No,07:54,08:00,-5,On_Time
E0134,F,29,ICT_PROJECT,18.6,Public_Transport,Friday,No,07:51,08:00,-8,On_Time
E0132,M,35,PJOP_SURABAYA,4.3,Private_Vehicle,Monday,No,07:59,08:00,0,On_Time
E0084,M,36,ADMIN,22.1,Private_Vehicle,Wednesday,No,07:58,08:00,-1,On_Time
E0071,F,34,ADMIN,11.1,Walking,Thursday,No,07:55,08:00,-4,On_Time
E0191,F,49,RND_CENTER,28.4,Private_Vehicle,Wednesday,No,08:06,08:00,6,Late
E0045,M,39,HR_TEAM,4.0,Walking,Tuesday,No,08:09,08:00,9,Late
E0053,F,49,HR_TEAM,13.3,Walking,Wednesday,No,08:00,08:00,0,On_Time
E0160,M,46,HR_TEAM,6.8,Walking,Wednesday,No,08:14,08:00,14,Late
E0162,M,50,ICT_PROJECT,26.8,Walking,Friday,No,07:48,08:00,-11,On_Time
E0105,F,55,PJOP_SURABAYA,12.6,Public_Transport,Tuesday,No,07:58,08:00,-1,On_Time
E0083,F,33,PJOP_SURABAYA,8.1,Private_Vehicle,Wednesday,No,07:52,08:00,-7,On_Time
E0096,M,42,ADMIN,1.3,Public_Transport,Wednesday,No,07:41,08:00,-18,On_Time
E0055,F,42,ICT_PROJECT,17.3,Bike,Wednesday,No,07:59,08:00,0,On_Time
E0155,M,55,ICT_PROJECT,4.0,Walking,Friday,No,07:58,08:00,-1,On_Time
E0172,M,48,HR_TEAM,10.2,Walking,Tuesday,No,08:15,08:00,15,Late
E0051,M,53,HR_TEAM,2.4,Walking,Thursday,No,08:06,08:00,6,Late
E0031,M,50,ICT_PROJECT,18.4,Bike,Tuesday,No,07:49,08:00,-10,On_Time
E0148,M,40,ADMIN,19.7,Public_Transport,Thursday,No,08:18,08:00,18,Late
E0073,M,47,ADMIN,27.0,Public_Transport,Wednesday,No,08:12,08:00,12,Late
E0166,M,26,HR_TEAM,3.8,Bike,Wednesday,No,08:05,08:00,5,On_Time
E0071,F,44,HR_TEAM,3.3,Walking,Thursday,No,07:57,08:00,-2,On_Time
E0157,M,47,PJOP_SURABAYA,21.2,Bike,Thursday,No,07:50,08:00,-9,On_Time
E0165,M,45,RND_CENTER,4.0,Private_Vehicle,Monday,No,07:56,08:00,-3,On_Time
E0003,M,28,PJOP_SURABAYA,26.0,Bike,Tuesday,No,08:10,08:00,10,Late
E0044,M,34,PJOP_SURABAYA,24.7,Public_Transport,Monday,No,08:18,08:00,18,Late
E0067,M,29,ADMIN,28.5,Public_Transport,Wednesday,No,08:15,08:00,15,Late
E0085,F,39,ICT_PROJECT,27.8,Bike,Monday,No,07:55,08:00,-4,On_Time
E0033,F,31,RND_CENTER,26.7,Bike,Thursday,No,07:48,08:00,-11,On_Time
E0172,M,55,RND_CENTER,8.0,Bike,Thursday,No,08:01,08:00,1,On_Time
E0072,F,52,ICT_PROJECT,3.7,Walking,Monday,No,07:42,08:00,-17,On_Time
E0091,M,35,ADMIN,3.2,Bike,Monday,No,08:03,08:00,3,On_Time
E0055,M,35,HR_TEAM,24.7,Private_Vehicle,Thursday,No,07:58,08:00,-1,On_Time
E0027,F,35,RND_CENTER,23.1,Walking,Wednesday,No,07:55,08:00,-4,On_Time
E0182,F,31,RND_CENTER,4.1,Private_Vehicle,Tuesday,No,07:44,08:00,-15,On_Time
E0094,F,50,RND_CENTER,15.9,Bike,Tuesday,No,08:05,08:00,5,On_Time
E0018,F,49,ICT_PROJECT,20.9,Public_Transport,Tuesday,No,07:54,08:00,-5,On_Time
E0119,M,29,ICT_PROJECT,1.5,Bike,Tuesday,No,07:48,08:00,-11,On_Time
E0069,M,52,RND_CENTER,14.1,Walking,Monday,No,07:31,08:00,-28,On_Time
E0141,M,44,HR_TEAM,7.1,Bike,Friday,No,07:59,08:00,0,On_Time
E0111,F,25,HR_TEAM,8.9,Public_Transport,Monday,No,08:17,08:00,17,Late
E0167,F,49,ICT_PROJECT,9.5,Bike,Tuesday,No,08:16,08:00,16,Late
E0153,F,55,RND_CENTER,15.3,Bike,Monday,No,07:55,08:00,-4,On_Time
E0175,M,37,ADMIN,7.4,Public_Transport,Monday,No,07:53,08:00,-6,On_Time
E0148,F,37,ADMIN,16.4,Walking,Tuesday,No,08:04,08:00,4,On_Time
E0159,F,47,HR_TEAM,3.9,Walking,Thursday,No,07:50,08:00,-9,On_Time
E0053,M,35,PJOP_SURABAYA,19.5,Walking,Monday,No,08:03,08:00,3,On_Time
E0025,M,54,RND_CENTER,14.8,Walking,Tuesday,No,08:07,08:00,7,Late
E0044,F,26,ICT_PROJECT,6.4,Bike,Tuesday,No,08:12,08:00,12,Late
E0004,F,49,PJOP_SURABAYA,1.6,Walking,Monday,No,07:58,08:00,-1,On_Time
E0044,M,44,HR_TEAM,17.9,Bike,Tuesday,No,07:57,08:00,-2,On_Time
E0121,M,24,ADMIN,17.5,Walking,Tuesday,No,07:51,08:00,-8,On_Time
E0135,M,31,ADMIN,3.9,Walking,Thursday,No,07:51,08:00,-8,On_Time
E0126,F,38,HR_TEAM,8.4,Bike,Monday,No,07:57,08:00,-2,On_Time
E0091,F,43,RND_CENTER,23.5,Bike,Monday,No,08:03,08:00,3,On_Time
E0070,M,31,HR_TEAM,25.8,Private_Vehicle,Wednesday,No,08:09,08:00,9,Late
E0128,M,37,RND_CENTER,22.5,Bike,Wednesday,No,07:51,08:00,-8,On_Time
E0053,M,34,HR_TEAM,19.5,Walking,Friday,No,08:14,08:00,14,Late
E0116,M,38,PJOP_SURABAYA,26.8,Bike,Friday,No,07:57,08:00,-2,On_Time
E0107,F,41,ICT_PROJECT,2.2,Walking,Friday,No,07:59,08:00,0,On_Time
E0032,F,51,RND_CENTER,29.1,Walking,Wednesday,No,07:52,08:00,-7,On_Time
E0029,M,53,ICT_PROJECT,14.5,Private_Vehicle,Friday,No,07:35,08:00,-24,On_Time
E0075,M,41,HR_TEAM,9.4,Walking,Monday,No,08:08,08:00,8,Late
E0117,M,35,PJOP_SURABAYA,24.9,Public_Transport,Monday,No,08:07,08:00,7,Late
E0126,F,22,HR_TEAM,11.2,Public_Transport,Monday,No,07:57,08:00,-2,On_Time
E0065,M,44,PJOP_SURABAYA,23.8,Private_Vehicle,Monday,No,08:00,08:00,0,On_Time
E0183,F,31,ICT_PROJECT,13.5,Public_Transport,Wednesday,No,08:05,08:00,5,On_Time
E0057,M,52,PJOP_SURABAYA,8.2,Bike,Thursday,No,07:44,08:00,-15,On_Time
E0103,M,38,PJOP_SURABAYA,18.3,Private_Vehicle,Friday,No,07:54,08:00,-5,On_Time
E0112,F,30,ICT_PROJECT,8.3,Bike,Friday,No,08:07,08:00,7,Late
E0052,F,41,ADMIN,9.6,Bike,Friday,No,07:47,08:00,-12,On_Time
E0047,F,49,ADMIN,5.0,Bike,Wednesday,No,08:02,08:00,2,On_Time
E0129,F,51,PJOP_SURABAYA,13.4,Bike,Thursday,No,07:46,08:00,-13,On_Time
E0119,M,23,HR_TEAM,3.6,Private_Vehicle,Friday,No,08:04,08:00,4,On_Time
E0078,M,54,PJOP_SURABAYA,4.7,Walking,Monday,No,07:59,08:00,0,On_Time
E0194,F,30,HR_TEAM,20.4,Bike,Friday,No,07:43,08:00,-16,On_Time
E0118,M,27,ADMIN,8.8,Public_Transport,Wednesday,No,08:11,08:00,11,Late
E0153,M,40,RND_CENTER,15.0,Walking,Monday,No,07:52,08:00,-7,On_Time
E0032,M,35,RND_CENTER,5.2,Bike,Tuesday,No,07:51,08:00,-8,On_Time
E0058,M,41,PJOP_SURABAYA,21.9,Public_Transport,Thursday,No,08:02,08:00,2,On_Time
E0160,M,29,ADMIN,1.0,Public_Transport,Friday,No,08:11,08:00,11,Late
E0025,M,35,ADMIN,14.7,Bike,Thursday,No,07:49,08:00,-10,On_Time
E0015,M,41,HR_TEAM,15.0,Private_Vehicle,Tuesday,No,08:00,08:00,0,On_Time
E0140,F,50,RND_CENTER,4.6,Private_Vehicle,Monday,No,08:04,08:00,4,On_Time
E0048,M,37,ICT_PROJECT,15.8,Private_Vehicle,Thursday,No,08:06,08:00,6,Late
E0123,F,40,ADMIN,28.8,Bike,Wednesday,No,08:01,08:00,1,On_Time
E0171,F,47,HR_TEAM,21.2,Public_Transport,Thursday,No,07:56,08:00,-3,On_Time
E0107,F,31,ADMIN,9.2,Public_Transport,Friday,No,07:51,08:00,-8,On_Time
E0100,M,41,ADMIN,19.7,Bike,Monday,No,08:00,08:00,0,On_Time
E0091,M,51,HR_TEAM,9.0,Private_Vehicle,Wednesday,No,07:49,08:00,-10,On_Time
E0129,M,44,RND_CENTER,12.3,Public_Transport,Tuesday,No,07:30,08:00,-29,On_Time
E0168,M,44,RND_CENTER,10.8,Private_Vehicle,Wednesday,No,08:04,08:00,4,On_Time
E0196,F,47,ADMIN,27.6,Bike,Thursday,No,08:09,08:00,9,Late
E0121,M,54,RND_CENTER,8.5,Walking,Friday,No,07:36,08:00,-23,On_Time
E0149,F,47,ADMIN,2.3,Private_Vehicle,Tuesday,No,07:49,08:00,-10,On_Time
E0025,M,53,HR_TEAM,10.4,Private_Vehicle,Tuesday,No,08:06,08:00,6,Late
E0027,M,46,HR_TEAM,27.7,Public_Transport,Friday,No,08:20,08:00,20,Late
E0065,M,24,ADMIN,13.8,Walking,Friday,No,08:00,08:00,0,On_Time
E0162,M,33,PJOP_SURABAYA,4.1,Bike,Thursday,No,07:52,08:00,-7,On_Time
E0035,M,34,PJOP_SURABAYA,15.2,Walking,Tuesday,No,07:58,08:00,-1,On_Time
E0052,M,49,RND_CENTER,24.5,Private_Vehicle,Monday,No,08:13,08:00,13,Late
E0150,M,28,ICT_PROJECT,2.0,Private_Vehicle,Monday,No,07:53,08:00,-6,On_Time
E0093,F,26,PJOP_SURABAYA,6.4,Bike,Tuesday,No,07:52,08:00,-7,On_Time
E0054,F,54,PJOP_SURABAYA,11.3,Private_Vehicle,Monday,No,07:55,08:00,-4,On_Time
E0113,F,46,ADMIN,17.5,Private_Vehicle,Friday,No,07:50,08:00,-9,On_Time
E0077,M,29,HR_TEAM,7.7,Walking,Monday,No,08:01,08:00,1,On_Time
E0058,F,38,HR_TEAM,21.4,Public_Transport,Tuesday,No,08:16,08:00,16,Late
E0074,M,37,RND_CENTER,28.0,Walking,Thursday,No,08:03,08:00,3,On_Time
E0159,M,29,RND_CENTER,14.7,Walking,Monday,No,07:57,08:00,-2,On_Time
E0009,F,48,PJOP_SURABAYA,6.8,Public_Transport,Tuesday,No,07:57,08:00,-2,On_Time
E0053,F,25,ICT_PROJECT,15.3,Public_Transport,Wednesday,No,07:44,08:00,-15,On_Time
E0019,F,27,RND_CENTER,14.9,Private_Vehicle,Wednesday,No,08:08,08:00,8,Late
E0186,M,28,ADMIN,15.4,Private_Vehicle,Wednesday,No,07:59,08:00,0,On_Time
E0111,F,41,ICT_PROJECT,1.6,Public_Transport,Monday,No,07:58,08:00,-1,On_Time
E0199,M,46,ADMIN,17.0,Public_Transport,Thursday,No,08:31,08:00,31,Late
E0197,F,30,HR_TEAM,21.3,Private_Vehicle,Monday,No,08:02,08:00,2,On_Time
E0113,M,45,PJOP_SURABAYA,6.6,Bike,Monday,No,07:52,08:00,-7,On_Time
E0061,M,27,RND_CENTER,1.3,Bike,Friday,No,07:55,08:00,-4,On_Time
E0146,M,22,ICT_PROJECT,24.6,Public_Transport,Monday,No,08:11,08:00,11,Late
E0033,F,33,PJOP_SURABAYA,2.3,Walking,Friday,No,08:01,08:00,1,On_Time
E0168,M,40,ICT_PROJECT,18.6,Bike,Monday,No,07:45,08:00,-14,On_Time
E0169,M,26,PJOP_SURABAYA,28.2,Private_Vehicle,Thursday,No,08:09,08:00,9,Late
E0181,F,36,HR_TEAM,21.7,Walking,Friday,No,07:53,08:00,-6,On_Time
E0075,M,55,PJOP_SURABAYA,10.2,Public_Transport,Monday,No,08:18,08:00,18,Late
E0089,F,53,PJOP_SURABAYA,3.3,Private_Vehicle,Friday,No,08:10,08:00,10,Late
E0060,F,35,ADMIN,11.8,Private_Vehicle,Monday,No,07:55,08:00,-4,On_Time
E0061,F,51,ADMIN,1.6,Public_Transport,Wednesday,No,08:12,08:00,12,Late
E0072,F,41,ADMIN,2.7,Bike,Thursday,No,08:00,08:00,0,On_Time
E0005,F,46,HR_TEAM,2.3,Private_Vehicle,Thursday,No,08:08,08:00,8,Late
E0048,F,25,PJOP_SURABAYA,1.9,Walking,Monday,No,08:04,08:00,4,On_Time
E0156,F,38,RND_CENTER,7.3,Public_Transport,Wednesday,No,07:51,08:00,-8,On_Time
E0186,F,49,ADMIN,24.4,Bike,Wednesday,No,07:53,08:00,-6,On_Time
E0137,F,49,RND_CENTER,21.9,Walking,Tuesday,No,08:10,08:00,10,Late
E0098,F,37,ICT_PROJECT,27.3,Walking,Wednesday,No,07:56,08:00,-3,On_Time
E0022,M,40,PJOP_SURABAYA,17.6,Public_Transport,Friday,No,07:55,08:00,-4,On_Time
E0071,F,39,PJOP_SURABAYA,23.7,Public_Transport,Monday,No,07:50,08:00,-9,On_Time
E0079,F,38,ICT_PROJECT,13.9,Public_Transport,Thursday,No,08:04,08:00,4,On_Time
E0003,F,24,PJOP_SURABAYA,14.9,Private_Vehicle,Thursday,No,08:20,08:00,20,Late
E0015,M,39,RND_CENTER,17.0,Public_Transport,Thursday,No,07:49,08:00,-10,On_Time
E0047,F,39,PJOP_SURABAYA,26.2,Private_Vehicle,Tuesday,No,08:00,08:00,0,On_Time
E0162,M,31,RND_CENTER,20.0,Private_Vehicle,Monday,No,08:14,08:00,14,Late
E0168,M,33,RND_CENTER,26.0,Walking,Monday,No,07:59,08:00,0,On_Time
E0142,M,25,PJOP_SURABAYA,29.3,Public_Transport,Wednesday,No,08:04,08:00,4,On_Time
E0139,M,37,PJOP_SURABAYA,4.2,Bike,Monday,No,07:49,08:00,-10,On_Time
E0131,M,37,ICT_PROJECT,10.4,Walking,Thursday,No,08:04,08:00,4,On_Time
E0019,F,40,ICT_PROJECT,1.7,Walking,Wednesday,No,07:58,08:00,-1,On_Time
E0105,F,52,PJOP_SURABAYA,19.0,Private_Vehicle,Wednesday,No,08:09,08:00,9,Late
E0012,F,31,RND_CENTER,1.7,Private_Vehicle,Wednesday,No,08:11,08:00,11,Late
E0131,F,35,HR_TEAM,25.1,Public_Transport,Tuesday,No,08:25,08:00,25,Late
E0098,M,26,ICT_PROJECT,17.4,Bike,Friday,No,08:05,08:00,5,On_Time
E0188,M,55,ADMIN,18.6,Bike,Wednesday,No,08:03,08:00,3,On_Time
E0069,M,40,ICT_PROJECT,10.5,Walking,Tuesday,No,08:01,08:00,1,On_Time
E0117,F,29,ICT_PROJECT,13.9,Bike,Wednesday,No,07:56,08:00,-3,On_Time
E0021,F,54,ADMIN,27.5,Bike,Friday,No,08:03,08:00,3,On_Time
E0059,F,48,ICT_PROJECT,17.5,Private_Vehicle,Friday,No,07:57,08:00,-2,On_Time
E0063,F,30,RND_CENTER,8.5,Walking,Wednesday,No,08:01,08:00,1,On_Time
E0081,M,27,HR_TEAM,13.2,Private_Vehicle,Friday,No,08:13,08:00,13,Late
E0127,M,33,HR_TEAM,1.4,Public_Transport,Thursday,No,07:49,08:00,-10,On_Time
E0068,F,28,ICT_PROJECT,26.2,Bike,Monday,No,08:11,08:00,11,Late
E0177,M,26,ICT_PROJECT,15.9,Bike,Thursday,No,08:13,08:00,13,Late
E0091,M,47,RND_CENTER,8.0,Walking,Monday,No,07:58,08:00,-1,On_Time
E0087,F,28,ADMIN,3.1,Walking,Thursday,No,07:38,08:00,-21,On_Time
E0105,F,49,PJOP_SURABAYA,23.0,Private_Vehicle,Tuesday,No,07:53,08:00,-6,On_Time
E0186,M,31,ADMIN,18.2,Walking,Thursday,No,08:12,08:00,12,Late
E0098,F,50,ICT_PROJECT,15.8,Walking,Monday,No,07:59,08:00,0,On_Time
E0060,F,53,PJOP_SURABAYA,2.4,Bike,Wednesday,No,07:50,08:00,-9,On_Time
E0083,F,42,ICT_PROJECT,28.7,Public_Transport,Tuesday,No,07:54,08:00,-5,On_Time
E0111,F,42,ADMIN,11.1,Private_Vehicle,Monday,No,08:08,08:00,8,Late
E0074,F,53,HR_TEAM,7.5,Private_Vehicle,Wednesday,No,08:05,08:00,5,On_Time
E0067,M,36,PJOP_SURABAYA,5.1,Private_Vehicle,Friday,No,07:57,08:00,-2,On_Time
E0131,M,23,RND_CENTER,27.2,Private_Vehicle,Monday,No,07:56,08:00,-3,On_Time
E0126,M,45,ICT_PROJECT,9.2,Bike,Thursday,No,07:56,08:00,-3,On_Time
E0134,M,51,PJOP_SURABAYA,27.6,Public_Transport,Thursday,No,07:50,08:00,-9,On_Time
E0111,F,38,ADMIN,26.1,Walking,Monday,No,08:16,08:00,16,Late
E0091,M,36,ADMIN,10.5,Walking,Wednesday,No,07:56,08:00,-3,On_Time
E0117,M,42,ADMIN,13.6,Walking,Tuesday,No,08:12,08:00,12,Late
E0143,M,22,ICT_PROJECT,5.0,Bike,Tuesday,No,08:15,08:00,15,Late
E0173,M,38,HR_TEAM,5.4,Private_Vehicle,Thursday,No,08:09,08:00,9,Late
E0073,M,34,ADMIN,28.6,Private_Vehicle,Monday,No,07:55,08:00,-4,On_Time
E0112,M,53,RND_CENTER,18.7,Private_Vehicle,Monday,No,08:04,08:00,4,On_Time
E0108,F,46,RND_CENTER,7.8,Walking,Thursday,No,07:59,08:00,0,On_Time
E0136,M,41,ICT_PROJECT,26.4,Bike,Thursday,No,07:50,08:00,-9,On_Time
E0162,F,44,RND_CENTER,14.9,Public_Transport,Tuesday,No,08:03,08:00,3,On_Time
E0029,F,48,HR_TEAM,10.4,Bike,Monday,No,07:48,08:00,-11,On_Time
E0046,F,42,ADMIN,11.1,Bike,Tuesday,No,08:11,08:00,11,Late
E0199,F,53,RND_CENTER,12.9,Private_Vehicle,Monday,No,07:55,08:00,-4,On_Time
E0075,F,54,ICT_PROJECT,26.8,Bike,Monday,No,08:02,08:00,2,On_Time
E0144,F,38,PJOP_SURABAYA,12.9,Bike,Thursday,No,08:02,08:00,2,On_Time
E0103,F,25,PJOP_SURABAYA,15.1,Private_Vehicle,Wednesday,No,07:57,08:00,-2,On_Time
E0163,M,41,HR_TEAM,12.9,Private_Vehicle,Friday,No,08:05,08:00,5,On_Time
E0053,M,43,ICT_PROJECT,18.5,Public_Transport,Monday,No,07:55,08:00,-4,On_Time
E0098,M,43,PJOP_SURABAYA,23.2,Public_Transport,Monday,No,08:08,08:00,8,Late
E0133,M,45,RND_CENTER,6.8,Private_Vehicle,Friday,No,07:46,08:00,-13,On_Time
E0102,M,40,ICT_PROJECT,27.4,Walking,Thursday,No,08:01,08:00,1,On_Time
E0056,M,22,ADMIN,25.5,Public_Transport,Friday,No,08:19,08:00,19,Late
E0102,F,24,ICT_PROJECT,9.2,Public_Transport,Tuesday,No,07:49,08:00,-10,On_Time
E0162,M,24,PJOP_SURABAYA,22.7,Bike,Thursday,No,07:53,08:00,-6,On_Time
E0034,F,27,ADMIN,3.1,Bike,Monday,No,08:05,08:00,5,On_Time
E0004,M,28,RND_CENTER,24.0,Private_Vehicle,Friday,No,08:01,08:00,1,On_Time
E0080,F,49,RND_CENTER,22.6,Walking,Wednesday,No,08:03,08:00,3,On_Time
E0118,M,28,PJOP_SURABAYA,29.1,Bike,Thursday,No,08:04,08:00,4,On_Time
E0075,F,27,ICT_PROJECT,29.0,Walking,Thursday,No,08:06,08:00,6,Late
E0073,M,46,ADMIN,29.8,Bike,Wednesday,No,08:11,08:00,11,Late
E0196,M,50,ICT_PROJECT,17.8,Public_Transport,Thursday,No,08:04,08:00,4,On_Time
E0198,M,50,PJOP_SURABAYA,14.8,Public_Transport,Wednesday,No,07:57,08:00,-2,On_Time
E0086,M,27,ADMIN,17.3,Private_Vehicle,Thursday,No,08:06,08:00,6,Late
E0152,M,27,ICT_PROJECT,12.7,Bike,Friday,No,08:18,08:00,18,Late
E0186,M,25,HR_TEAM,8.3,Walking,Wednesday,No,07:58,08:00,-1,On_Time
E0039,M,42,RND_CENTER,18.4,Public_Transport,Wednesday,No,07:50,08:00,-9,On_Time
E0177,M,53,RND_CENTER,15.5,Private_Vehicle,Wednesday,No,08:11,08:00,11,Late
E0119,F,54,RND_CENTER,25.9,Public_Transport,Monday,No,07:58,08:00,-1,On_Time
E0109,M,46,ICT_PROJECT,22.9,Private_Vehicle,Friday,No,07:38,08:00,-21,On_Time
E0192,M,32,ICT_PROJECT,13.7,Public_Transport,Monday,No,08:08,08:00,8,Late
E0109,F,32,RND_CENTER,15.1,Bike,Thursday,No,07:54,08:00,-5,On_Time
E0003,F,29,HR_TEAM,29.9,Walking,Friday,No,07:59,08:00,0,On_Time
E0083,F,32,ICT_PROJECT,9.4,Private_Vehicle,Friday,No,08:03,08:00,3,On_Time
E0183,F,55,RND_CENTER,8.3,Bike,Tuesday,No,08:01,08:00,1,On_Time
E0085,M,32,RND_CENTER,21.7,Bike,Monday,No,08:07,08:00,7,Late
E0082,F,33,ICT_PROJECT,14.6,Public_Transport,Wednesday,No,07:55,08:00,-4,On_Time
E0180,M,34,ADMIN,16.6,Walking,Monday,No,08:05,08:00,5,On_Time
E0016,F,32,ADMIN,11.2,Private_Vehicle,Wednesday,No,07:57,08:00,-2,On_Time
E0161,M,34,PJOP_SURABAYA,9.2,Bike,Friday,No,08:07,08:00,7,Late
E0187,F,45,RND_CENTER,23.2,Walking,Friday,No,08:06,08:00,6,Late
E0139,M,26,RND_CENTER,5.4,Private_Vehicle,Wednesday,No,07:50,08:00,-9,On_Time
E0046,F,28,ICT_PROJECT,24.1,Bike,Wednesday,No,08:10,08:00,10,Late
E0148,F,52,ICT_PROJECT,5.9,Private_Vehicle,Tuesday,No,07:54,08:00,-5,On_Time
E0024,M,31,ICT_PROJECT,14.8,Public_Transport,Wednesday,No,08:08,08:00,8,Late
E0020,M,30,RND_CENTER,24.4,Bike,Thursday,No,08:03,08:00,3,On_Time
E0084,F,54,ADMIN,8.0,Bike,Thursday,No,08:18,08:00,18,Late
E0199,F,52,PJOP_SURABAYA,10.0,Walking,Friday,No,07:57,08:00,-2,On_Time
E0021,M,32,PJOP_SURABAYA,21.6,Bike,Friday,No,07:56,08:00,-3,On_Time
E0114,F,38,ADMIN,17.2,Bike,Wednesday,No,07:59,08:00,0,On_Time
E0046,M,45,HR_TEAM,23.4,Walking,Thursday,No,07:56,08:00,-3,On_Time
E0055,M,46,PJOP_SURABAYA,6.2,Public_Transport,Tuesday,No,08:07,08:00,7,Late
E0114,F,55,ICT_PROJECT,1.2,Walking,Wednesday,No,07:43,08:00,-16,On_Time
E0025,F,38,RND_CENTER,27.7,Walking,Monday,No,07:49,08:00,-10,On_Time
E0166,F,52,HR_TEAM,2.3,Walking,Wednesday,No,07:49,08:00,-10,On_Time
E0161,M,23,HR_TEAM,29.9,Bike,Thursday,No,08:09,08:00,9,Late
E0045,F,28,ADMIN,11.7,Private_Vehicle,Tuesday,No,08:17,08:00,17,Late
E0034,M,48,ADMIN,2.6,Public_Transport,Wednesday,No,07:58,08:00,-1,On_Time
E0025,F,34,RND_CENTER,22.4,Walking,Wednesday,No,07:58,08:00,-1,On_Time
E0182,M,45,RND_CENTER,1.4,Bike,Thursday,No,08:00,08:00,0,On_Time
E0171,M,26,ICT_PROJECT,24.9,Private_Vehicle,Wednesday,No,08:11,08:00,11,Late
E0022,M,50,ADMIN,9.0,Private_Vehicle,Friday,No,07:50,08:00,-9,On_Time
E0105,M,22,PJOP_SURABAYA,8.9,Walking,Monday,No,08:02,08:00,2,On_Time
E0088,F,27,RND_CENTER,28.0,Public_Transport,Monday,No,08:09,08:00,9,Late
E0024,M,27,ICT_PROJECT,10.2,Public_Transport,Tuesday,No,08:05,08:00,5,On_Time
E0003,M,45,HR_TEAM,3.4,Private_Vehicle,Wednesday,No,08:01,08:00,1,On_Time
E0175,M,30,PJOP_SURABAYA,2.5,Walking,Tuesday,No,08:10,08:00,10,Late
E0072,M,42,HR_TEAM,7.6,Private_Vehicle,Wednesday,No,07:32,08:00,-27,On_Time
E0052,M,40,PJOP_SURABAYA,21.2,Walking,Monday,No,08:06,08:00,6,Late
E0126,F,45,PJOP_SURABAYA,23.4,Bike,Tuesday,No,07:53,08:00,-6,On_Time
E0010,F,31,RND_CENTER,17.5,Bike,Wednesday,No,07:41,08:00,-18,On_Time
E0166,F,35,PJOP_SURABAYA,21.3,Walking,Monday,No,08:05,08:00,5,On_Time
E0132,M,38,ICT_PROJECT,14.6,Public_Transport,Monday,No,08:13,08:00,13,Late
E0133,M,52,ICT_PROJECT,14.6,Walking,Wednesday,No,07:58,08:00,-1,On_Time
E0145,F,24,PJOP_SURABAYA,21.3,Walking,Monday,No,08:09,08:00,9,Late
E0041,F,52,PJOP_SURABAYA,10.8,Public_Transport,Tuesday,No,08:16,08:00,16,Late
E0092,F,32,HR_TEAM,16.9,Public_Transport,Thursday,No,08:13,08:00,13,Late
E0158,F,49,HR_TEAM,14.7,Private_Vehicle,Wednesday,No,08:16,08:00,16,Late
E0186,F,43,HR_TEAM,20.7,Walking,Monday,No,08:07,08:00,7,Late
E0060,M,48,HR_TEAM,23.4,Bike,Friday,No,08:00,08:00,0,On_Time
E0008,M,54,ICT_PROJECT,27.7,Private_Vehicle,Friday,No,07:43,08:00,-16,On_Time
E0193,M,30,PJOP_SURABAYA,23.9,Public_Transport,Monday,No,07:57,08:00,-2,On_Time
E0080,M,44,HR_TEAM,12.5,Bike,Monday,No,07:51,08:00,-8,On_Time
E0169,M,34,ICT_PROJECT,9.7,Public_Transport,Tuesday,No,08:21,08:00,21,Late
E0061,M,49,ADMIN,22.0,Private_Vehicle,Friday,No,07:58,08:00,-1,On_Time
E0199,F,22,HR_TEAM,5.6,Public_Transport,Thursday,No,08:01,08:00,1,On_Time
E0141,F,35,HR_TEAM,20.4,Bike,Tuesday,No,08:05,08:00,5,On_Time
E0196,M,46,ICT_PROJECT,10.2,Private_Vehicle,Thursday,No,08:00,08:00,0,On_Time
E0198,F,40,HR_TEAM,18.3,Public_Transport,Wednesday,No,08:16,08:00,16,Late
E0126,M,36,RND_CENTER,6.2,Private_Vehicle,Wednesday,No,07:53,08:00,-6,On_Time
E0093,F,54,ADMIN,18.7,Bike,Monday,No,08:01,08:00,1,On_Time
E0166,M,30,HR_TEAM,6.5,Private_Vehicle,Wednesday,No,07:52,08:00,-7,On_Time
E0112,M,43,HR_TEAM,20.0,Bike,Tuesday,No,07:46,08:00,-13,On_Time
E0073,F,46,HR_TEAM,2.0,Bike,Tuesday,No,07:53,08:00,-6,On_Time
E0042,F,55,ADMIN,14.5,Public_Transport,Wednesday,No,07:59,08:00,0,On_Time
E0176,M,47,ADMIN,5.7,Private_Vehicle,Friday,No,07:55,08:00,-4,On_Time
E0130,F,51,ADMIN,15.1,Bike,Thursday,No,07:53,08:00,-6,On_Time
E0198,M,41,HR_TEAM,8.5,Public_Transport,Friday,No,07:45,08:00,-14,On_Time
E0116,F,52,PJOP_SURABAYA,25.5,Walking,Monday,No,07:59,08:00,0,On_Time
E0046,F,46,ADMIN,5.4,Walking,Friday,No,07:44,08:00,-15,On_Time
E0067,M,54,RND_CENTER,22.1,Bike,Thursday,No,08:07,08:00,7,Late
E0013,F,40,ADMIN,4.5,Bike,Thursday,No,08:00,08:00,0,On_Time
E0094,M,45,PJOP_SURABAYA,13.3,Walking,Monday,No,07:45,08:00,-14,On_Time
E0139,F,33,PJOP_SURABAYA,11.3,Public_Transport,Thursday,No,07:56,08:00,-3,On_Time
E0084,F,24,RND_CENTER,4.2,Public_Transport,Friday,No,07:52,08:00,-7,On_Time
E0190,F,37,ICT_PROJECT,3.4,Public_Transport,Tuesday,No,08:03,08:00,3,On_Time
E0187,M,53,HR_TEAM,26.9,Walking,Thursday,No,08:13,08:00,13,Late
E0177,M,55,RND_CENTER,14.3,Public_Transport,Wednesday,No,07:41,08:00,-18,On_Time
E0096,M,31,RND_CENTER,29.3,Public_Transport,Thursday,No,08:01,08:00,1,On_Time
E0132,M,43,PJOP_SURABAYA,13.3,Public_Transport,Tuesday,No,07:58,08:00,-1,On_Time
E0192,F,27,HR_TEAM,29.0,Private_Vehicle,Friday,No,08:06,08:00,6,Late
E0067,F,54,RND_CENTER,25.8,Private_Vehicle,Monday,No,08:02,08:00,2,On_Time
E0096,F,35,HR_TEAM,9.0,Private_Vehicle,Wednesday,No,07:52,08:00,-7,On_Time
E0129,M,47,ICT_PROJECT,20.7,Walking,Monday,No,07:56,08:00,-3,On_Time
E0105,M,23,HR_TEAM,20.1,Walking,Wednesday,No,07:52,08:00,-7,On_Time
E0119,F,28,ICT_PROJECT,7.5,Walking,Tuesday,No,08:10,08:00,10,Late
E0017,F,51,RND_CENTER,13.2,Walking,Friday,No,08:00,08:00,0,On_Time
E0100,F,22,PJOP_SURABAYA,10.9,Walking,Thursday,No,08:19,08:00,19,Late
E0039,F,53,ICT_PROJECT,16.4,Private_Vehicle,Thursday,No,07:59,08:00,0,On_Time
E0066,F,24,RND_CENTER,29.1,Bike,Friday,No,07:52,08:00,-7,On_Time
E0089,M,35,RND_CENTER,11.7,Walking,Wednesday,No,07:44,08:00,-15,On_Time
E0116,F,23,ICT_PROJECT,19.1,Private_Vehicle,Friday,No,07:41,08:00,-18,On_Time
E0091,F,48,ADMIN,22.8,Walking,Friday,No,07:44,08:00,-15,On_Time
E0191,F,37,HR_TEAM,27.7,Private_Vehicle,Thursday,No,08:02,08:00,2,On_Time
E0156,M,28,HR_TEAM,7.3,Public_Transport,Friday,No,08:05,08:00,5,On_Time
E0075,M,32,HR_TEAM,17.0,Walking,Tuesday,No,07:44,08:00,-15,On_Time
E0108,F,42,PJOP_SURABAYA,19.3,Walking,Friday,No,08:08,08:00,8,Late
E0138,F,36,HR_TEAM,15.4,Bike,Wednesday,No,07:55,08:00,-4,On_Time
E0116,M,33,HR_TEAM,9.4,Walking,Thursday,No,08:01,08:00,1,On_Time
E0168,M,28,HR_TEAM,17.8,Bike,Thursday,No,08:16,08:00,16,Late
E0106,M,23,RND_CENTER,7.5,Public_Transport,Friday,No,08:08,08:00,8,Late
E0147,F,23,PJOP_SURABAYA,18.7,Private_Vehicle,Friday,No,07:57,08:00,-2,On_Time
E0161,F,27,PJOP_SURABAYA,1.7,Bike,Friday,No,07:51,08:00,-8,On_Time
E0131,M,32,HR_TEAM,11.7,Private_Vehicle,Tuesday,No,07:38,08:00,-21,On_Time
E0121,M,42,ICT_PROJECT,9.5,Public_Transport,Tuesday,No,07:52,08:00,-7,On_Time
E0148,F,51,ICT_PROJECT,20.8,Bike,Tuesday,No,07:57,08:00,-2,On_Time
E0046,F,54,ADMIN,24.3,Walking,Tuesday,No,07:50,08:00,-9,On_Time
E0063,F,26,ADMIN,22.7,Bike,Friday,No,07:58,08:00,-1,On_Time
E0121,F,26,HR_TEAM,28.8,Public_Transport,Friday,No,08:00,08:00,0,On_Time
E0166,M,50,HR_TEAM,25.0,Public_Transport,Wednesday,No,07:57,08:00,-2,On_Time
E0102,M,45,HR_TEAM,21.8,Bike,Thursday,No,07:53,08:00,-6,On_Time
E0032,M,31,PJOP_SURABAYA,23.0,Public_Transport,Tuesday,No,08:01,08:00,1,On_Time
E0094,F,43,ICT_PROJECT,27.5,Bike,Tuesday,No,08:04,08:00,4,On_Time
E0068,M,43,ADMIN,14.3,Bike,Tuesday,No,07:49,08:00,-10,On_Time
E0194,F,43,PJOP_SURABAYA,21.0,Walking,Thursday,No,08:14,08:00,14,Late
E0180,F,39,RND_CENTER,2.0,Private_Vehicle,Tuesday,No,07:59,08:00,0,On_Time
E0134,F,23,ICT_PROJECT,26.5,Walking,Wednesday,No,08:00,08:00,0,On_Time
E0079,M,41,HR_TEAM,21.7,Walking,Tuesday,No,08:07,08:00,7,Late
E0191,M,31,RND_CENTER,9.5,Bike,Wednesday,No,08:02,08:00,2,On_Time
E0164,M,23,ICT_PROJECT,17.9,Private_Vehicle,Friday,No,08:09,08:00,9,Late
E0004,F,45,RND_CENTER,22.6,Bike,Thursday,No,08:02,08:00,2,On_Time
E0159,M,44,ICT_PROJECT,18.0,Walking,Friday,No,07:53,08:00,-6,On_Time
E0096,F,53,ICT_PROJECT,26.3,Bike,Tuesday,No,08:03,08:00,3,On_Time
E0124,F,22,ADMIN,10.9,Walking,Tuesday,No,07:48,08:00,-11,On_Time
E0058,M,39,RND_CENTER,23.6,Public_Transport,Tuesday,No,08:01,08:00,1,On_Time
E0092,F,51,RND_CENTER,27.5,Public_Transport,Friday,No,07:59,08:00,0,On_Time
E0059,M,45,ADMIN,12.6,Public_Transport,Wednesday,No,07:57,08:00,-2,On_Time
E0130,M,39,RND_CENTER,28.9,Public_Transport,Monday,No,07:58,08:00,-1,On_Time
E0115,M,37,PJOP_SURABAYA,24.1,Private_Vehicle,Tuesday,No,07:41,08:00,-18,On_Time
E0059,F,33,ADMIN,29.4,Walking,Friday,No,07:54,08:00,-5,On_Time
E0072,M,34,ADMIN,27.3,Private_Vehicle,Friday,No,08:00,08:00,0,On_Time
E0078,M,35,ICT_PROJECT,8.1,Bike,Thursday,No,08:01,08:00,1,On_Time
E0026,M,42,ADMIN,6.7,Public_Transport,Thursday,No,07:49,08:00,-10,On_Time
E0022,F,34,ADMIN,16.7,Private_Vehicle,Friday,No,08:12,08:00,12,Late
E0125,F,22,RND_CENTER,13.5,Public_Transport,Thursday,No,07:51,08:00,-8,On_Time
E0200,M,51,ADMIN,8.3,Bike,Friday,No,08:09,08:00,9,Late
E0070,F,33,PJOP_SURABAYA,15.7,Walking,Wednesday,No,08:04,08:00,4,On_Time
E0068,M,43,PJOP_SURABAYA,20.7,Walking,Thursday,No,07:53,08:00,-6,On_Time
E0029,M,53,ADMIN,10.3,Bike,Thursday,No,08:17,08:00,17,Late
E0042,M,26,HR_TEAM,20.5,Public_Transport,Thursday,No,07:48,08:00,-11,On_Time
E0088,M,34,ADMIN,23.1,Private_Vehicle,Wednesday,No,08:09,08:00,9,Late
E0129,F,42,RND_CENTER,14.7,Walking,Friday,No,08:10,08:00,10,Late
E0054,M,42,ICT_PROJECT,6.6,Bike,Tuesday,No,07:53,08:00,-6,On_Time
E0041,M,42,RND_CENTER,29.5,Bike,Wednesday,No,08:13,08:00,13,Late
E0059,F,52,PJOP_SURABAYA,11.8,Walking,Wednesday,No,07:57,08:00,-2,On_Time
E0187,F,42,HR_TEAM,9.9,Bike,Thursday,No,08:02,08:00,2,On_Time
E0002,F,25,HR_TEAM,11.3,Private_Vehicle,Thursday,No,08:02,08:00,2,On_Time
E0197,F,23,ICT_PROJECT,7.0,Walking,Wednesday,No,07:58,08:00,-1,On_Time
E0096,M,42,HR_TEAM,23.9,Walking,Friday,No,08:08,08:00,8,Late
E0144,M,35,RND_CENTER,15.6,Walking,Monday,No,08:07,08:00,7,Late
E0020,M,32,PJOP_SURABAYA,22.0,Bike,Monday,No,07:42,08:00,-17,On_Time
E0200,F,53,ICT_PROJECT,9.1,Bike,Monday,No,08:13,08:00,13,Late
E0026,M,43,PJOP_SURABAYA,16.6,Bike,Wednesday,No,07:43,08:00,-16,On_Time
E0029,F,30,ADMIN,10.4,Bike,Tuesday,No,08:10,08:00,10,Late
E0039,F,34,RND_CENTER,3.6,Private_Vehicle,Wednesday,No,08:11,08:00,11,Late
E0147,F,55,PJOP_SURABAYA,21.0,Private_Vehicle,Monday,No,07:49,08:00,-10,On_Time
E0180,F,45,HR_TEAM,22.7,Private_Vehicle,Tuesday,No,07:55,08:00,-4,On_Time
E0083,F,36,HR_TEAM,11.5,Private_Vehicle,Wednesday,No,07:48,08:00,-11,On_Time
E0066,M,30,ADMIN,19.6,Bike,Thursday,No,07:57,08:00,-2,On_Time
E0125,M,55,ADMIN,27.5,Walking,Monday,No,07:56,08:00,-3,On_Time
E0145,F,24,RND_CENTER,26.3,Walking,Friday,No,08:07,08:00,7,Late
E0126,F,43,ADMIN,22.3,Public_Transport,Friday,No,08:13,08:00,13,Late
E0200,M,32,RND_CENTER,25.5,Public_Transport,Friday,No,08:13,08:00,13,Late
E0120,M,26,HR_TEAM,24.7,Bike,Thursday,No,07:54,08:00,-5,On_Time
E0190,M,43,ADMIN,6.3,Walking,Thursday,No,07:57,08:00,-2,On_Time
E0136,F,23,HR_TEAM,17.7,Public_Transport,Friday,No,07:43,08:00,-16,On_Time
E0100,M,22,ICT_PROJECT,10.3,Private_Vehicle,Wednesday,No,07:51,08:00,-8,On_Time
E0058,F,51,ICT_PROJECT,23.3,Walking,Friday,No,08:09,08:00,9,Late
E0040,M,31,ICT_PROJECT,9.9,Public_Transport,Monday,No,08:16,08:00,16,Late
E0137,M,30,RND_CENTER,11.1,Public_Transport,Wednesday,No,07:47,08:00,-12,On_Time
E0081,M,35,ICT_PROJECT,9.8,Bike,Wednesday,No,07:54,08:00,-5,On_Time
E0060,M,44,ADMIN,5.0,Bike,Monday,No,07:59,08:00,0,On_Time
E0097,M,50,ICT_PROJECT,12.0,Bike,Thursday,No,08:02,08:00,2,On_Time
E0103,M,35,HR_TEAM,18.1,Public_Transport,Monday,No,07:51,08:00,-8,On_Time
E0045,M,32,ICT_PROJECT,4.5,Bike,Friday,No,08:04,08:00,4,On_Time
E0092,F,48,ICT_PROJECT,7.1,Public_Transport,Friday,No,07:55,08:00,-4,On_Time
E0093,F,38,RND_CENTER,4.2,Bike,Monday,No,07:59,08:00,0,On_Time
E0002,F,48,HR_TEAM,28.9,Public_Transport,Wednesday,No,08:05,08:00,5,On_Time
E0093,F,26,HR_TEAM,28.4,Walking,Tuesday,No,08:00,08:00,0,On_Time
E0180,M,46,HR_TEAM,1.5,Walking,Wednesday,No,07:55,08:00,-4,On_Time
E0012,M,37,ICT_PROJECT,17.4,Private_Vehicle,Friday,No,07:58,08:00,-1,On_Time
E0040,M,52,ADMIN,2.8,Private_Vehicle,Wednesday,No,07:59,08:00,0,On_Time
E0096,F,32,HR_TEAM,6.0,Private_Vehicle,Tuesday,No,07:56,08:00,-3,On_Time
E0094,M,32,ADMIN,15.4,Walking,Thursday,No,07:57,08:00,-2,On_Time
E0161,F,38,RND_CENTER,10.3,Public_Transport,Wednesday,No,08:15,08:00,15,Late
E0008,F,24,ICT_PROJECT,27.5,Public_Transport,Friday,No,08:05,08:00,5,On_Time
E0097,M,32,ADMIN,1.4,Private_Vehicle,Monday,No,07:57,08:00,-2,On_Time
E0108,M,29,HR_TEAM,14.5,Bike,Friday,No,08:06,08:00,6,Late
E0113,M,22,PJOP_SURABAYA,14.8,Walking,Tuesday,No,07:56,08:00,-3,On_Time
E0083,F,28,HR_TEAM,15.3,Private_Vehicle,Tuesday,No,08:11,08:00,11,Late
E0057,M,31,ICT_PROJECT,20.1,Public_Transport,Thursday,No,08:03,08:00,3,On_Time
E0073,M,37,ICT_PROJECT,8.3,Walking,Wednesday,No,07:58,08:00,-1,On_Time
E0182,F,55,RND_CENTER,17.7,Walking,Tuesday,No,08:04,08:00,4,On_Time
E0084,F,45,ICT_PROJECT,17.8,Public_Transport,Thursday,No,07:44,08:00,-15,On_Time
E0162,M,34,ICT_PROJECT,1.4,Public_Transport,Tuesday,No,07:48,08:00,-11,On_Time
E0042,F,42,ADMIN,17.6,Bike,Wednesday,No,07:48,08:00,-11,On_Time
E0049,F,50,ICT_PROJECT,14.1,Walking,Friday,No,08:01,08:00,1,On_Time
E0113,M,39,RND_CENTER,27.8,Walking,Tuesday,No,08:17,08:00,17,Late
E0066,F,53,RND_CENTER,14.2,Public_Transport,Wednesday,No,08:22,08:00,22,Late
E0196,F,26,PJOP_SURABAYA,13.4,Public_Transport,Friday,No,08:06,08:00,6,Late
E0033,M,36,HR_TEAM,25.1,Public_Transport,Friday,No,08:05,08:00,5,On_Time
E0183,F,30,PJOP_SURABAYA,9.9,Bike,Friday,No,07:41,08:00,-18,On_Time
E0022,M,47,RND_CENTER,6.7,Private_Vehicle,Monday,No,07:54,08:00,-5,On_Time
E0051,F,55,RND_CENTER,23.6,Public_Transport,Friday,No,07:52,08:00,-7,On_Time
E0093,M,55,ICT_PROJECT,11.9,Public_Transport,Tuesday,No,07:53,08:00,-6,On_Time
E0163,M,31,RND_CENTER,28.3,Bike,Tuesday,No,07:58,08:00,-1,On_Time
E0072,M,47,PJOP_SURABAYA,12.3,Bike,Thursday,No,07:55,08:00,-4,On_Time
E0120,F,30,PJOP_SURABAYA,1.0,Walking,Friday,No,07:40,08:00,-19,On_Time
E0172,F,35,RND_CENTER,18.2,Public_Transport,Monday,No,08:07,08:00,7,Late
E0194,F,30,ICT_PROJECT,14.9,Private_Vehicle,Tuesday,No,07:49,08:00,-10,On_Time
E0101,M,48,HR_TEAM,18.2,Private_Vehicle,Wednesday,No,08:02,08:00,2,On_Time
E0019,M,39,ICT_PROJECT,26.9,Public_Transport,Friday,No,08:20,08:00,20,Late
E0173,M,35,HR_TEAM,5.1,Walking,Wednesday,No,07:50,08:00,-9,On_Time
E0003,M,55,PJOP_SURABAYA,16.2,Bike,Tuesday,No,07:34,08:00,-25,On_Time
E0170,F,41,ADMIN,16.7,Bike,Tuesday,No,07:57,08:00,-2,On_Time
E0019,F,39,ADMIN,12.1,Walking,Monday,No,08:11,08:00,11,Late
E0161,F,49,RND_CENTER,5.9,Bike,Wednesday,No,08:19,08:00,19,Late
E0058,M,27,RND_CENTER,28.8,Walking,Tuesday,No,07:47,08:00,-12,On_Time
E0171,F,49,HR_TEAM,2.6,Public_Transport,Wednesday,No,08:04,08:00,4,On_Time
E0186,F,38,RND_CENTER,10.5,Walking,Wednesday,No,07:55,08:00,-4,On_Time
E0022,M,28,HR_TEAM,8.0,Bike,Tuesday,No,07:58,08:00,-1,On_Time
E0152,F,39,ADMIN,29.9,Bike,Friday,No,08:26,08:00,26,Late
E0156,F,55,HR_TEAM,2.2,Public_Transport,Friday,No,07:44,08:00,-15,On_Time
E0165,M,28,ADMIN,29.0,Private_Vehicle,Wednesday,No,08:02,08:00,2,On_Time
E0149,F,47,ADMIN,11.1,Bike,Thursday,No,08:04,08:00,4,On_Time
E0147,M,47,HR_TEAM,20.4,Public_Transport,Tuesday,No,08:10,08:00,10,Late
E0146,M,23,PJOP_SURABAYA,3.9,Bike,Monday,No,08:00,08:00,0,On_Time
E0187,F,38,PJOP_SURABAYA,24.7,Walking,Wednesday,No,08:03,08:00,3,On_Time
E0064,F,50,ADMIN,10.4,Walking,Tuesday,No,07:56,08:00,-3,On_Time
E0054,F,47,PJOP_SURABAYA,23.6,Private_Vehicle,Thursday,No,08:02,08:00,2,On_Time
E0023,F,44,RND_CENTER,16.6,Private_Vehicle,Wednesday,No,07:56,08:00,-3,On_Time
E0079,M,27,HR_TEAM,10.1,Bike,Tuesday,No,08:06,08:00,6,Late
E0194,F,34,PJOP_SURABAYA,25.8,Bike,Wednesday,No,07:56,08:00,-3,On_Time
E0087,F,45,ICT_PROJECT,28.8,Walking,Monday,No,08:03,08:00,3,On_Time
E0029,M,41,RND_CENTER,21.3,Walking,Friday,No,07:59,08:00,0,On_Time
E0138,M,47,RND_CENTER,21.2,Private_Vehicle,Monday,No,08:11,08:00,11,Late
E0024,F,38,ICT_PROJECT,21.8,Walking,Thursday,No,07:59,08:00,0,On_Time
E0035,F,28,PJOP_SURABAYA,18.8,Public_Transport,Wednesday,No,07:42,08:00,-17,On_Time
E0058,F,24,ICT_PROJECT,16.9,Walking,Monday,No,08:12,08:00,12,Late
E0127,M,36,ICT_PROJECT,26.4,Bike,Tuesday,No,07:50,08:00,-9,On_Time
E0038,M,40,ICT_PROJECT,29.0,Bike,Thursday,No,07:53,08:00,-6,On_Time
E0107,M,48,ICT_PROJECT,25.6,Bike,Friday,No,07:54,08:00,-5,On_Time
E0100,F,45,PJOP_SURABAYA,13.5,Walking,Tuesday,No,08:13,08:00,13,Late
E0082,F,26,ICT_PROJECT,10.3,Private_Vehicle,Friday,No,07:38,08:00,-21,On_Time
E0149,M,28,RND_CENTER,21.5,Walking,Monday,No,08:31,08:00,31,Late
E0155,M,44,RND_CENTER,24.8,Private_Vehicle,Thursday,No,08:10,08:00,10,Late
E0069,M,51,RND_CENTER,13.7,Bike,Monday,No,08:02,08:00,2,On_Time
E0044,M,50,RND_CENTER,19.9,Walking,Thursday,No,07:59,08:00,0,On_Time
E0181,M,26,PJOP_SURABAYA,2.9,Walking,Friday,No,08:02,08:00,2,On_Time
E0065,M,53,HR_TEAM,21.4,Private_Vehicle,Thursday,No,08:05,08:00,5,On_Time
E0056,F,41,RND_CENTER,21.2,Walking,Wednesday,No,08:06,08:00,6,Late
E0060,F,31,RND_CENTER,29.4,Walking,Monday,No,08:05,08:00,5,On_Time
E0157,M,44,RND_CENTER,4.5,Public_Transport,Friday,No,08:00,08:00,0,On_Time
E0017,F,32,ICT_PROJECT,8.2,Private_Vehicle,Tuesday,No,07:58,08:00,-1,On_Time
E0008,F,29,PJOP_SURABAYA,3.6,Bike,Friday,No,07:58,08:00,-1,On_Time
E0180,F,48,HR_TEAM,21.2,Private_Vehicle,Wednesday,No,07:58,08:00,-1,On_Time
E0047,M,41,PJOP_SURABAYA,6.1,Bike,Wednesday,No,08:11,08:00,11,Late
E0128,M,33,PJOP_SURABAYA,12.6,Private_Vehicle,Wednesday,No,08:05,08:00,5,On_Time
E0166,M,43,HR_TEAM,22.8,Walking,Monday,No,07:30,08:00,-29,On_Time
E0156,M,25,PJOP_SURABAYA,3.8,Public_Transport,Friday,No,08:06,08:00,6,Late
E0004,M,42,HR_TEAM,9.9,Walking,Monday,No,08:01,08:00,1,On_Time
E0045,M,53,ICT_PROJECT,16.5,Walking,Monday,No,07:59,08:00,0,On_Time
E0175,M,45,RND_CENTER,6.1,Bike,Tuesday,No,07:56,08:00,-3,On_Time
E0130,M,50,ADMIN,19.0,Public_Transport,Wednesday,No,08:11,08:00,11,Late
E0075,M,44,ICT_PROJECT,18.1,Private_Vehicle,Monday,No,08:09,08:00,9,Late
E0128,M,31,RND_CENTER,27.7,Bike,Friday,No,07:52,08:00,-7,On_Time
E0100,F,29,RND_CENTER,2.9,Private_Vehicle,Wednesday,No,08:04,08:00,4,On_Time
E0037,M,53,ICT_PROJECT,24.0,Public_Transport,Wednesday,No,07:50,08:00,-9,On_Time
E0016,F,28,RND_CENTER,3.6,Walking,Friday,No,07:46,08:00,-13,On_Time
E0145,F,34,PJOP_SURABAYA,10.3,Bike,Tuesday,No,07:53,08:00,-6,On_Time
E0075,F,47,HR_TEAM,11.9,Bike,Monday,No,08:08,08:00,8,Late
E0126,M,42,RND_CENTER,15.0,Bike,Wednesday,No,08:09,08:00,9,Late
E0128,F,25,RND_CENTER,25.1,Private_Vehicle,Monday,No,08:05,08:00,5,On_Time
E0079,M,42,ADMIN,16.5,Public_Transport,Wednesday,No,08:07,08:00,7,Late
E0099,M,44,RND_CENTER,2.5,Bike,Friday,No,08:05,08:00,5,On_Time
E0135,M,54,PJOP_SURABAYA,20.8,Public_Transport,Tuesday,No,07:53,08:00,-6,On_Time
E0026,F,33,ICT_PROJECT,21.7,Public_Transport,Tuesday,No,08:04,08:00,4,On_Time
E0127,M,22,ADMIN,27.7,Private_Vehicle,Monday,No,08:08,08:00,8,Late
E0075,M,37,PJOP_SURABAYA,29.5,Bike,Tuesday,No,08:07,08:00,7,Late
E0096,F,24,ICT_PROJECT,5.1,Private_Vehicle,Friday,No,08:11,08:00,11,Late
E0172,F,49,RND_CENTER,21.6,Walking,Tuesday,No,08:07,08:00,7,Late
E0168,F,48,ADMIN,13.1,Bike,Thursday,No,08:03,08:00,3,On_Time
E0072,M,53,PJOP_SURABAYA,18.4,Bike,Monday,No,08:10,08:00,10,Late
E0179,F,30,ICT_PROJECT,3.0,Public_Transport,Monday,No,07:59,08:00,0,On_Time
E0041,F,26,ICT_PROJECT,16.6,Private_Vehicle,Wednesday,No,07:51,08:00,-8,On_Time
E0175,F,40,RND_CENTER,9.3,Walking,Monday,No,07:58,08:00,-1,On_Time
E0195,M,47,ICT_PROJECT,28.6,Bike,Tuesday,No,07:52,08:00,-7,On_Time
